date,asset_1,asset_2,asset_3,asset_4,asset_5,asset_6,asset_7,asset_8,asset_9,asset_10,asset_11,asset_12,asset_13,asset_14,asset_15,asset_16,asset_17,asset_18,asset_19,asset_20,asset_21,asset_22,asset_23,asset_24,asset_25,asset_26,asset_27,asset_28,asset_29,asset_30,asset_31,asset_32,asset_33,asset_34,asset_35,asset_36,asset_37,asset_38,asset_39,asset_40,asset_41,asset_42,asset_43,asset_44,asset_45,asset_46,asset_47,asset_48,asset_49,asset_50
2000-01-31,0.035385,-0.049284,0.003211,0.402651,0.053383,-0.022091,0.031187,-0.048746,-0.099179,-0.060265,0.029307,0.035579,0.026244,0.14032,0.048199,0.005389,-0.025858,0.041286,0.007897,0.097478,-0.022727,-0.026131,-0.114292,-0.054445,-0.024481,-0.091184,0.001995,-0.059157,-0.024958,0.000966,0.005521,0.093651,0.145008,-0.030004,-0.023122,0.075795,-0.050518,-0.02405,0.110264,-0.117554,-0.011645,-0.081297,-0.015641,-0.028206,-0.089088,-0.0305,0.170332,0.067358,-0.031782,-0.087891
2000-02-29,0.116676,-0.054142,0.048664,0.109241,-0.081757,0.027947,-0.036098,-0.030099,-0.005582,0.096819,0.068476,0.023111,-0.025573,-0.021774,0.146406,-0.007263,-0.0375,-0.036101,-0.012141,0.015528,0.012336,-0.017964,-0.142085,-0.023858,0.024741,-0.05232,0.015099,-0.026701,-0.050584,-0.002116,-0.026024,-0.013287,0.127509,-0.017772,0.0389,-0.022727,-0.051842,0.121026,-0.029387,-0.10081,0.000899,0.159993,-0.073569,-0.014359,0.08454,0.001226,0.031642,-0.057039,0.006307,-0.003739
2000-03-31,0.04092,-0.024324,0.094913,0.024594,-0.033123,-0.053694,0.012548,0.065641,0.044499,0.008602,-0.085174,0.026163,-0.005208,-0.006667,-0.09728,0.000637,-0.012044,0.108049,0.014047,0.053211,0.029137,-0.008228,0.182329,0.092778,0.015992,0.025622,0.033702,-0.042478,-0.012303,-0.001302,0.010637,0.067513,-0.109867,0.00015,0.019406,0.053571,0.027338,-0.018357,0.14232,0.032869,-0.01664,-0.052034,0.008772,-0.006156,-0.006555,0.012946,0.063707,0.19305,0.039136,0.074071
2000-04-30,-0.008399,-0.070235,-0.029414,0.065981,-0.048753,-0.023818,-0.076263,-0.056354,-0.032734,0.027868,0.064156,-0.112761,-0.054101,-0.041794,-0.040858,0.008338,-0.039047,0.047848,0.004348,-0.002904,-0.013777,-0.049598,0.044027,-0.034854,0.002904,0.041142,-0.013839,-0.001848,-0.016789,-0.020875,-0.01931,-0.034829,0.014308,-0.036414,-0.023465,-0.051907,-0.065826,-0.018935,-0.065196,-0.081003,-0.000102,-0.034441,-0.01864,-0.057019,-0.002199,-0.036764,0.066209,-0.020496,0.008941,0.004197
2000-05-31,-0.086259,-0.012055,0.001603,0.101065,-0.016731,-0.010926,0.078508,-0.00163,-0.002667,-0.003296,0.125608,-0.097245,0.079858,0.122382,0.213525,0.006903,-0.022497,-0.108938,-0.021651,0.029121,0.011541,0.015508,0.137055,-0.026157,0.002689,-0.037212,-0.007443,-0.010185,-0.010025,-0.011418,-0.044981,-0.040332,0.122366,0.012012,0.014446,-0.030172,0.088456,-0.044364,0.143005,-0.05102,-0.017302,-0.075083,0.023244,-0.001674,-0.005945,-0.008737,0.43166,-0.107379,0.009413,0.045686
2000-06-30,-0.079266,0.036544,0.107269,0.163273,0.069866,0.060768,-0.055505,0.011923,-0.01175,0.007152,0.135379,0.066125,-0.007395,-0.187739,0.148311,0.003868,0.051875,0.029155,-0.007809,-0.055461,0.003631,0.031505,0.125903,0.01945,-0.003735,0.010162,0.020215,0.025257,0.013688,0.010036,0.012277,-0.077298,0.208056,0.03902,0.016246,-0.166666,-0.026171,-0.036048,0.021184,-0.087634,0.00962,-0.018491,0.001223,0.04806,0.025466,0.025202,0.021005,-0.048735,0.021077,-0.001605
2000-07-31,-0.039926,0.069797,0.022727,-0.064245,-0.011932,-0.050424,-0.092166,-0.040149,-0.002521,0.009593,-0.055181,-0.088419,-0.08871,0.090692,-0.09935,-0.000679,-0.036141,-0.025714,0.0,-0.103655,0.001526,-0.03531,0.226422,-0.020841,-0.007443,0.007831,0.007767,-0.035584,-0.008892,-0.00356,-0.011341,-0.076128,-0.123214,-0.028788,-0.004758,-0.079183,-0.01273,0.046331,0.071277,-0.011436,0.011607,0.000971,0.06129,-0.035095,-0.014,-0.046009,-0.161882,-0.001946,-0.016672,0.031369
2000-08-31,0.114176,-0.028669,0.067162,0.300994,0.006717,-0.002134,0.018274,0.021287,0.054727,0.0116,0.318503,0.061709,0.036283,0.060227,0.288078,-0.003129,-0.002555,-0.078766,-0.026525,0.141711,-0.002588,-0.042432,0.015338,0.056182,-0.012145,0.021834,0.018085,0.035005,-0.006868,0.006808,-0.029101,0.113053,0.207434,-0.045197,0.019738,0.019417,-0.097421,-0.001651,-0.0048,-0.138229,-0.000502,0.030578,0.012007,-0.023886,0.03655,-0.030499,0.260268,0.026641,0.00114,0.021851
2000-09-30,0.001742,0.080159,-0.100284,-0.063832,0.001736,-0.021473,-0.012115,-0.018203,-0.06159,-0.054874,-0.058115,-0.067981,0.036437,-0.01767,-0.06917,-0.010219,-0.062878,0.102506,0.03136,0.002927,0.005089,-0.008935,-0.074765,-0.057966,0.009455,-0.023351,-0.008998,-0.011883,-0.019295,-0.020577,0.015642,-0.028717,-0.017049,0.00541,-0.00712,0.006362,0.003175,-0.064752,-0.034259,0.041405,0.003708,0.002638,0.028498,-0.000182,-0.044514,-0.022584,0.057605,-0.023418,0.005641,-0.047668
2000-10-31,-0.132187,-0.016218,-0.087915,0.01664,-0.068937,-0.037915,-0.038679,-0.016132,0.020929,0.017777,-0.007051,-0.08002,-0.045312,0.007037,0.064756,0.006909,-0.043347,-0.055813,0.028298,-0.009924,0.000446,-0.04098,0.047551,-0.009424,0.003532,-0.061686,0.010001,-0.031452,-0.034346,-0.015544,-0.018388,-0.062691,0.086124,-0.041522,-0.006884,0.041719,-0.052215,0.03637,0.024281,-0.103615,0.002245,-0.045529,-0.078225,-0.023386,0.027801,-0.040843,-0.154866,-0.040181,0.004743,0.016709
2000-11-30,0.029985,-0.070526,-0.072879,0.125665,0.012101,0.013901,0.004907,-0.019745,-0.053081,-0.080604,0.104232,0.008995,0.011457,0.035888,0.059156,0.009097,0.014373,0.063995,-0.006881,0.142689,0.016662,0.025534,-0.015155,-0.08446,0.02731,-0.02538,0.027516,0.016237,-0.021788,-0.006904,-0.024337,0.076024,0.04669,0.032775,0.028835,0.013349,-0.068447,-0.101629,0.045898,-0.096774,0.003621,-0.118489,-0.008841,0.003651,-0.048483,-0.003405,0.422326,0.010804,0.010553,-0.002614
2000-12-31,-0.032854,0.0,0.000226,-0.113344,0.037953,0.001087,0.021005,-0.034987,0.00189,-0.000696,-0.168767,-0.061943,0.020093,-0.088808,-0.256354,0.014089,0.056343,0.002648,0.052332,0.008256,0.017711,0.076976,0.046164,-0.000255,-0.000315,-0.030377,0.023979,-0.034774,-0.025765,0.022383,0.052958,-0.012842,-0.168786,0.068096,0.009939,0.051021,0.039427,0.003636,-0.00434,-0.085773,0.016854,-0.01894,-0.002952,0.051993,-0.0204,0.060384,0.594088,-0.029392,0.021142,0.017822
2001-01-31,0.012327,0.086476,0.02924,-0.117408,0.055953,-0.029231,-0.023256,-0.023012,0.014513,0.005675,-0.101891,0.00725,-0.035606,-0.014772,0.146835,0.013796,-0.012017,-0.035636,-0.004816,-0.154043,0.007437,-0.010934,-0.024468,0.030628,0.009592,0.008448,-0.002674,0.012658,0.038804,-0.000353,-0.022506,-0.098582,0.155131,-0.017105,-0.003743,-0.098166,0.346552,0.046539,-0.036164,-0.027461,0.017708,0.116019,0.002961,-0.001431,-0.005486,-0.012218,-0.401225,0.033035,0.004258,-0.019685
2001-02-28,-0.05968,0.009738,-0.135634,-0.034499,-0.041069,-0.000753,-0.029304,-0.012509,-0.062145,-0.109834,0.028067,-0.070713,-0.021995,-0.14276,-0.0195,0.011774,-0.045312,0.098863,0.059225,-0.058076,0.006607,-0.011704,-0.067386,-0.095791,-0.004283,-0.015234,0.016599,-0.003846,-0.071259,-0.01918,-0.012699,-0.013054,-0.051865,-0.020019,0.005715,0.026316,0.108835,-0.086439,-0.026633,0.002354,0.002341,-0.056227,-0.041977,-0.010604,-0.069743,-0.03221,-0.10035,0.05463,0.003959,-0.043133
2001-03-31,-0.084308,-0.067154,-0.065911,0.067134,-0.055884,-0.036964,-0.078591,-0.067972,-0.05137,-0.039995,-0.025274,0.008583,-0.062209,-0.153241,-0.064165,0.023839,-0.068254,0.026672,-0.037174,-0.057803,0.001898,-0.039108,-0.13792,-0.06748,-0.001793,-0.046579,-0.003771,-0.023166,-0.048674,-0.027899,-0.014017,-0.059794,-0.046089,-0.031118,-0.005895,-0.086517,-0.056582,-0.067203,-0.010669,-0.084977,0.011406,-0.035696,-0.063735,-0.016423,-0.068209,-0.047817,-0.052442,0.001895,0.011856,-0.074615
2001-04-30,0.127038,-0.032356,0.029748,0.055659,0.048708,0.020069,0.069608,0.009748,0.062749,0.087586,0.121256,0.075446,0.097844,-0.019741,0.109463,-0.014695,0.046078,-0.020651,-0.014104,0.066121,-0.03136,0.00265,0.225847,0.073864,-0.033061,-0.033839,-0.031441,0.008893,0.00579,0.02466,0.006797,0.013423,0.070766,-0.006554,-0.035787,-0.01968,-0.058752,0.078019,0.066794,0.025705,-0.002266,0.054526,0.003279,0.00135,0.062695,0.003831,-0.074939,-0.059269,-0.016518,0.026178
2001-05-31,0.082362,-0.025684,0.023475,0.035062,-0.03698,0.003395,-0.05737,0.035558,-0.03493,-0.02942,-0.003215,-0.047284,-0.047829,-0.113995,0.049151,0.008797,-0.007246,0.018497,0.041525,0.059463,-0.016867,-0.043555,0.005873,0.002624,-0.00934,-0.047964,-0.004459,-0.03526,0.011914,-0.005899,-0.006295,0.02968,-0.011737,-0.034064,-0.001764,-0.071084,-0.050715,-0.020303,-0.034893,-0.113267,-0.008998,-0.033492,-0.025099,-0.024273,-0.009557,-0.04633,-0.182102,0.02815,-0.031206,0.023193
2001-06-30,-0.138199,-0.053304,-0.055961,-0.083509,-0.033528,0.016479,-0.075843,-0.050569,-0.030845,-0.042084,-0.018423,-0.033627,-0.094281,0.045739,-0.071306,0.012345,0.003139,0.092342,-0.006382,0.057333,0.013992,-0.000736,0.121603,-0.027245,-0.006847,-0.050756,0.002232,-0.064975,-0.026723,0.019182,-0.00911,0.06984,-0.074023,-0.002576,-0.00562,-0.020752,0.039726,-0.017518,-0.059132,-0.018371,0.008422,-0.06807,-0.069973,0.005816,-0.022462,-0.010923,-0.234028,0.014342,-0.009602,-0.035673
2001-07-31,-0.062326,0.108248,-0.00246,-0.02923,-0.046416,-0.018788,0.079457,-0.004571,-0.020979,-0.024549,-0.032925,-0.081228,0.013212,0.004799,-0.067878,-0.011075,-0.00065,0.024259,-0.028714,0.019406,0.014952,0.034191,-0.152763,-0.012831,0.021784,-0.046341,0.037296,-0.099891,-0.022835,-0.006523,0.014421,0.081182,-0.009837,0.040054,0.023122,0.108999,-0.006588,-0.03704,-0.135392,-0.111966,0.000998,-0.040761,-0.043443,0.024633,-0.04651,0.024678,0.055601,0.206941,-0.002124,-0.055083
2001-08-31,-0.041557,-0.047844,-0.036055,0.093148,-0.005446,0.026863,-0.001795,0.045882,-0.034413,-0.082682,0.055806,-0.098563,-0.025265,-0.094515,0.066454,-0.000351,0.038008,-0.031991,-0.01015,-0.052632,0.01306,0.038952,-0.002503,-0.065992,0.012684,-0.028964,0.015352,-0.062726,-0.015718,-0.01356,0.019018,-0.063931,0.078219,0.03448,0.027995,0.001142,-0.03183,-0.117432,-0.083074,-0.027911,0.010683,-0.021828,-0.005864,0.033818,-0.044334,0.017537,-0.271275,-0.116081,0.026546,-0.045534
2001-09-30,-0.115545,-0.051331,-0.074977,-0.141549,-0.057421,0.062889,-0.063149,-0.004,-0.087,-0.132829,-0.085907,-0.095545,-0.064,-0.117031,-0.127612,-0.001229,-0.060841,0.00601,-0.094666,-0.046099,-0.000887,0.003202,-0.153004,-0.083023,-0.004872,-0.067465,0.016414,-0.052767,0.110514,-0.018383,0.014251,-0.071502,-0.143107,0.032317,-0.003551,-0.076426,0.135616,-0.178224,-0.05051,-0.111317,0.001024,-0.12539,-0.050939,0.002525,-0.135792,-0.019887,-0.234163,-0.075301,-0.008722,-0.098826
2001-10-31,-0.081562,0.031898,-0.003749,-0.107473,-0.046704,-0.045925,0.083103,-0.028941,0.024307,0.062012,-0.111247,0.075696,0.030769,-0.142764,-0.110351,0.003167,0.024111,-0.057914,0.01114,-0.003717,0.037555,-0.010059,0.01661,0.017266,0.036736,-0.041821,0.036148,0.040761,-0.096208,-0.003675,-0.008819,-0.050413,-0.116238,-0.010356,0.049816,-0.041959,-0.056695,0.061928,0.003578,-0.091095,0.019398,0.066003,-0.041416,0.0025,0.011765,0.004133,0.406403,0.021498,0.010594,0.020921
2001-11-30,0.179307,0.038989,0.08469,-0.127954,0.145297,-0.023521,-0.040068,-0.007716,0.032595,0.025287,-0.1238,0.026925,-0.05058,0.247482,-0.041346,0.004643,0.032518,-0.025653,-0.012487,-0.02301,-0.012316,-0.004725,0.139451,0.074584,-0.010225,0.03541,-0.048433,0.083551,-0.023092,0.009913,-0.017838,0.017743,-0.117511,-0.008562,-0.028614,0.0146,0.332481,0.088565,0.079629,-0.029612,0.003198,0.067521,0.155204,-0.00169,0.060291,-0.003309,-0.304248,0.061224,0.021865,0.02459
2001-12-31,0.079133,-0.001499,0.025476,0.008798,-0.08393,0.014923,-0.001727,-0.062235,0.000262,0.033552,0.028954,-0.018746,-0.033191,-0.093714,-0.002006,0.001192,-0.013946,0.032579,0.00748,-0.056015,-0.031338,-0.004394,-0.037746,0.007199,-0.036368,-0.026699,-0.021175,-0.072289,0.103776,-0.015198,0.022216,-0.052869,0.008028,-0.008107,-0.010296,-0.052155,-0.021113,0.033346,0.068912,0.0,-0.030675,-0.001532,-0.099725,0.000139,0.02907,0.02011,-0.071752,-0.082332,-0.025502,0.024709
2002-01-31,0.059326,-0.013081,-0.008789,-0.054949,0.023896,0.011101,-0.010381,-0.02182,-0.015727,-0.0378,-0.050194,-0.0506,0.005281,-0.003089,-0.019598,-0.006273,-0.008065,-0.014022,0.043143,0.010789,0.005834,-0.031909,-0.136689,-0.015857,0.021315,-0.005113,0.010421,0.001299,-0.079525,0.004062,-0.027136,0.018949,-0.051247,-0.030235,-0.002575,-0.014354,0.02549,-0.010408,-0.070443,-0.02381,-0.000287,-0.03252,0.113043,-0.010704,-0.012565,-0.01235,-0.192643,-0.008513,-0.001574,-0.0314
2002-02-28,0.021014,-0.014696,-0.005483,0.058691,0.006677,0.050197,-0.06556,-0.001778,-0.005663,-0.003109,0.049733,0.067437,-0.030647,-0.050167,0.100461,-0.007107,0.020642,-0.00903,-0.017542,0.031354,0.002819,0.005954,-0.061112,-0.021033,-0.010074,0.014637,0.01396,-0.001297,0.064832,-0.008732,0.002403,0.012783,0.108394,0.004195,0.011729,-0.026698,0.090822,-0.014509,0.1345,-0.007762,-0.008818,0.008024,-0.026589,0.025408,-0.015791,0.01842,0.101971,0.007926,-0.007399,0.018938
2002-03-31,0.115142,-0.004592,0.024302,0.170438,-0.004834,0.018513,0.032609,0.008141,0.031951,0.045964,0.17493,0.049038,0.021127,0.063551,0.184909,0.009541,0.036009,-0.140433,-0.050877,0.0511,-0.024853,0.009854,0.042234,0.036439,-0.030313,0.028609,-0.042633,0.051948,0.029443,0.005892,0.008591,0.081769,0.207771,0.013325,-0.034821,-0.024097,0.030675,0.056424,0.054688,0.235421,-0.010097,0.011709,0.059691,0.01301,0.070752,0.011966,0.433328,0.078637,-0.023483,0.05091
2002-04-30,0.04858,-0.055852,-0.02908,0.023312,-0.011823,0.018114,-0.081579,0.030652,-0.02065,-0.045604,0.029575,0.036061,-0.055173,-0.126047,0.048349,0.006406,0.00828,-0.246593,-0.03306,-0.011692,0.013212,0.034194,-0.042239,-0.061634,0.009044,-0.03358,0.036736,0.023457,-0.025366,0.016627,0.025206,-0.029398,0.03217,0.037769,0.01494,-0.044445,0.030612,-0.062175,-0.041481,-0.113638,0.014032,-0.012397,-0.040606,0.054801,-0.03381,0.009966,0.137785,-0.023086,-0.003919,-0.012659
2002-05-31,-0.019214,-0.040496,-0.011511,-0.089895,-0.004865,0.055951,0.050232,0.032944,-0.019948,-0.039512,-0.082954,0.022501,0.035336,0.128674,-0.08174,0.004003,0.05659,-0.101826,-0.049507,0.040473,-0.001944,0.038192,0.100747,-0.00929,-0.006331,-0.055627,0.008966,0.032569,0.106892,0.027736,0.00594,0.089985,-0.041072,0.033725,0.015732,0.067332,0.058581,-0.049502,0.068393,-0.017974,0.010802,-0.025569,0.033828,0.053443,-0.046948,0.057327,-0.172863,0.162313,0.00099,0.006258
2002-06-30,0.036108,-0.001104,-0.065177,0.060049,-0.010809,-0.041521,0.087688,0.033789,-0.082818,-0.08268,0.05348,-0.100287,0.100682,0.185716,0.017967,0.005145,-0.005809,0.057563,0.042657,0.054458,0.020739,0.058516,0.001718,-0.072564,0.024858,0.044236,0.021049,0.036215,-0.041387,0.005313,0.043692,0.054542,0.044071,0.05216,0.006293,0.053738,0.019486,-0.088808,-0.039602,-0.104047,0.009829,-0.132505,0.004586,0.072072,-0.096941,0.061961,-0.013859,-0.023542,0.017471,-0.096846
2002-07-31,-0.084278,-0.063209,-0.075628,-0.005723,-0.05631,-0.034086,0.067093,-0.000733,-0.091444,-0.126476,0.027703,-0.066115,0.1453,-0.021067,-0.006017,0.00673,-0.02781,0.108081,0.022818,-0.007946,0.010517,-0.00595,0.169375,-0.079004,0.005518,-0.067991,0.035703,-0.13416,-0.052935,-0.03933,0.026683,0.073287,0.002242,0.003752,0.014134,0.061159,0.085627,-0.158769,-0.021465,-0.041964,0.020519,-0.086222,-0.120728,-0.010684,-0.171973,-0.03134,-0.067426,0.107397,0.016274,-0.124516
2002-08-31,0.013258,0.014376,0.000563,0.090344,-0.009362,0.028261,0.084581,0.008459,0.002948,-0.015037,0.085386,-0.031374,0.147897,-0.048777,0.077885,0.007151,0.014867,-0.259593,-0.008113,0.030892,0.028714,0.001675,0.031038,0.004865,0.027695,0.001623,0.03816,0.013021,-0.035016,0.016449,-0.008048,0.009025,0.122532,-0.013414,0.026112,0.049546,0.125352,0.000805,0.033481,0.100428,0.004964,0.020479,0.008815,0.01617,0.029241,0.015169,0.078069,0.021277,0.023479,0.008469
2002-09-30,-0.036986,-0.084061,-0.071478,0.05016,-0.014013,0.035479,0.071622,-0.027551,-0.130261,-0.182074,0.056758,-0.023095,0.143115,-0.050604,0.033321,0.012888,-0.011137,0.302025,0.002976,-0.026637,0.023108,0.009024,0.152164,-0.109866,0.02262,-0.038728,0.047204,0.083548,0.017801,-0.015584,0.018405,0.001837,0.042561,0.017723,0.016228,-0.061568,0.094493,-0.24779,0.061255,0.024435,0.029431,-0.160012,-0.042422,0.020814,-0.209919,0.014478,0.189928,-0.043605,0.016776,-0.099567
2002-10-31,0.170815,0.063629,0.017071,-0.079103,0.045329,-0.020904,0.014502,-0.007967,0.08675,0.133803,-0.098683,-0.075249,-0.024724,0.041209,-0.083333,0.006971,0.024155,0.063505,0.03646,-0.041619,-0.018811,0.00346,0.142857,0.086511,-0.016985,0.045871,-0.023091,0.003559,-0.009417,0.014091,-0.0033,0.035733,-0.110886,-0.003055,-0.011417,-0.015904,-0.120069,0.128897,0.01,0.210091,0.006978,0.131904,0.076575,0.001372,0.163999,0.014363,-0.027471,0.106383,-0.007775,0.044657
2002-11-30,0.001203,0.063307,0.05943,0.010806,0.030484,-0.005016,-0.072716,-0.001432,0.035402,0.05383,0.012423,0.066251,-0.066343,0.027026,-0.029644,0.012415,0.014126,0.079418,0.021515,-0.005949,0.00148,0.005882,0.006824,0.057374,-0.007693,0.041146,-0.021895,0.027187,-0.020236,0.000243,-0.003592,0.021622,0.021629,-0.005696,-0.004632,-0.029293,-0.092268,0.053481,0.021018,0.009855,0.01376,0.087176,0.04534,0.01999,0.04933,0.012923,-0.012316,0.044872,0.003562,0.035047
2002-12-31,-0.048945,-0.090338,0.001918,0.139115,-0.033491,0.095652,-0.144174,0.030901,-0.058614,-0.079975,0.139159,-0.070906,-0.142431,0.019523,0.151935,0.004108,0.005895,-0.047968,0.014654,-0.001197,0.032186,0.056495,0.026943,-0.059841,0.02886,-0.083033,0.04469,0.020713,0.085112,-0.007178,0.036879,-0.015981,0.174446,0.07217,0.032723,-0.02381,0.153185,-0.14132,0.038619,-0.173645,0.022446,-0.10193,-0.072607,0.062321,-0.111593,0.042814,0.132519,-0.069238,0.016919,-0.092707
2003-01-31,0.150218,0.080365,-0.008055,0.103846,0.048457,0.057722,-0.013846,-0.011723,-0.096655,-0.039583,0.116714,-0.023446,-0.009729,0.023463,0.123409,0.014352,0.044082,-0.013084,0.037361,0.034751,0.020818,0.024325,0.135361,-0.026865,0.012016,0.060251,-0.008083,0.005637,0.009964,0.032724,0.023258,-0.001771,0.120072,0.010361,-0.016305,0.010605,0.191806,-0.049921,0.107289,0.08472,0.014924,-0.005919,0.130951,0.00154,-0.086438,0.013875,0.176836,-0.041902,0.019505,-0.049535
2003-02-28,0.068161,-0.009561,0.003528,0.346669,0.007072,-0.050935,-0.024961,0.013449,0.027593,-0.066215,0.197742,0.004834,-0.042807,-0.064367,0.073969,0.001672,0.03811,-0.040456,-0.051895,0.047481,0.007592,0.0052,0.030084,-0.016445,0.006206,-0.012888,0.033172,0.049327,-0.056666,0.029232,-0.039784,0.023048,0.156612,0.007979,0.009106,-0.027282,-0.136458,-0.079,0.007396,-0.129403,0.010523,0.006463,-0.024543,-0.026831,-0.098967,0.014167,0.786208,0.020639,0.023707,-0.061219
2003-03-31,-0.111593,-0.049371,-0.027956,-0.26089,-0.055037,-0.041109,-0.075745,-0.004124,-0.004948,-0.049829,-0.203947,-0.051475,-0.036787,-0.009944,-0.13687,0.011491,-0.001355,-0.077451,-0.000324,-0.039801,-0.005835,0.013592,-0.091097,0.008908,-0.010985,-0.059526,-0.00888,-0.019231,-0.029364,0.014215,0.005541,-0.00087,-0.137114,0.002745,-0.009841,0.013934,-0.036188,-0.046042,-0.06696,-0.008452,-0.00625,-0.022619,-0.085151,-0.00904,-0.065391,0.005643,-0.38659,0.028888,-0.007381,-0.014555
2003-04-30,0.031093,0.031899,0.034253,-0.012192,0.014122,0.007419,-0.025283,-0.006758,0.083159,0.127621,-0.079433,-0.011496,0.002338,-0.065157,-0.127334,0.007881,0.038119,0.020692,0.02202,0.113414,-0.007594,0.023822,-0.049467,0.081461,-0.004928,0.009749,0.003671,0.033769,0.038818,0.026899,0.01307,0.085293,-0.111845,-0.004424,0.017313,-0.015857,0.058824,0.202053,-0.060277,0.163679,-0.01786,0.101793,0.014698,0.040741,0.148646,0.038591,0.050491,0.021526,-0.012713,0.132516
2003-05-31,0.111872,0.00864,0.036879,0.100857,0.048686,0.07395,0.146773,-0.004026,0.040122,0.02889,0.082724,0.078331,0.101852,-0.091435,0.155253,0.009429,0.044796,0.033057,0.050753,-0.006722,0.047104,0.055053,-0.016712,0.051249,0.026487,-0.007696,0.057527,0.01686,-0.025532,0.046516,0.027024,-0.004386,0.18093,0.040416,0.047779,0.056217,-0.25,0.021819,0.091442,-0.157399,0.024116,0.006933,0.070461,0.049039,0.00672,0.055045,0.147117,0.010994,0.036483,0.025123
2003-06-30,-0.073538,0.031933,0.017307,0.043574,-0.036511,-0.052793,-0.069391,-0.005047,-0.012701,0.035139,0.068931,0.084536,-0.08327,0.111119,0.119906,0.003574,0.032087,-0.051464,0.001792,0.015096,-0.015345,-0.022767,-0.105907,0.011689,-0.009473,0.012836,-0.012184,-0.030052,0.005186,0.012379,0.00913,-0.005202,0.067704,-0.039319,-0.004378,-0.064483,0.126084,0.071701,0.039589,0.009425,0.004919,0.049538,-0.044094,-0.070016,0.033213,-0.028008,-0.153419,-0.008156,0.018262,0.036333
2003-07-31,0.134466,0.088616,0.034118,0.009543,0.082297,0.022242,0.122383,-0.005071,0.030028,0.04046,0.029634,0.051623,0.105816,-0.02469,0.014135,-0.042518,-0.030371,-0.104338,0.125219,-0.131795,-0.012322,-0.018918,0.159133,0.016782,-0.03116,0.087216,-0.094837,0.018162,0.120825,-0.033211,-0.023652,-0.133091,0.035621,-0.01421,-0.03691,-0.07933,-0.112666,0.077434,0.009151,0.038462,-0.013738,0.041862,0.089643,-0.000835,0.087111,-0.023586,-0.117733,-0.115121,-0.027561,0.056824
2003-08-31,0.014734,-0.044524,0.034444,0.025164,-0.024012,0.058593,0.054519,0.032113,0.00921,0.031403,0.035875,0.079405,0.067202,0.011245,0.03796,-0.013886,0.001811,0.067741,0.066285,0.183698,-0.005741,-0.02369,-0.127564,0.01839,-0.003445,-0.065284,0.010402,0.034627,-0.002059,0.016992,-0.014062,0.145888,0.030737,-0.020392,0.009896,0.132281,0.242114,0.00345,0.045195,-0.031521,-0.016779,0.00739,-0.021335,-0.03157,0.046775,-0.01629,0.011791,0.074858,-0.016454,0.012557
2003-09-30,0.074908,0.078146,-0.016049,-0.058694,-0.013267,0.025554,-0.054462,0.043438,-0.019728,-0.057147,-0.071712,-0.005797,-0.052457,0.15987,-0.055429,-0.029266,0.048908,0.01369,0.057331,0.010978,0.010682,0.061617,-0.014328,-0.011394,0.007899,0.016179,0.055459,0.028398,0.001942,0.029434,0.052498,0.149826,-0.082913,0.059753,0.03106,-0.088935,-0.076825,-0.068434,-0.005038,-0.007884,-0.009572,-0.060967,0.009879,0.064081,-0.070918,0.08251,-0.021272,0.18684,-0.000336,-0.024213
2003-10-31,0.178994,0.202949,0.046289,-0.002158,0.071113,-0.003884,0.025677,0.01515,0.046546,0.074996,0.065658,0.03123,0.028031,0.128213,0.04023,0.006826,0.051808,-0.005129,0.070043,0.244324,-0.022037,-0.000874,-0.079202,0.055503,-0.039938,0.140387,-0.029879,0.034517,-0.015021,0.025333,0.023653,0.17276,-0.007742,-0.01184,-0.024822,0.122589,-0.114168,0.119474,0.055977,-0.067571,0.010136,0.067492,0.146611,-0.00082,0.075691,-0.006858,-0.070161,0.050992,-0.009207,0.035941
2003-11-30,0.031054,-0.013675,0.00389,0.043101,0.013986,0.031715,0.066982,0.002878,0.011391,0.015113,0.03501,-0.042599,0.104294,-0.113774,0.024135,0.003306,0.023016,-0.063288,0.091857,-0.09401,-0.005731,0.032015,0.05397,0.007662,-0.002885,-0.018997,0.004005,0.071497,0.057312,0.015409,0.015703,-0.052023,0.077503,0.032172,0.002884,-0.009101,0.003882,0.024187,0.038625,-0.015345,-0.005752,0.015852,-0.033564,0.03787,0.004535,0.033887,-0.031329,0.082018,-0.009842,0.017251
2003-12-31,0.351446,0.136353,0.047436,0.083067,0.031073,0.045481,-0.073141,0.020755,0.029137,0.035354,0.089102,0.059325,-0.042314,0.071052,0.074957,0.006637,0.044934,-0.032159,-0.210895,0.059107,0.016332,0.053198,-0.092812,0.051249,0.026868,0.061333,0.013046,0.163701,0.108294,0.007413,0.043217,0.043306,0.069354,0.044407,0.017048,-0.011055,-0.023975,0.060436,0.091177,0.040868,0.014618,0.063045,0.143871,0.027109,0.014092,0.051666,0.23793,-0.002135,0.013434,0.032845
2004-01-31,-0.064818,0.078709,0.037861,0.018376,0.030383,-0.033409,0.03183,0.011497,-0.020473,0.022082,-0.034524,0.006567,0.030539,-0.05781,0.040148,0.003119,0.013814,0.073467,0.043182,0.056635,0.002108,-0.014261,0.033514,0.017768,-0.007332,0.016551,0.015002,-0.015291,0.047754,-0.027315,0.0192,0.032116,0.055075,-0.019502,0.012634,0.122967,0.003962,0.021027,-0.028911,0.162431,0.006138,0.03024,0.095643,-0.050227,0.04488,-0.027627,-0.122652,0.033524,0.022379,0.048316
2004-02-29,-0.053075,0.189504,0.028518,0.049472,0.035759,-0.015137,-0.021208,-0.032068,0.023538,0.02204,0.082557,0.024126,-0.030895,0.019364,0.108431,0.009592,0.01742,0.047719,0.046648,0.09507,0.025278,0.000982,0.029014,0.012676,0.012306,0.088581,0.020655,0.085404,0.071421,-0.007259,0.021883,0.150092,0.136918,-0.008291,0.017399,0.072399,0.03236,-0.012872,0.059543,-0.00596,0.010644,0.03935,0.172421,-0.003033,0.006714,-0.003164,-0.010127,0.192892,0.012073,0.01449
2004-03-31,-0.038699,-0.091911,-0.030586,-0.058927,-0.00131,0.076864,0.044146,0.049231,-0.019961,-0.027446,0.040754,0.070673,0.054313,-0.158199,0.000687,-0.00686,-0.006804,0.074567,0.038713,0.122901,0.009959,-0.010106,0.045777,-0.015859,0.002141,-0.031084,0.017828,0.280401,0.183153,0.022013,-0.00711,0.061333,-0.009471,0.0018,0.005575,0.056105,-0.012997,-0.042034,0.034609,-0.039089,0.01329,-0.028767,0.010394,0.025969,-0.049592,-0.011596,0.072079,-0.052068,0.024708,-0.032402
2004-04-30,-0.205342,-0.101318,-0.042068,0.064764,-0.036462,-0.095266,-0.064951,-0.058241,0.022151,0.012401,0.140219,-0.003368,-0.044848,-0.041866,0.071429,-0.013813,-0.050524,0.084549,0.054773,0.01209,-0.018042,-0.023721,0.028104,-0.016224,-0.022377,-0.066123,-0.061796,-0.02514,-0.235006,-0.043418,-0.0325,0.039196,0.076811,-0.023693,-0.023838,-0.010937,-0.088304,0.025919,-0.101126,-0.089489,-0.01217,0.008728,-0.110658,0.001545,0.016014,-0.011873,-0.017101,0.035093,-0.020569,0.03436
2004-05-31,0.095933,0.182925,0.017136,0.05747,0.012173,0.016771,-0.071795,-0.002486,-0.01512,0.011903,0.053618,-0.040888,-0.043098,0.030837,0.086111,0.002853,-0.008186,0.023629,0.090482,-0.198994,-0.005565,0.019545,0.015858,0.012633,-0.013958,0.056653,-0.008304,0.054441,0.003305,0.008677,0.036896,-0.196446,0.069979,0.032836,-0.008599,-0.050741,0.037383,-0.011563,0.014984,0.238058,-0.005973,-0.013107,0.057972,0.022881,-0.003409,0.025622,0.090454,-0.130012,-0.010178,-0.022958
2004-06-30,0.253988,0.027813,0.020704,0.002586,0.017299,-0.004812,-0.066298,0.011966,0.007459,0.021602,0.041255,0.055901,-0.063969,-0.211474,-0.049774,-0.023782,-0.020308,0.048819,-0.032439,0.167582,0.002888,-0.00287,0.025451,0.018489,0.004684,-0.113959,0.010526,-0.038043,-0.054669,0.018631,-0.008155,0.097052,-0.074361,0.000846,-0.001257,-0.152961,-0.088452,0.033241,-0.054332,-0.145529,-0.01227,0.012076,-0.056755,-0.031104,0.021235,-0.009469,-0.053797,-0.040664,-0.000921,0.002674
2004-07-31,-0.08606,0.077275,-0.00761,0.133229,-0.016381,-0.005086,-0.096237,-0.022195,-0.013635,-0.024494,0.165221,-0.049605,-0.086867,-0.14395,0.17971,-0.000846,0.008918,0.01369,-0.000293,-0.334454,0.012409,-0.009821,0.076768,-0.033891,0.000687,0.05082,0.01605,-0.015819,0.131997,0.009458,0.005446,-0.233866,0.194514,-0.02187,0.010918,-0.172382,0.227314,-0.044776,0.060909,-0.117528,0.006565,-0.014033,0.08278,-0.009558,-0.043457,-0.017719,-0.022183,-0.232073,0.016775,-0.012956
2004-08-31,-0.089989,-0.002213,-0.008514,-0.050198,-0.007947,0.047143,-0.008006,0.014267,0.014511,-0.014765,-0.038208,-0.017671,-0.011985,0.227468,0.012285,0.015183,0.012024,-0.046949,-0.046198,-0.086869,0.020032,0.009942,-0.035042,0.002546,0.016282,-0.077407,0.037858,0.021814,0.032134,0.009138,-0.007985,0.091817,-0.014912,0.007957,0.021585,0.048332,0.021962,-0.02792,0.049331,0.04289,0.015043,-0.004215,-0.020642,0.013888,-0.011915,0.021957,-0.186948,0.228151,0.016868,-0.024451
2004-09-30,0.32508,0.0824,0.03675,0.239268,0.100341,0.018981,-0.049574,-0.005728,0.02198,0.009584,0.271007,-0.017155,-0.016789,-0.10594,0.214459,0.017689,0.029199,0.136793,0.005021,-0.136062,0.010375,0.022377,0.06385,0.009456,0.008978,0.134762,0.006223,0.016854,0.01855,0.041547,0.008673,-0.159824,0.187103,0.014383,0.002211,-0.135647,-0.138252,0.024865,-0.044828,0.134295,0.007647,0.019026,0.089777,0.026453,-9.2e-05,0.032355,0.206759,-0.222097,0.006537,0.006292
2004-10-31,-0.161193,-0.041276,0.029016,0.043363,-0.004046,0.021408,0.031785,0.036293,0.007481,0.017002,0.03843,-0.012848,0.030438,-0.029569,0.071806,0.003233,0.034299,-0.024231,-0.032082,-0.014725,0.014126,0.024429,-0.050801,0.013981,0.008494,-0.045559,0.012004,-0.002762,0.052896,0.038016,0.015085,0.00095,0.052495,0.038204,0.013156,-0.014598,0.011638,0.017006,-0.005295,-0.09654,0.014091,0.049197,-0.041902,0.053197,0.016755,0.023687,0.115901,0.01974,0.014586,-0.018658
2004-11-30,0.024766,0.088275,0.009049,-0.04877,0.006839,0.051006,-0.084518,0.031317,0.01497,0.012093,-0.014298,0.012033,-0.017291,0.081599,-0.129062,0.003714,0.041616,0.172351,0.069249,0.001949,0.013148,0.044904,0.027889,0.03837,0.013493,0.097028,-0.025008,-0.027701,0.057193,0.02634,0.045598,0.002342,-0.059569,0.054697,0.002097,-0.049383,0.130649,0.037597,0.069683,0.269492,0.014527,0.034767,0.078877,0.044194,0.019421,0.057097,-0.193673,-0.036827,0.012903,0.01398
2004-12-31,0.042142,0.067349,0.022123,-0.132976,0.06683,-0.032656,0.020747,0.001056,0.018702,0.014128,-0.139168,0.055205,0.023467,-0.000222,-0.111026,0.010646,0.013118,-0.009719,-0.019261,0.054475,0.012923,0.022615,0.022629,0.031991,0.007176,0.06841,0.018111,-0.176638,-0.120858,-0.007261,0.006643,0.024311,-0.118311,-0.000756,0.017908,0.004907,-0.063227,0.029671,-0.041167,0.064649,0.017942,0.040736,0.012899,0.01025,0.029576,0.012428,-0.209334,0.010294,0.024667,0.047652
2005-01-31,-0.021878,-0.043666,-0.011513,0.062434,-0.049363,-0.037858,-0.053658,-0.011675,0.005936,0.02501,0.087614,-0.009659,-0.036243,-0.022556,0.139859,0.004903,-0.008787,-0.03436,0.027325,-0.054121,0.016567,-0.041181,0.019926,-0.025765,-0.005142,0.038923,0.015253,0.108651,-0.013186,-0.034141,-0.015467,-0.038749,0.099946,-0.044628,0.010031,-0.037852,-0.013964,-0.000234,0.030078,0.015421,0.009759,0.019065,-0.012048,-0.047094,0.035067,-0.049095,0.017615,-0.06065,0.00827,0.011797
2005-02-28,0.125814,0.028287,0.04931,0.106297,0.033485,0.031833,0.158935,-0.00993,0.025073,0.027183,0.171008,0.035179,0.129701,0.149455,0.078479,8.5e-05,0.026588,-0.017539,-0.025753,0.189857,-0.011494,0.0179,-0.086783,0.01822,-0.01051,0.061034,-0.01747,0.045568,0.090694,0.009396,0.022715,0.195726,0.068016,0.024836,-0.005,0.088832,0.124312,0.013813,-0.008817,0.130992,0.01095,0.017087,0.045296,0.025399,0.038046,0.023427,0.03996,0.19938,0.009926,0.024361
2005-03-31,-0.008852,0.052714,0.003388,0.139871,0.030641,-0.020339,-0.041274,-0.027399,-0.011149,0.009816,0.146519,-0.005159,-0.054545,0.034327,0.082983,-0.002402,-0.023061,-0.074436,0.043867,0.021858,0.002142,-0.021395,-0.051205,-0.019884,0.001202,-0.018434,-0.010685,-0.029851,-0.029021,0.015936,-0.016898,0.008844,0.054894,-0.03017,0.000839,-0.043771,-0.06788,0.002008,-0.00104,0.039901,-0.016459,-0.015763,0.002667,-0.02017,-0.012846,-0.031775,0.125011,-0.013781,-0.007928,0.009988
2005-04-30,0.005569,-0.025846,-0.023196,-0.111567,-0.080581,0.011586,-0.039275,0.016922,-0.023713,-0.039582,-0.079122,-0.05761,0.008875,0.093711,-0.083732,0.014257,0.011792,0.014938,0.0044,0.040107,0.028195,-0.007309,-0.010393,-0.020925,0.015593,-0.05526,0.031184,-0.015385,-0.038568,-0.036145,0.01235,-0.01315,-0.128955,-0.000512,0.017947,-0.038733,-0.095345,-0.035415,0.006014,-0.009891,0.022138,-0.028225,-0.006322,0.002541,-0.048434,-0.012114,-0.146133,-0.013537,0.029298,-0.006803
2005-05-31,0.050995,0.026137,0.027776,0.018232,-0.048389,-0.045397,0.017638,-0.029102,0.035051,0.070078,-0.034001,0.026439,0.016579,-0.147419,-0.028205,0.005879,-0.027325,-0.070368,-0.002338,0.103856,0.016579,-0.044318,0.011546,0.028919,0.01855,-0.011166,0.021144,-0.034375,0.073716,0.000191,-0.044254,0.086229,0.005505,-0.045711,0.01949,0.039814,-0.046473,0.065588,0.007587,-0.075028,0.013733,0.053901,-0.005125,-0.019056,0.053378,-0.038653,-0.045163,0.02479,0.02495,0.049998
2005-06-30,-0.112048,-0.084866,0.034843,0.117008,-0.018676,0.04345,-0.030897,-0.03016,0.028665,0.029812,0.144945,0.025758,-0.027427,0.069085,0.080975,0.006833,0.008067,-0.082286,-0.063752,-0.035864,0.013601,-0.020419,0.066238,-0.001209,0.012502,-0.052764,0.009009,-0.062136,-0.056865,0.023424,-0.01504,-0.041897,0.08459,-0.030271,0.018875,-0.043919,0.012185,0.025543,-0.018483,-0.115758,0.007241,0.03695,0.066599,-0.020727,0.052175,-0.052729,0.079364,0.01987,0.024473,0.01827
2005-07-31,-0.017013,-0.025139,0.052499,6.4e-05,0.074061,-0.016468,-0.011312,-0.014252,0.029096,0.049522,-0.008497,0.030337,0.0142,-0.063883,0.074775,0.000269,-0.000986,0.043829,0.023957,0.026087,-0.000107,0.002272,0.053582,0.034702,-0.013195,0.021052,-0.030774,0.017943,0.026379,-0.001607,-0.016617,0.024009,0.048037,-0.005385,-0.010034,0.064117,0.018917,0.059924,0.054283,-0.045349,0.002189,0.035366,0.089077,0.008121,0.027531,0.005001,0.137678,0.029648,0.006269,0.056142
2005-08-31,0.045233,0.028902,0.025814,0.224789,-0.006751,0.005304,-0.080091,0.00561,0.004646,-0.012917,0.188437,0.04367,0.011054,-0.0557,0.134524,-0.013909,-0.009847,0.107347,-0.013789,-0.141243,0.006583,0.011303,0.024428,-0.012672,0.01592,0.077491,0.024992,-0.047458,-0.066177,0.030999,0.022455,-0.133307,0.134702,0.018539,0.015104,-0.147993,-0.087764,-0.012247,0.004961,-0.052353,0.001404,-0.007716,0.030709,0.012718,-0.006229,0.019924,0.416774,-0.078157,-0.005657,-0.011814
2005-09-30,-0.094314,0.086975,0.033448,-0.00443,-0.003525,0.077922,0.090551,-0.022538,0.029992,0.042874,-0.016855,0.093407,0.099783,0.069581,-0.060222,0.007153,0.018295,0.054945,0.083587,-0.083333,-0.00328,-0.020993,0.087365,0.005391,-0.01177,0.035438,-0.031085,-0.05694,0.0958,0.022807,-0.015707,-0.04259,-0.038724,-0.026349,-0.014429,-0.050808,0.006475,0.041394,0.003291,-0.075209,0.014088,0.07718,0.066687,-0.022116,0.033419,-0.019337,0.196867,0.058456,0.017458,0.057584
2005-10-31,-0.115627,0.045936,-0.057278,-0.168949,0.082135,-0.01144,-0.084477,-0.029531,-0.029529,-0.036521,-0.121726,0.004445,-0.023669,-0.023354,-0.086692,-0.014553,-0.020118,-0.026439,0.010277,0.014952,-0.020824,-0.008018,0.008927,-0.019357,-0.003439,0.086279,-0.021546,-0.049057,0.009101,-0.016896,0.001216,-0.01483,-0.082631,-0.004121,-0.017454,-0.045011,-0.043199,-0.027535,0.029087,0.034242,-0.009258,-0.028116,0.048333,0.002204,-0.023642,-0.031283,-0.113785,-0.036256,-0.017228,0.020544
2005-11-30,0.06625,0.099026,0.043517,-0.113769,0.080776,0.059327,-0.04101,-0.03045,0.021783,0.030776,-0.117769,0.092553,-0.00606,-0.051675,-0.07196,0.002908,-0.008201,0.013376,0.027773,0.012375,0.001437,-0.017285,0.097091,0.033336,0.011005,0.110393,0.004373,0.051587,0.092273,0.008549,-0.022174,-0.031249,-0.058786,-0.020629,0.01215,-0.044587,0.041306,0.057032,0.070981,-0.037765,-0.022326,0.00787,0.145779,-0.035944,0.064596,-0.016286,-0.008946,-0.079178,-0.018533,0.050891
2005-12-31,0.044366,0.014193,0.03772,0.022665,0.065167,0.040503,0.057677,0.009786,0.030685,0.030576,0.005907,0.078637,0.044535,0.036535,0.079475,0.001673,-0.007845,-0.030811,0.00679,0.148428,0.015578,-0.001167,0.180985,-0.002936,0.011234,0.110332,0.016377,0.011321,0.060262,-0.000599,-0.007682,0.078855,0.062877,-0.005471,0.010042,0.069393,0.063653,0.037719,-0.012204,0.104124,0.011457,0.014123,0.060226,-0.007341,0.038564,0.012697,-0.123994,0.011876,0.002923,0.020774
2006-01-31,0.124089,0.26698,0.058076,0.018138,0.093773,0.10002,0.011791,0.004361,0.022517,0.04854,0.081005,0.037962,0.027132,0.028243,0.114469,0.007346,0.032302,-0.142858,-0.029314,-0.062342,-0.020361,0.027717,0.227517,0.023375,-0.003197,0.203046,-0.012908,0.179104,0.111951,0.020799,0.035438,-0.031377,0.110625,0.025525,-0.019105,0.013903,-0.013877,0.047536,0.094114,0.103641,0.007143,0.036593,0.091333,0.015363,0.030769,0.042697,-0.180506,0.049296,0.006456,0.031126
2006-02-28,-0.02058,-0.106979,-0.02152,-0.073542,-0.044838,-0.020152,0.07866,0.00716,0.00383,0.006432,-0.059523,-0.026978,0.104403,0.005026,-0.083295,-0.008383,-0.017251,-0.005661,-0.047503,-0.058378,-0.000897,-0.019813,-0.071025,-0.001805,-0.004251,0.018697,-0.001677,0.003165,-0.016701,0.003911,-0.014735,-0.02356,-0.119491,-0.026051,0.0053,0.042288,-0.022867,0.018872,-0.031672,-0.054144,-0.01305,0.059126,-0.019294,-0.015256,0.016321,-0.040301,-0.299112,0.055481,-0.007126,0.009504
2006-03-31,0.018511,-0.009273,0.034349,0.080935,0.017327,0.03175,-0.08727,-0.022326,0.033578,0.04033,0.076272,0.055291,-0.060606,-0.050336,0.04562,-0.009689,-0.039379,-0.067101,-0.088563,0.002296,-0.024144,0.013183,0.045567,0.008706,-0.021907,0.127217,-0.030151,0.047319,0.17492,-0.02527,-0.009672,-0.03788,0.054202,0.000451,-0.012381,-0.011518,0.019802,0.027115,0.023986,-0.058928,-0.018717,0.008751,0.130593,0.02626,0.021552,0.013648,0.041756,-0.033913,-0.010929,0.019825
2006-04-30,0.273474,0.006783,0.00204,0.080288,0.114068,0.11555,-0.004313,0.028558,0.009039,-0.005841,0.078156,-0.002375,0.026882,-0.052225,0.088098,-0.019834,0.064703,0.047787,-0.011429,-0.009737,-0.022078,0.039025,-0.043021,0.009687,-0.023181,0.206864,-0.018222,0.114458,0.172719,0.040212,0.047607,0.027559,0.05329,0.047518,-0.020354,0.009534,0.007944,0.004333,0.097491,0.001871,-0.022371,0.000658,0.354243,0.060497,0.005187,0.052819,-0.099974,0.120667,-0.026391,0.010063
2006-05-31,0.161133,-0.127976,-0.042806,-0.026032,-0.045405,-0.018329,0.097629,0.014289,-0.049478,-0.03245,-0.02017,-0.088913,0.130359,-0.015077,-0.026658,-6.9e-05,-0.006211,0.016046,0.08435,-0.002892,0.006043,0.017479,-0.113005,-0.033492,0.00425,0.167712,-0.004927,-0.116216,-0.086191,0.016967,0.029069,-0.035775,-0.018523,0.020033,0.001844,0.009036,-0.031524,-0.0545,0.050194,-0.097997,-0.013806,-0.04097,0.12529,0.015204,-0.056136,0.020771,-0.062328,-0.014879,-0.002834,-0.052304
2006-06-30,-0.015573,-0.056763,-0.006438,-0.015589,-0.015619,-0.050842,-0.055908,-0.023489,0.014901,0.009659,0.032466,0.003202,0.024603,-0.023361,0.02852,0.006502,-0.013661,0.092208,0.069936,0.012761,-0.012365,-0.006482,0.021344,-0.00253,-0.011153,-0.126514,0.000527,0.018349,-0.130276,-0.010808,-0.012077,0.026317,0.031048,-0.011396,-0.010918,-0.062688,0.117541,-0.002715,0.006989,0.005561,0.006179,0.020528,-0.044564,-0.02615,-0.002234,-0.000787,-0.086233,0.047695,-0.002445,0.004762
2006-07-31,0.234214,0.074344,0.018725,-0.02992,-0.030964,0.029537,0.003788,-0.00571,0.01563,0.007011,-0.026925,-0.006468,-0.031925,0.028879,0.018266,-0.00352,0.031887,-0.025933,-0.022762,-0.068729,0.017378,-0.004179,-0.08754,0.002294,0.009801,0.057188,0.015433,0.003003,0.041216,-0.017005,0.008769,-0.034968,-0.009798,-0.008714,0.024885,-0.028455,-0.093851,-0.00393,0.005584,-0.017312,-0.007509,0.027166,0.064084,0.006637,0.031341,-0.005061,0.329886,0.013657,-0.000601,0.038091
2006-08-31,0.196941,0.11172,0.019877,-0.040933,-0.032965,-0.019052,0.016352,-0.028923,-0.002106,0.027385,-0.01283,0.048702,-0.0345,-0.007485,-0.062027,0.010458,-0.002899,0.083401,0.049888,-0.03321,0.013356,0.000836,-0.208563,0.018441,0.010392,0.003501,0.021821,0.083832,0.134611,0.01749,0.018064,-0.073869,-0.061691,-0.004947,0.021841,-0.029288,-0.044643,0.027524,0.014993,0.046806,0.016925,0.02528,-0.028292,-0.024102,0.039816,-0.004687,-0.269854,-0.056512,0.013379,0.024881
2006-09-30,0.024793,0.162198,-0.013717,-0.163966,0.029638,-0.04712,0.049141,-0.010709,0.007555,0.015511,-0.14347,-0.00129,0.007618,-0.070699,-0.128802,0.016232,-0.022209,-0.048955,-0.026578,0.029898,0.014044,-0.012209,-0.080499,0.021691,-0.001651,-0.03367,0.010542,-0.019337,-0.114352,-0.006176,-0.018392,-0.014847,-0.108742,-0.019817,0.009779,0.058467,-0.008411,0.022952,-0.120828,-0.003242,0.019234,0.06357,0.001302,-0.034648,0.029505,-0.015299,-0.311396,-0.05712,0.014632,0.033195
2006-10-31,0.070248,0.171083,0.041986,-0.095014,0.089252,0.004313,0.090294,0.003075,0.025733,0.015749,-0.061807,0.015581,0.040322,-0.023177,-0.081328,-0.006598,0.03768,0.06738,-0.022535,0.171093,-0.010302,0.005837,-0.017033,0.028641,0.001758,0.275209,0.0034,0.138028,0.063243,-0.005159,0.020624,0.151145,-0.105929,0.005041,-0.002228,0.221904,0.008483,0.041108,0.034936,0.005574,-0.001259,0.061798,-0.033231,-0.005229,0.003843,0.012467,0.225133,0.128734,-0.002219,0.014658
2006-11-30,0.081377,0.036216,0.039283,0.087761,-0.035246,0.066082,0.039337,0.008529,-0.01295,-0.007037,0.088863,-0.002464,0.034884,-0.00772,0.067943,0.006272,0.020951,-0.050424,-0.024196,0.020042,0.007045,0.036766,0.070965,0.013575,0.000513,0.045016,0.014022,0.056931,0.134874,-0.01972,0.031073,0.064025,0.017307,0.034907,0.011607,0.175371,-0.000935,0.004211,-0.003608,0.105774,0.014309,0.00765,-0.052011,0.060184,-0.02047,0.053195,0.140825,0.087589,0.012065,-0.012583
2006-12-31,-0.010901,0.011052,0.014024,-0.136269,0.038229,-0.022819,-0.03931,-0.033472,0.022407,0.037728,-0.09267,0.058172,-0.073603,0.050272,-0.064429,0.008615,-0.000799,-0.05332,0.038156,-0.007756,-0.021009,-0.006687,-0.050082,0.009707,-0.021991,-0.026322,-0.023697,0.021077,-0.083573,-0.019575,-0.00521,-0.002915,-0.037694,-0.021463,-0.017554,-0.00064,0.050514,0.042875,-0.023707,0.015285,-0.007728,0.018599,-0.101548,-0.012356,0.035487,-0.002307,-0.323018,0.002742,-0.002808,0.035392
2007-01-31,0.156296,0.019366,0.004027,0.003885,-0.008684,0.021936,-0.066866,-0.019013,-0.004668,0.008643,-0.019166,0.006928,-0.041197,-0.038973,-0.045238,-0.005222,-0.016406,0.045786,-0.024593,0.080771,-0.015109,-0.016072,-0.097875,0.011159,-0.022153,-0.176594,-0.00978,0.073394,0.049084,-0.015046,-8.2e-05,0.03191,-0.073933,-0.024555,-0.008261,0.035233,-0.011576,0.024352,0.034614,-0.06775,-0.013497,0.030952,-0.096308,-0.007349,0.004548,-0.019909,0.213667,0.002734,-0.023879,0.038852
2007-02-28,0.15023,0.088231,-0.007067,0.057369,0.027046,0.022192,0.014973,0.017004,-0.004667,-0.01916,0.043666,0.008675,0.055755,0.028718,0.046175,0.001205,0.017984,-0.006962,0.04159,0.081967,0.013769,0.015211,0.066954,-0.024721,0.014888,-0.004286,0.022893,0.128205,0.039058,0.005885,0.001221,0.074705,0.048714,0.019235,0.013824,0.052599,0.063964,-0.009759,0.007596,0.000425,-0.002132,-0.023416,0.053381,0.018424,-0.020209,-0.008642,-0.06715,0.031016,-0.001733,-0.04091
2007-03-31,0.092417,0.051716,0.010985,0.056971,-0.015415,-0.014123,-0.102459,-0.000501,0.023955,0.018818,0.092794,-0.011344,-0.114452,-0.004659,0.105726,0.01062,0.026076,-0.057566,0.005665,-0.05615,-0.009353,0.006381,-0.064382,0.007088,-0.017451,-0.065727,-0.010104,0.064015,-0.055145,0.015429,0.000837,-0.033335,0.020702,-0.0024,-0.00775,-0.140069,0.127858,0.022878,0.066322,-0.078057,-0.003133,0.027842,0.143171,0.005295,0.040587,-0.001641,0.04317,0.073719,0.013241,0.024179
2007-04-30,0.079891,0.041431,0.015065,0.019504,0.02026,0.021677,0.108448,-0.016298,0.022352,0.057071,0.002517,0.005775,0.061884,-0.117979,-0.001565,-0.003994,0.031221,-0.003951,-0.007904,-0.089707,-0.016067,0.024017,-0.064789,0.040391,-0.00736,0.152748,0.004023,0.007476,-0.000367,0.042972,0.019692,-0.04302,-0.013788,0.009091,-0.00258,-0.044059,-0.071321,0.069235,0.041226,-0.055836,-0.013096,-0.023062,0.125713,0.025468,0.045418,0.044126,0.004627,0.026786,-0.023662,0.059983
2007-05-31,-0.028162,0.160715,0.048982,-0.006388,-0.035429,-0.032917,0.04339,-0.023146,0.021886,0.038697,-0.016715,0.025874,0.035971,0.036348,0.006271,0.000792,-0.004822,-0.000332,-0.031605,0.125,-0.01512,-0.015271,0.026388,0.029599,-0.020054,-0.015561,-0.023683,-0.010601,-0.007771,0.032766,-0.010732,0.085126,-0.033887,-0.01801,-0.029299,0.061905,0.047696,0.058847,-0.009155,0.054169,-0.012962,0.070341,-0.045269,-0.015687,0.019682,-0.03118,-0.009118,0.070765,-0.010031,0.004565
2007-06-30,-0.22548,0.140288,-0.006643,0.079015,-0.032156,-0.023701,0.125725,-0.017566,-0.001649,-0.005812,0.059213,0.015627,0.183532,0.145936,0.043625,-0.018368,0.025877,-0.044279,-0.013119,0.056708,-0.016026,0.002523,-0.0289,-0.020741,-0.023001,-0.094757,-0.01307,-0.0125,-0.082919,0.004071,0.014502,0.054265,0.093431,-0.002652,-0.006168,-0.155669,0.091049,0.012697,0.006545,-0.008046,-0.021848,-0.028774,0.017082,0.021196,0.011189,0.00636,-0.164999,0.025763,-0.026893,-0.02599
2007-07-31,-0.131865,0.166917,-0.002733,0.028206,-0.001202,0.024576,0.055276,0.033038,-0.042861,-0.053364,0.039709,-0.048451,0.057143,0.024387,0.09368,0.000937,0.010699,0.037493,0.050953,-0.059337,0.018532,0.012486,0.08503,-0.034824,0.022294,0.067423,0.020868,0.157324,0.043621,-0.004477,0.013203,-0.025415,0.103333,0.016055,0.003267,-0.041913,-0.058699,-0.057498,-0.007114,0.013299,-0.011009,-0.002169,0.057382,0.013789,-0.027488,0.01618,-0.100359,0.030849,-0.00018,-0.040012
2007-08-31,-0.060467,0.016389,-0.009849,-0.038152,-0.083579,0.004162,0.21746,0.022776,-0.005972,-0.019643,-0.024712,-0.039335,0.146264,-0.06556,-0.061313,0.022352,-0.049536,-0.111367,-0.030513,0.112245,0.006089,-0.005209,-0.082284,0.010205,0.016397,-0.124299,0.019094,-0.082812,-0.073312,0.008565,-0.006947,0.031798,-0.054672,-0.006505,0.007804,-0.005371,-0.037566,0.004926,-0.007011,-0.014435,0.022494,-0.022733,-0.065095,-0.000488,-0.018244,-0.023334,-0.140678,-0.032309,0.020066,-0.000113
2007-09-30,0.020371,0.091083,0.029175,0.087732,-0.016588,0.099144,0.210832,0.003565,0.021542,0.006272,0.109798,0.014484,0.270769,0.054021,0.09319,0.007662,0.08866,-0.118595,0.000514,0.15221,-0.00618,0.041816,0.008475,0.033152,-0.00212,-0.016987,-0.003465,0.06644,0.138238,0.063893,0.01062,0.12323,0.123667,0.031536,0.006319,0.097057,0.116315,0.027805,0.058189,0.110486,0.005439,0.006812,0.071535,0.072791,0.03319,0.062966,0.14531,0.080733,0.003698,0.003725
2007-10-31,0.044715,0.082184,0.035229,0.1268,0.003003,0.060398,-0.13951,-0.00605,0.035132,0.019443,0.106897,-0.0071,-0.104654,-0.014155,0.153087,-0.003407,0.048621,-0.134541,-0.048846,0.011944,0.01399,0.016504,-0.016743,0.012347,0.007348,-0.081401,0.011721,0.057508,0.037216,0.045904,0.020294,0.018914,0.178341,0.005487,0.003384,0.006703,-0.044755,0.013201,0.075225,-0.056741,-0.006582,0.089613,-0.045879,0.005963,0.009225,0.01595,0.105318,0.07141,-0.008892,0.005333
2007-11-30,-0.159248,-0.164536,-0.061703,0.00012,-0.025373,-0.016468,0.07302,0.035615,-0.042452,-0.030272,0.008912,-0.058682,0.090144,-0.091763,-0.018458,0.014459,-0.044078,0.01903,-0.011325,0.031116,0.008292,0.014071,-0.02303,-0.046227,0.021684,-0.080852,0.038925,0.006042,-0.032899,-0.04989,-0.009256,0.052889,-0.048957,0.024348,0.029702,0.023968,0.016837,-0.020411,0.001227,0.037905,0.009882,-0.006734,-0.090988,-0.0272,-0.07564,-0.004776,-0.156548,0.078705,0.010052,-0.022105
2007-12-31,-0.032845,-0.167701,0.011058,0.051448,-0.044812,0.061966,-0.000565,-0.01091,-0.004174,-0.014395,0.066386,-0.030468,0.008278,0.071717,0.074633,0.002019,-0.006,-0.071028,0.004178,0.149844,-0.023339,-0.004635,0.109716,-0.010587,0.011294,-0.091767,-0.004922,0.009009,0.0533,0.012412,-0.030975,0.110186,0.086853,-0.005132,-0.001205,0.134496,0.025918,0.020323,0.048219,0.054181,-0.00799,-0.041782,-0.045063,0.02143,0.013604,-0.012223,0.020802,0.070333,-0.008552,-0.043506
2008-01-31,0.039328,0.10412,-0.047823,-0.043366,0.123588,0.101072,0.050283,0.047091,-0.090013,-0.13456,-0.041202,-0.11148,0.05884,-0.00324,-0.014674,0.01162,0.018094,0.010363,-0.054851,0.030166,0.035506,0.012116,0.142316,-0.062738,0.002725,0.058835,0.033882,-0.001488,0.139058,-0.021464,-0.000417,0.049619,-0.037219,0.041826,0.005786,0.10044,0.143158,-0.151514,0.160094,0.014317,0.011304,-0.124224,0.084512,-0.001263,-0.147809,0.009664,0.086182,0.099693,0.022154,-0.097992
2008-02-29,0.149112,0.183882,0.02776,0.122809,0.141267,0.050652,0.154384,0.019211,-0.007146,-0.020343,0.161544,0.000671,0.209615,0.175096,0.084729,-0.000928,0.051401,-0.097814,0.000531,0.100146,0.001326,0.026115,0.154559,-0.035469,-0.003367,0.087138,0.010547,0.135618,0.165505,0.030223,0.002343,0.194194,0.121555,0.038389,0.019743,0.089277,0.184162,-0.023443,0.274769,0.191458,-0.000703,-0.007296,0.167982,0.045092,0.010771,0.038114,0.143375,0.268615,0.006805,-0.014399
2008-03-31,-0.059179,-0.165617,-0.015209,0.086324,-0.044595,-0.060308,-0.144567,0.043852,-0.023697,-0.019597,0.08207,-0.074425,-0.168103,-0.152947,0.014752,0.016163,-0.020463,-0.047955,-0.073152,-0.142135,-0.000737,0.044721,-0.200438,-0.006351,0.010574,-0.157428,0.009719,0.055118,-0.130792,-0.044949,0.001169,-0.220794,0.016332,0.054901,0.018221,0.019318,-0.164334,-0.033592,-0.118712,-0.236211,-0.002536,0.003224,-0.006227,0.028734,-0.010622,0.041768,0.066339,-0.244607,0.009714,-0.039932
2008-04-30,-0.041639,-0.030156,0.052548,0.093219,-0.033168,-0.061207,-0.152583,-0.04944,0.068066,0.062962,0.124117,0.106489,-0.104663,-0.00864,0.107563,-0.008246,0.036198,0.112362,0.065241,0.044369,-0.019294,-0.016447,-0.088964,0.047372,-0.029125,-0.043354,-0.02071,0.149254,-0.04669,0.019442,-0.001341,0.087284,0.129228,-0.050598,-0.01303,0.058174,0.241935,0.059966,-0.039135,0.056122,-0.015095,0.040533,0.026886,-0.002973,0.084366,-0.009181,0.068815,0.120241,-0.014329,0.050238
2008-05-31,-0.227734,-0.274894,0.063247,0.158896,0.003379,0.025665,-0.049313,-0.011964,-0.009186,0.023097,0.133891,0.037598,-0.047506,-0.07631,0.134522,-0.025091,0.015789,0.058183,0.032631,0.014557,-0.020371,-0.000592,-0.151582,0.010732,-0.025057,-0.104239,-0.025765,-0.084416,0.016371,0.013767,-0.000121,0.037672,0.123221,-0.003513,-0.008513,-0.021232,-0.019481,0.016521,0.035021,-0.011443,-0.00218,-0.011263,-0.07645,0.004461,0.022957,-0.000345,0.072205,0.063118,-0.011358,0.002664
2008-06-30,-0.00998,-0.100203,-0.017772,0.06442,0.056185,0.041279,0.107682,-0.005787,-0.069659,-0.116198,0.059364,-0.060032,0.100998,0.086098,0.08734,-0.006178,0.010456,-0.080988,0.015463,0.270864,-0.015776,0.015238,0.201624,-0.085762,-0.016131,-0.042741,0.01445,0.092199,0.032924,-0.020098,0.009332,0.177118,0.093318,0.025447,0.000501,0.209428,0.192053,-0.098034,0.016542,0.126961,-0.011948,-0.115739,0.080282,0.0046,-0.125824,-0.000108,0.128672,0.077149,-0.023857,-0.076755
2008-07-31,-0.165372,0.253512,-0.061185,-0.120537,-0.049631,-0.015518,-0.087336,-0.020981,-0.042916,-0.012612,-0.110953,-0.008151,-0.090934,-0.050729,-0.110892,0.015466,-0.015533,0.123064,-0.048585,-0.125346,0.015724,-0.008114,0.063345,-0.009634,0.030473,-0.013676,0.003531,-0.108225,0.01598,-0.010297,-0.002211,-0.126566,-0.11696,-0.028445,0.008345,-0.203659,-0.101709,0.006945,-0.21865,-0.090405,0.011993,-0.008161,-0.056921,-0.004426,-0.061297,-0.004267,-0.310575,-0.117807,0.005054,0.026076
2008-08-31,0.102046,-0.112409,0.011434,-0.080193,-0.095601,-0.094553,-0.005742,-0.005801,0.044949,0.016362,-0.089683,-0.022431,0.004909,-0.057503,-0.088475,0.015716,-0.080573,-0.079692,-0.021164,-0.032139,0.028287,-0.054865,-0.083954,0.012399,0.030511,-0.051676,0.016954,-0.070388,-0.235127,-0.031948,-0.077117,-0.044646,-0.074137,-0.046115,0.014565,-0.032767,0.002379,-0.013563,-0.115052,0.0183,0.02318,-0.011401,-0.063361,-0.048179,0.03345,-0.056025,-0.150616,-0.083419,0.024981,0.010051
2008-09-30,-0.224944,-0.080001,-0.140496,-0.102852,-0.113147,0.051736,-0.151326,0.020562,-0.124847,-0.100967,-0.118775,-0.128375,-0.151876,-0.178148,-0.156257,-0.000325,-0.080685,0.002196,-0.049498,-0.239521,0.002682,-0.044422,-0.031349,-0.090233,0.000981,-0.078477,-0.009387,-0.127937,-0.104478,-0.002718,-0.020616,-0.210726,-0.036311,-0.020745,-0.021557,-0.166666,-0.112957,-0.095029,-0.317501,-0.104975,0.009874,-0.065311,-0.149987,-0.082503,-0.199496,-0.077172,-0.082731,-0.17603,0.020189,-0.077785
2008-10-31,-0.240508,-0.175629,-0.165232,-0.306907,-0.168762,-0.184604,-0.211397,0.073875,-0.119527,-0.142111,-0.301509,-0.253603,-0.195225,-0.226371,-0.349523,-0.000825,-0.16286,-0.146417,-0.076461,-0.022906,0.018321,-0.100256,-0.120076,-0.167791,-0.015748,-0.341207,-0.052577,-0.114072,-0.207346,-0.127047,-0.095932,-0.114593,-0.338245,-0.043063,-0.004981,-0.17641,-0.197432,-0.139775,-0.08046,-0.133767,0.014279,-0.174006,-0.364708,-0.120106,-0.195691,-0.10629,-0.129633,-0.236364,0.031918,-0.084501
2008-11-30,-0.157767,-0.27143,-0.047381,-0.196956,-0.139844,0.136451,0.011655,0.031463,-0.020921,-0.058498,-0.170473,0.008361,-0.017452,0.072431,-0.242948,0.004159,-0.009988,0.085762,-0.057444,-0.062271,0.055453,0.002019,-0.00999,-0.072532,0.068164,0.086154,0.119698,-0.191957,0.046803,-0.020037,-0.04848,-0.053591,-0.194056,-0.038735,0.044696,-0.129516,0.162667,-0.078086,-0.085114,0.007999,0.018538,-0.011168,-0.112357,-0.036883,-0.054074,-0.036711,-0.031674,-0.030357,0.022286,-0.053394
2008-12-31,0.144136,-0.078256,-0.039125,-0.18609,-0.136849,0.079729,0.088196,0.048951,0.030393,-0.014585,-0.214092,0.03754,0.083405,0.02316,-0.185936,0.017091,0.072187,-0.091759,-0.018255,0.173828,0.026647,0.095828,-0.00755,0.010305,0.062457,-0.014316,0.077158,-0.038059,0.104077,0.005484,-0.063141,0.101078,-0.344837,0.138836,0.062112,0.112783,0.161697,0.030424,0.196,-0.034886,0.041104,0.028895,-0.145195,0.002832,-0.025893,0.02443,-0.12902,0.021793,0.066145,-0.053265
2009-01-31,-0.043143,0.115656,-0.03333,0.00811,-0.133136,0.048626,-0.069996,0.008717,-0.065168,-0.079037,0.058278,-0.100697,-0.046031,0.007953,-0.056765,0.007594,-0.084746,-0.03819,-0.047063,0.034942,-0.032927,-0.076808,0.072833,-0.083032,-0.063201,-0.098666,-0.063686,-0.043478,0.112459,-0.003799,0.00362,0.0,-0.113525,-0.083286,-0.033625,-0.068797,0.039487,-0.102181,0.007062,0.061134,-0.007395,-0.073073,0.041489,0.015538,0.008011,-0.0461,-0.204385,-0.016822,-0.011167,-0.039992
2009-02-28,-0.110504,-0.072927,-0.063435,-0.117227,-0.013511,0.015186,-0.101232,-0.082527,-0.072223,-0.091338,-0.149147,-0.047988,-0.081531,-0.148731,-0.019981,-0.003074,0.006856,-0.032948,0.009692,-0.113183,0.018185,-0.008485,0.063114,-0.107023,0.02918,0.02025,-0.006535,-0.013636,0.041369,-0.022477,-0.010943,-0.107653,0.044678,-0.004009,0.012871,-0.074537,-0.094967,-0.113582,0.077447,-0.079478,0.019664,-0.096791,0.039154,-0.018211,-0.115774,-0.077323,-0.043209,-0.05744,-0.010315,-0.107969
2009-03-31,-0.019563,0.211086,0.08222,0.060204,0.026025,-0.021114,0.021572,-0.009892,0.031339,0.039382,0.069377,0.080278,0.023661,0.074186,0.00534,0.002306,0.090002,-0.00903,-0.023274,0.070703,0.010442,0.045617,-0.077197,0.088105,0.053243,0.159698,0.056628,0.009217,-0.009539,0.008536,0.005733,0.091743,0.087958,0.024027,0.03133,0.127438,0.079748,0.063616,0.109686,0.034406,-0.005534,0.02572,0.198896,0.045627,-0.00606,0.088326,-0.126041,0.089789,0.002192,0.056996
2009-04-30,0.185238,0.046466,0.072067,-0.038896,0.06584,-0.036541,-0.015955,0.003483,0.082871,0.132275,0.001161,0.091123,0.005233,0.151069,0.019314,-0.01147,0.059821,-0.193619,0.009787,0.159837,-0.0137,-0.001906,0.108917,0.096242,-0.028759,0.073538,-0.041433,0.141553,-0.052323,0.058884,0.033723,0.123949,-0.013925,-0.002335,-0.029684,-0.021002,-0.099611,0.169793,-0.018544,-0.006483,-0.000842,0.157892,0.113038,0.028187,0.123031,0.026662,-0.137626,0.077335,-0.019933,0.071266
2009-05-31,0.192033,0.178762,0.120215,0.228232,-0.043683,0.098296,0.187791,0.030219,0.043617,0.064072,0.202308,0.073434,0.174861,0.048207,0.24775,-0.000229,0.091811,-0.009304,-0.014239,0.116788,-0.027066,0.068303,0.08499,0.055248,-0.013162,0.093885,-0.030882,0.16,0.266514,0.084085,0.088281,0.122274,0.287444,0.067523,-0.022133,0.081166,0.089584,0.028655,0.093681,0.185507,-0.016049,0.060435,0.073261,0.04671,0.08558,0.06257,0.105712,0.078134,-0.033846,0.026265
2009-06-30,0.100137,0.070949,-0.001906,0.024082,0.125989,-0.053965,-0.197725,-0.011028,-0.032599,-0.038887,0.041601,0.043058,-0.17067,-0.064419,0.045748,7.6e-05,0.012207,-0.105901,0.041857,0.077908,0.022348,-0.008817,0.078927,0.002338,0.014484,-0.019287,0.002699,-0.013793,-0.130437,-0.056632,0.021372,0.035684,0.04513,-0.019723,0.007018,-0.202865,-0.039128,-0.024796,-0.083728,-0.14629,-0.011528,0.039628,0.027529,-0.021771,-0.020003,-0.021531,-0.037996,-0.103201,-0.001227,0.007851
2009-07-31,0.16784,0.106092,0.040815,0.003408,0.160781,0.028362,-0.023116,0.013162,0.084895,0.091501,0.004861,0.044239,-0.035776,0.041336,0.018334,0.013376,0.030825,-0.076256,-0.006452,-0.124424,0.011574,0.010748,0.042558,0.076025,-0.01668,0.126548,0.010221,0.031469,0.024982,0.074036,0.006704,0.013179,-0.019791,0.010118,-0.00861,-0.042313,0.152062,0.108414,0.134,0.066308,0.016966,0.117695,0.154712,0.046464,0.115131,0.063598,-0.092835,0.001142,0.028268,0.104677
2009-08-31,0.06348,0.123061,-0.001376,-0.029086,-0.003989,-0.00241,-0.108377,0.025913,0.074836,0.069964,-0.025129,0.007759,-0.097005,-0.002936,-0.01533,-0.001512,0.01658,-0.106682,-0.039078,0.059557,0.020101,0.012145,0.310596,0.035377,0.030808,0.069376,0.014552,-0.054237,0.068727,-0.015725,-0.016848,0.05364,0.002264,0.018025,0.012315,-0.039027,-0.041611,0.023773,-0.030392,-0.054363,0.024846,0.049504,0.070324,0.02615,0.050491,0.025861,-0.277326,-0.001997,-0.003611,0.045026
2009-09-30,-0.065024,0.075854,0.04606,-0.006911,-0.011531,0.058598,-0.082707,0.035859,0.041375,0.038545,-0.03031,-0.029696,-0.084973,0.061983,-0.04399,0.009454,0.049306,0.039985,-0.012407,-0.245229,0.003588,0.018543,-0.011055,0.037482,-0.004129,0.042082,0.018544,0.023297,0.116287,0.023218,-0.018623,-0.053598,0.006288,0.018272,0.010513,0.043213,0.124183,0.037207,0.032541,0.044972,-0.003206,0.035641,-0.002653,0.035629,0.051539,0.015298,0.255793,-0.029151,0.01043,0.016859
2009-10-31,0.019768,0.005714,-0.047775,0.08115,0.002531,0.030815,0.080328,-0.011078,-0.01769,-0.051008,0.116632,-0.00995,0.047219,0.07639,0.063246,0.000224,0.026352,0.143138,-0.005222,0.02875,-0.005878,0.009427,-0.101624,-0.018062,-0.001726,0.092263,-0.003007,0.036077,-0.024203,-0.003667,0.030773,0.055016,0.090087,0.012868,-0.008487,0.063954,0.049834,-0.047758,0.057701,0.060251,0.004634,-0.026699,0.048422,0.019253,-0.029836,-0.008738,-0.117701,0.071534,0.015625,-0.00837
2009-11-30,-0.102991,0.010782,0.052337,0.006437,0.075888,0.135241,0.148204,0.050637,0.039094,0.025406,-0.028468,-0.06793,0.123246,0.045975,0.033126,-0.001233,0.015848,0.033518,-0.028892,0.100337,0.022153,0.017626,-0.007447,0.058972,0.010422,0.070158,0.026464,0.031102,0.137785,0.02176,-0.004217,0.08602,-0.006066,0.019706,0.020254,0.100409,-0.025316,0.043121,0.090849,0.046495,0.011452,0.029533,0.065301,0.004485,0.013434,0.008987,-0.095495,0.104121,0.001914,-0.005413
2009-12-31,0.128238,0.032687,0.022314,0.03462,0.077111,-0.072829,-0.080255,-0.074805,0.039921,0.07238,0.015989,0.131978,-0.067391,0.012315,-0.016721,0.012401,-0.014346,-0.019066,0.005253,-0.039474,-0.018546,-0.044283,0.190374,0.019346,-0.044811,0.097179,-0.054269,0.139344,-0.090679,0.005637,-0.015803,-0.019566,0.009518,-0.028759,-0.033066,-0.007185,0.009334,0.056213,0.039164,-0.042606,0.013825,0.026089,0.053354,-0.015696,0.097003,-0.021252,0.144221,0.003981,0.007354,0.049831
2010-01-31,-0.002487,-0.170111,-0.063691,-0.10054,-0.072807,-0.012035,-0.124654,0.026751,-0.03972,-0.051743,-0.08574,-0.03605,-0.091842,-0.086909,-0.091865,-0.005085,-0.008555,0.013713,-0.004351,-0.127748,0.020369,-0.031191,0.109463,-0.035366,0.012682,-0.179024,0.026813,-0.053237,-0.038877,-0.016124,-0.007538,-0.128279,-0.082973,-0.019524,0.027695,-0.139928,-0.031765,-0.059066,0.015462,-0.03126,-0.0016,-0.081937,-0.087855,-0.018485,-0.022441,-0.027581,-0.070335,-0.104089,-0.008883,-0.015409
2010-02-28,0.143159,0.064994,0.051022,0.058496,0.021318,0.032384,0.068565,0.02005,0.036511,-0.008163,0.059839,-0.005879,0.049281,0.196741,0.070077,0.000957,0.010437,0.061231,0.028527,-0.002191,0.010739,-0.0181,-0.192995,0.030055,-0.007546,0.036956,0.005444,0.038906,0.019158,0.008137,-0.049723,0.040483,0.090843,-0.017589,-0.000683,0.060307,-0.083887,-0.002319,0.004631,-0.020122,0.008751,-0.053907,0.070763,-0.00158,-0.027194,0.032198,-0.070276,0.08686,0.012365,0.039749
2010-03-31,0.180821,-0.014378,0.040912,0.063525,0.08341,-0.005005,-0.132402,-0.049099,0.060394,0.070488,0.081454,0.10531,-0.113724,-0.023164,0.046004,0.002818,0.02868,0.007203,0.050313,-0.027086,0.00592,-0.008452,-0.297017,0.060221,0.010283,0.076316,-0.010917,0.077531,0.060813,0.041841,-0.00337,-0.020813,0.046962,0.01902,-0.008533,-0.113109,0.017679,0.096398,0.072624,0.037727,0.004752,0.050696,0.082065,-0.00264,0.083046,-0.011844,-0.211324,-0.024943,0.012076,0.03401
2010-04-30,0.05054,0.034915,0.015212,0.050254,-0.034197,0.059396,0.091565,-0.006228,-0.018363,-0.0399,0.074533,-0.004553,0.094748,0.027439,0.052259,0.000988,0.017478,0.110388,0.007217,0.095937,0.013645,-0.017355,-0.092819,0.016143,0.011353,-0.043197,0.022768,-0.045615,0.061933,0.001688,0.009238,0.051543,0.023619,-0.023831,0.007369,0.061594,0.087751,-0.001791,-0.02879,-0.006976,0.001861,-0.035042,-0.060786,0.006555,0.012654,-0.007183,-0.004764,0.007048,0.009402,-0.029318
2010-05-31,-0.189686,-0.176039,-0.032908,-0.144878,-0.099354,0.026681,-0.08996,0.032394,-0.058174,-0.057613,-0.131729,-0.116752,-0.064594,-0.048507,-0.154565,0.008853,-0.095785,-0.051833,-0.039267,-0.061105,0.040843,-0.077243,-0.063409,-0.080459,0.034334,-0.158625,0.036539,0.004267,-0.011648,-0.034869,-0.050626,-0.061312,-0.175177,-0.06733,0.03149,-0.043305,-0.084767,-0.027403,-0.064682,-0.007762,0.028178,-0.094373,-0.07425,-0.088129,-0.065914,-0.074237,0.101029,-0.025143,0.043766,-0.040673
2010-06-30,-0.0764,-0.058448,-0.040274,-0.011372,-0.034478,0.025432,0.015292,0.028351,-0.052927,-0.01436,0.00664,-0.041947,0.009346,0.031857,-0.006786,0.010896,0.010468,-0.040858,0.00868,0.058135,0.010802,-0.002057,0.270663,-0.052249,0.024145,-0.081004,0.039626,-0.023229,0.013498,-0.012441,0.029649,0.011464,0.013987,0.070515,0.025012,-0.013231,-0.023714,-0.000896,-0.018861,0.223092,0.013764,-0.00598,-0.054277,-0.00141,-0.014308,0.005717,0.059764,-0.035363,0.014715,-0.033957
2010-07-31,0.069997,0.184134,0.037001,0.014094,0.100583,-0.051532,0.377408,0.020621,0.074696,0.057802,0.00192,0.018108,0.359879,0.045039,0.043529,0.012079,0.075681,0.051128,0.029162,0.074292,-0.006023,0.063429,0.218552,0.070319,0.005667,0.127712,0.010973,0.151392,-0.037688,0.031943,0.046809,0.130504,0.042064,0.030232,-0.00188,0.082699,0.049954,0.034471,0.047827,0.063008,0.010212,0.140081,0.122352,0.072486,0.045434,0.076412,0.079156,0.09785,-0.006283,0.016896
2010-08-31,-0.021922,-0.009192,0.01419,-0.044875,-0.057321,0.056331,-0.013605,0.031778,-0.008309,-0.041645,-0.020607,-0.076586,0.019644,0.081601,-0.055181,0.012388,-0.012887,-0.049037,0.028275,-0.02155,0.066489,-0.024429,0.00919,-0.045832,0.056856,0.01341,0.053695,0.079345,0.077513,-0.033788,-0.018501,-0.003953,-0.093494,0.03146,0.034429,0.080841,-0.127455,-0.041755,-0.015824,0.002838,0.018876,-0.027339,0.014947,-0.033426,-0.039935,-0.018907,-0.236162,-0.008787,0.027767,-0.004194
2010-09-30,0.132276,0.097292,0.032794,0.126681,0.136357,0.047074,-0.017135,0.004817,0.066897,0.063991,0.09615,0.070576,0.007473,0.169515,0.095823,-0.003958,0.092106,0.034929,-0.005907,-0.006903,-0.01174,0.074204,0.281023,0.089026,-0.008925,0.05911,-0.002893,0.176196,0.122917,0.039967,0.025531,0.095792,0.090433,0.037658,0.004091,0.12863,0.028514,0.054753,0.086093,0.025776,-0.007955,0.029372,0.083531,0.076515,0.056954,0.095575,-0.01459,0.132219,-0.005065,0.01961
2010-10-31,-0.019119,0.072214,0.019645,-0.021034,-0.007795,0.036655,0.064169,0.036842,0.023764,0.033128,-0.004614,-0.018126,0.089368,0.228995,0.014092,0.018206,0.016141,-0.11586,-0.007787,0.117842,-0.027422,0.018311,0.240198,0.038298,-0.010926,0.100254,-0.006699,0.02381,0.125717,0.008795,0.014821,0.107749,0.008708,-0.006945,-0.0031,0.173979,-0.005837,0.060648,0.001003,0.111446,-0.002597,0.034968,0.022459,-0.003958,0.009574,0.004677,-0.087654,0.102908,-0.008355,0.028906
2010-11-30,0.00244,-0.092306,0.018988,0.035392,-0.033956,0.020183,-0.093412,-0.038659,-0.020564,-0.053108,0.035878,0.082593,-0.053178,0.007743,0.032603,-0.013545,-0.018081,0.042677,0.043008,0.002665,-0.014449,-0.063082,-0.053934,-0.00084,-0.011003,-0.125416,-0.013788,-0.00969,0.147414,-0.008587,-0.025712,0.005663,0.027029,-0.013454,-0.020607,-0.089347,-0.008806,0.012463,0.018442,-0.012288,-0.002185,-0.136785,0.023971,-0.050225,-0.026561,-0.045771,0.006607,0.027383,-0.018654,-0.02686
2010-12-31,0.073026,0.152298,0.039339,0.09435,0.084925,0.025466,0.150253,0.032353,0.069658,0.054044,0.038116,0.028167,0.141516,0.234115,0.104037,-0.011869,0.073171,0.052458,0.018565,0.093621,-0.023722,0.030688,0.165886,0.066658,-0.011424,0.162926,-0.045056,0.026419,0.096589,0.034318,0.005536,0.12128,0.07959,0.068737,-0.002767,0.15625,0.080948,0.030857,0.001041,0.195328,-0.019884,0.06945,0.162463,0.069989,0.081943,0.047099,0.036147,0.13998,-0.031805,0.019468
2011-01-31,0.105033,-0.012331,0.013813,0.080394,0.020389,-0.061632,0.058546,-0.010409,-0.01018,0.051157,0.087889,0.001966,0.086663,0.163176,0.069386,-0.000451,-0.023382,0.094049,0.005538,0.027005,-0.013045,0.022004,0.057612,0.024012,-0.0217,-0.014298,-0.005071,0.168732,-0.089482,-0.005969,0.023306,0.007127,0.000644,-0.008407,-0.013825,0.048489,0.104566,0.024397,0.065769,0.01788,-0.006117,0.102502,0.002585,0.007852,0.016733,0.046566,0.002697,0.002425,-0.00521,0.009123
2011-02-28,0.059682,0.023212,0.044885,0.067696,0.025176,0.0565,-0.069283,-0.000173,0.024102,0.025477,0.109158,0.039112,-0.024061,0.217882,0.112231,-0.005765,0.024921,-0.055328,-0.010082,-0.062845,0.006126,0.007819,-0.042983,0.03329,0.003499,0.03307,0.00587,0.030995,0.200038,0.026956,0.015667,-0.039454,0.031498,0.010705,0.002453,0.095526,0.120711,0.025297,-0.006019,0.109886,-0.01107,0.004957,0.004374,0.032815,0.02598,0.017004,-0.105293,-0.019178,-0.010368,0.027118
2011-03-31,-0.100203,0.068215,-0.002968,0.051344,0.013809,0.02057,-0.06579,-0.011646,-0.007224,-0.029589,0.061181,-0.075752,-0.004931,0.047062,0.049928,0.006072,0.019691,0.055468,0.076618,0.040123,-0.017336,0.027867,-0.079454,0.000311,0.002871,-0.06362,-0.000969,0.000791,0.120289,0.002488,-0.014218,0.033339,0.090361,0.015664,-0.00305,-0.051641,-0.201033,-0.030497,-0.019749,-0.027789,0.004718,-0.024434,-0.042033,0.014144,-0.008975,0.004995,0.081327,0.035406,0.007066,-0.03309
2011-04-30,0.028781,-0.078193,-0.012891,0.04604,0.048863,0.080907,0.007861,0.021274,0.025232,0.033863,0.044729,0.011362,-0.01652,-0.107125,0.075835,-0.000468,0.062135,-0.075669,-0.063033,-0.03399,0.011642,0.04602,-0.137581,0.029904,0.021756,-0.048155,0.018941,-0.021344,0.282312,0.025863,0.040901,-0.012409,0.066269,0.053267,0.016479,0.08763,0.148199,0.063714,0.016418,0.133258,-0.018335,0.02849,-0.032964,0.057507,-0.006821,0.048124,0.062878,-0.011058,0.006212,0.041854
2011-05-31,-0.121555,0.019407,-0.010786,-0.067009,-0.035167,-0.013171,-0.023713,-0.001361,-0.011195,-0.00516,-0.071653,-0.018303,0.006652,0.004116,-0.056997,0.013784,-0.022503,-0.053035,-0.084689,-0.007819,0.026979,-0.030183,0.041777,-0.012068,0.018112,0.003568,0.032284,-0.140549,-0.211812,-0.019962,-0.012781,-0.012913,-0.104076,0.018103,0.023471,-0.011898,-0.101729,-0.031011,-0.001424,-0.117559,0.01685,-0.022937,-0.000359,-0.027234,-0.022933,-0.023466,-0.014551,0.006193,0.029427,0.005673
2011-06-30,-0.008053,0.05957,-0.029453,-0.039403,-0.059238,-0.022122,-0.252477,0.005838,-0.004399,-0.001981,-0.039392,0.01453,-0.241465,0.007059,-0.00148,0.00437,0.008962,0.049763,0.052193,-0.065015,0.006695,0.009274,0.22349,-0.016799,-0.005621,0.04032,-0.010593,-0.035714,-0.091201,0.004715,-0.024215,-0.05069,-0.07846,0.012791,-0.001545,-0.158528,0.056849,0.009374,-0.049515,0.002836,0.021603,-0.012088,0.022621,0.007602,-0.029349,-0.018607,-0.061927,-0.058984,0.013975,-0.056564
2011-07-31,0.066149,-0.031032,-0.03936,0.050881,0.032834,0.083509,0.094831,0.046094,-0.019976,-0.077998,0.04465,0.001014,0.084482,-0.174716,0.056208,0.002746,0.030054,0.12108,0.015779,0.058399,0.037772,-0.007988,0.131721,-0.019908,0.051687,0.049357,0.045043,0.062378,0.151431,0.012262,0.022843,0.042132,0.000271,0.068092,0.033713,0.027007,-0.056332,-0.028478,0.029768,-0.098081,0.015886,-0.063309,0.046001,-0.00374,-0.031218,0.002147,-0.040957,0.011083,0.013877,-0.062701
2011-08-31,-0.112757,-0.003447,-0.006558,-0.006842,-0.066927,0.122342,0.108179,0.008989,-0.068886,-0.11376,0.001025,-0.088503,0.135593,0.037233,-0.013099,0.009583,-0.020828,-0.074677,-0.028123,0.083049,0.046642,0.00262,-0.004348,-0.055149,0.03023,-0.084876,0.064855,-0.110092,0.039706,-0.023593,-0.007745,0.074526,-0.07531,-0.023151,0.030167,0.138242,0.041741,-0.193358,0.041008,0.206847,0.044795,-0.090061,-0.065298,0.01063,-0.105625,-0.000977,-0.015055,0.052111,0.058534,-0.051724
2011-09-30,-0.207646,-0.232495,-0.082108,-0.093775,-0.131307,-0.114198,-0.230259,-0.008154,-0.050384,-0.081143,-0.089177,-0.023475,-0.213408,-0.067722,-0.081062,0.005737,-0.088787,0.092103,0.071257,-0.199842,0.026168,-0.067774,-0.112531,-0.06997,0.041696,-0.191825,0.036229,-0.134227,-0.279752,-0.060909,-0.042938,-0.19108,-0.108514,-0.112914,0.035236,-0.228014,-0.161999,-0.057059,-0.204607,-0.205898,0.013842,-0.021812,-0.250326,-0.087336,-0.043679,-0.077648,-0.105234,-0.146883,0.033858,0.003864
2011-10-31,0.112254,0.041328,0.048144,0.094846,0.028487,0.063428,0.031186,-0.011899,0.087998,0.086194,0.080721,0.029872,0.029829,0.020957,0.089502,0.00102,0.096159,-0.003696,-0.033022,0.037414,-0.017519,0.039823,0.018964,0.109423,-0.002233,0.074845,-0.020583,0.047869,0.141969,0.049927,0.03646,0.024173,0.166152,0.042478,-0.011837,0.091984,0.033419,0.12813,0.114344,-0.008519,-0.00039,0.051839,0.152282,0.066268,0.095102,0.063893,0.004702,0.024424,-0.006501,0.040088
2011-11-30,-0.106137,0.011577,-0.003153,-0.012068,-0.047604,0.011769,-0.051731,0.003902,-0.008214,-0.025315,0.02769,-0.060221,-0.102069,-0.117113,0.010653,0.002906,-0.028181,0.008,0.025292,-0.081303,-0.014271,-0.03459,-0.080705,-0.003359,0.016358,0.042118,0.013382,-0.091136,-0.047244,-0.022434,-0.025297,-0.070652,0.074057,-0.043663,0.017062,-0.070711,-0.19801,-0.014501,-0.06952,0.030184,0.012361,-0.045041,-0.018996,-0.042641,-0.020786,-0.03963,-0.138823,-0.037131,0.021694,-0.017616
2011-12-31,0.069915,-0.04054,-0.018097,-0.029782,-0.055344,-0.104841,0.063111,0.008049,0.014773,0.006402,-0.033985,0.005879,0.08472,0.009789,-0.014523,0.001312,0.001681,-0.079447,-0.017394,0.065427,0.053409,-0.035983,-0.016469,0.010199,0.034536,-0.114083,0.025117,-0.019505,-0.149044,-0.000687,-0.011601,0.059447,-0.015427,-0.027591,0.020713,0.063324,-0.084988,-0.031348,-0.076998,-0.042424,0.012999,0.014667,-0.039017,-0.031986,0.043468,-0.014708,-0.168018,0.057236,0.002854,0.05921
2012-01-31,0.111812,0.082111,0.04301,0.050993,0.100149,0.109138,0.020299,0.00857,0.019607,0.043268,0.034046,0.042665,-0.002092,0.015796,0.032208,0.0043,0.040504,0.038264,0.027996,0.031997,0.003445,0.008198,0.014603,0.04525,0.003589,0.139841,0.011489,0.231829,0.191555,0.016044,0.015705,-0.007245,-0.002238,0.016355,0.006767,-0.011601,0.086102,0.096356,0.153694,-0.052015,0.006844,0.003173,0.103028,0.01982,0.016813,0.008441,-0.186301,-0.023421,-0.001815,-0.000681
2012-02-29,-0.078659,-0.029053,0.013705,0.044933,0.031933,-0.016717,-0.002628,-0.058227,0.036921,0.044631,0.055804,0.102018,-0.023061,-0.036356,0.112953,0.001801,0.019956,0.006188,0.009141,0.099906,0.00526,0.021834,0.085453,0.042173,-0.012569,-0.000712,-0.012113,-0.017598,0.039717,0.018854,0.012525,0.095497,0.083008,0.020458,-0.007877,0.027387,0.040574,0.059673,0.018812,-0.055338,0.000171,-0.006049,0.021241,0.055256,0.020962,0.036986,-0.01787,0.063299,-0.017035,0.033471
2012-03-31,-0.07551,-0.052448,-0.013485,-0.011698,-0.093301,-0.024543,-0.010853,-0.016701,-0.012634,-0.005548,0.010462,0.045651,-0.015526,0.034058,0.009518,-0.000219,-0.037794,-0.067105,-0.071675,0.106777,0.001288,-0.004605,-0.011997,0.032841,-0.001149,-0.051936,-0.024754,-0.029505,-0.062302,-0.013808,0.000401,0.062879,-0.041973,-0.003651,-0.009957,-0.021278,-0.04979,0.013294,-0.041321,-0.102337,-0.00456,-0.054174,-0.014048,-0.024349,-0.002295,-0.00778,-0.219728,0.018673,-0.004978,0.023925
2012-04-30,0.002417,0.056888,-0.008949,0.004199,-0.010201,-0.004606,-0.019675,0.03039,-0.002536,-0.06053,-0.00641,-0.058494,-0.069176,-0.067051,-0.022751,0.005751,0.00833,-0.089737,-0.017224,0.117314,0.021958,-0.006249,-0.143259,-0.005922,0.01091,0.030195,0.034574,-0.029273,-0.046948,0.012237,0.016533,0.071276,0.009833,-0.004528,0.010405,0.025234,0.020202,-0.026719,-0.038145,-0.024664,0.005048,-0.120201,0.002222,-0.003092,-0.037706,-0.011881,0.029297,0.001452,0.013045,-0.008488
2012-05-31,-0.094783,-0.114563,-0.061278,-0.150117,-0.066364,-0.06105,-0.016425,0.017953,-0.074615,-0.041609,-0.131851,-0.102041,0.004532,-0.199656,-0.132131,0.010243,-0.065018,0.045089,0.025847,-0.091642,0.044198,-0.065924,-0.080504,-0.060984,0.056215,-0.092698,0.043585,-0.123082,-0.105062,-0.045569,-0.051956,-0.109931,-0.1766,-0.066303,0.038574,-0.124556,-0.061262,-0.079115,-0.0604,-0.105263,0.012886,-0.116317,-0.121166,-0.061627,-0.048216,-0.074112,0.036053,-0.099493,0.031646,-0.039192
2012-06-30,0.031368,-0.032924,0.014334,-0.002663,-0.046468,0.025571,0.147961,-0.01753,0.052703,0.067829,-0.021054,0.057537,0.110526,0.008527,-0.041324,0.004883,0.059845,0.061813,0.013034,0.105196,-0.03173,0.026234,0.123053,0.041155,-0.015817,0.007367,-0.006473,-0.017857,-0.006381,0.016744,0.019195,0.128918,-0.013931,0.026107,0.000854,0.211165,0.098879,0.027066,0.02395,0.058823,0.007826,0.17574,0.036993,0.029407,0.059822,0.054645,0.155955,0.024753,0.006773,0.03944
2012-07-31,-0.053614,0.031535,0.004072,0.048637,-0.018603,0.003926,0.172994,0.021186,0.015029,0.031349,0.074705,-0.036589,0.180555,-0.013835,0.074742,0.00788,0.029656,-0.019256,-0.013076,0.249312,0.030579,-0.029793,0.077583,0.014364,0.027702,-0.025242,0.017946,-0.094805,0.010949,0.017799,-0.000982,0.161464,0.032086,-0.030396,0.006342,0.283215,0.037193,0.058099,-0.041085,0.021675,0.001262,-0.039628,-0.022593,-0.010648,0.064346,0.017849,0.134482,0.032404,0.012357,0.05628
2012-08-31,0.004546,0.024511,0.02802,0.112918,0.007461,0.04521,-0.020546,-0.002879,0.016496,0.036274,0.097619,0.016095,-0.013165,0.083583,0.107423,-0.002145,-0.014974,-0.076273,0.013063,0.004406,0.001894,0.023128,-0.126324,0.02153,0.001427,-0.008978,-0.002899,0.126255,0.123783,0.016355,0.013774,0.065038,0.093691,0.023221,-0.008866,-0.00465,0.117409,0.027344,0.121606,-0.056478,0.000307,0.104469,0.010679,0.039688,0.014021,0.026666,-0.144357,0.076469,-0.009252,-0.000312
2012-09-30,0.157501,0.160211,0.031417,-0.003397,0.107032,0.050912,0.014615,0.006198,0.007353,-0.012073,-0.013572,0.013617,0.02373,-0.095836,-0.010484,0.003234,0.009043,0.040442,-0.031346,-0.109852,-0.00503,0.020331,-0.010098,0.025961,-0.005919,0.131812,-0.00373,0.135796,0.099714,0.003567,0.016768,-0.088529,-0.050064,0.013194,0.005068,-0.054393,-0.035714,0.038033,0.065494,0.05311,-0.001635,0.04428,0.08707,0.012951,-0.015779,0.011146,0.115343,-0.079166,-0.00605,0.017039
2012-10-31,-0.125142,-0.091466,0.013274,-0.028801,-0.103242,-0.030892,-0.042105,-0.026896,0.008927,0.02194,-0.016926,0.004524,-0.025337,-0.00821,-0.023759,0.003736,7.7e-05,0.061359,0.009825,-0.009856,-0.002951,0.006929,-0.047003,-0.018082,-0.0135,-0.119283,-0.004663,-0.095559,-0.065377,-0.014917,-0.00223,-0.033728,-0.063711,0.008698,-0.005218,-0.000661,-0.050993,0.004491,-0.087322,-0.108647,0.006046,0.020405,-0.063996,0.003845,0.019379,-0.01098,0.014945,-0.038764,-0.001884,0.013368
2012-11-30,0.089649,0.091437,-0.011411,-0.006857,0.105921,-0.004767,-0.022845,-0.031035,0.018986,0.039486,0.000778,0.059361,-0.00719,0.03682,0.051414,0.003562,0.008478,0.074093,0.006355,-0.082538,0.015777,0.003428,-0.006181,0.004556,0.010346,0.099511,0.013323,0.082589,0.027476,0.006815,-0.005115,-0.071026,0.028019,0.004674,0.010007,-0.010254,0.062783,0.020354,0.026901,-0.081151,0.005,0.011731,0.03184,0.009224,0.021848,-0.002595,-0.062131,-0.006389,0.009428,0.033813
2012-12-31,-0.035336,0.02911,0.018308,-0.005098,-0.017639,-0.021547,-0.099016,-0.046574,0.002239,0.025208,-0.027273,0.101894,-0.090063,0.016639,0.007924,0.003255,-0.00245,-0.013798,0.014573,-0.049277,0.011707,0.013337,0.008806,0.00876,-0.006304,0.008715,-0.013622,0.09874,-0.091709,-0.001737,0.014289,-0.0139,0.027316,0.011602,-0.008462,-0.072402,-0.104843,0.026087,-0.018306,-0.045151,0.002733,0.031887,0.000685,0.01879,0.019041,0.024475,-0.074959,-0.016677,-0.003407,0.000435
2013-01-31,0.073202,0.046339,0.021232,0.032326,0.000728,-0.009068,0.001928,-0.052782,0.070437,0.024589,0.071195,0.069207,0.008123,0.103945,0.048826,-0.002579,0.007067,0.021866,-0.035338,0.01379,-0.024052,0.029304,-0.037416,0.052095,-0.026725,0.03119,-0.022578,0.038365,0.037178,-0.002503,-0.024555,0.041858,0.05697,0.00469,-0.019096,0.060509,-0.013674,0.023299,0.097737,0.021906,-0.014292,0.039402,0.021764,0.017761,0.03266,0.023133,-0.013396,0.074785,-0.027408,0.087851
2013-02-28,-0.095935,-0.065035,0.015408,-0.047076,-0.051529,-0.050481,-0.092046,-0.011019,0.015745,-0.002132,-0.045278,0.035097,-0.108326,0.007348,-0.029293,0.003723,-0.01641,-0.093455,-0.022216,0.0197,0.015687,-0.037033,-0.021306,0.012702,0.010643,-0.044475,0.015544,-0.061446,-0.094295,-0.02782,-0.042424,0.003916,-0.063368,-0.024571,0.014844,-0.02836,-0.027125,-0.005837,-0.071169,-0.029263,-0.007396,-0.01748,-0.054796,-0.04214,-0.03649,-0.01219,0.035273,-0.063308,-0.018004,0.030096
2013-03-31,0.002021,-0.078556,-0.007364,-0.015233,-0.051161,0.010582,-0.037438,-0.018911,0.008985,0.00383,-0.025029,0.08387,-0.03454,0.037169,-0.008027,0.01625,0.020777,-0.004932,-0.007318,-0.069457,0.022617,-0.018008,-0.039716,0.037579,0.023896,-0.089307,0.006549,-0.028669,-0.003814,0.012599,0.000507,-0.032707,0.050188,-0.014827,0.008812,-0.011727,0.016729,0.004812,-0.028946,-0.042248,0.00268,-0.042727,-0.041016,-0.017869,0.0223,-0.008008,0.149993,0.031459,0.009107,0.031185
2013-04-30,-0.07798,-0.043617,-0.027031,-0.056941,-0.030575,-0.077462,0.049436,-0.03499,0.005121,0.036799,-0.078956,0.119384,0.098039,-0.033123,-0.071699,0.003765,-0.002086,0.006144,-0.019894,0.058576,0.008527,0.026497,0.000574,0.019694,0.013598,-0.023092,0.021128,-0.13326,-0.14757,0.010687,0.025161,0.044847,-0.043404,0.018978,0.018927,-0.01726,0.091408,0.015447,-0.025068,-0.01604,0.008384,0.075778,-0.063051,0.014302,0.016341,0.005126,0.061141,-0.026761,0.027485,0.024181
2013-05-31,-0.038547,0.093159,0.022841,-0.016728,0.015481,-0.054004,-0.034884,-0.03545,0.02977,0.043703,-0.00588,-0.012972,-0.048765,-0.09272,-0.019199,-0.020177,-0.074163,0.032941,-0.004922,0.044128,-0.022012,-0.017191,-0.059654,0.022371,-0.033566,0.024246,-0.047003,0.068615,-0.080293,-0.026066,-0.025687,0.079342,-0.016137,-0.032201,-0.03697,0.018462,-0.074819,0.056244,0.006262,-0.059585,0.001531,-0.009384,0.032944,-0.020656,0.046203,-0.025491,-0.090549,-0.017792,-0.011874,0.011932
2013-06-30,-0.07677,-0.073629,-0.039481,0.035377,-0.079234,-0.121537,-0.080794,0.016386,-0.05623,-0.050553,0.044645,0.0,-0.098868,0.042215,0.0108,-0.004767,-0.043131,0.079123,0.013075,0.096377,-0.021774,0.002815,-0.010255,-0.013349,-0.041357,-0.04468,-0.034984,-0.03805,-0.125522,-0.019593,0.000607,0.036093,0.052775,0.013867,-0.034352,0.026058,0.001207,-0.048619,-0.109427,-0.05549,-0.023821,-0.06694,-0.073503,-0.035036,-0.051864,-0.014462,-0.11236,-0.044874,-0.023604,-0.039012
2013-07-31,0.010051,0.0072,0.029305,0.064472,0.006835,0.07249,0.009882,0.009847,0.065243,0.068421,0.037898,-0.005822,0.022793,0.000231,0.066555,0.002931,-0.017322,0.001273,-0.004711,-0.112584,0.003055,0.021411,0.002927,0.051087,0.009343,-0.016014,-0.006449,0.044499,0.008134,0.026915,-0.000218,-0.039832,0.087381,0.01806,-0.002798,-0.088169,0.062086,0.035523,0.076414,-0.014954,-0.012539,0.095932,0.019954,0.033568,0.072733,0.033412,-0.036989,-0.092457,-0.009476,0.021669
2013-08-31,-0.007513,0.037811,0.018648,0.027659,-0.003927,0.063383,-0.031615,0.002283,-0.023697,-0.013804,0.062175,-0.018366,-0.008489,-0.022528,0.07315,0.00753,-0.005416,0.051605,0.010556,0.076074,-0.014607,-0.007071,-0.037101,-0.029606,-0.02302,0.027664,-0.014407,0.021302,0.195368,-0.024685,0.020578,0.139429,0.023473,-0.003711,-0.017089,-0.008016,0.049943,-0.016001,0.023479,-0.054803,-0.002601,-0.012877,0.03415,-0.03385,-0.014933,-0.014697,0.034823,0.039658,-0.015769,-0.007282
2013-09-30,0.0097,-0.02249,0.010987,-0.052796,0.009218,-0.049648,0.037462,-0.000236,0.007713,0.054633,-0.058029,0.087672,0.051172,0.028784,-0.040257,0.005039,0.051918,0.049644,0.008284,-0.124519,0.015093,0.026485,0.069762,0.031391,0.010387,-0.000266,0.019187,0.057937,-0.076766,0.027016,0.047105,-0.055064,-0.050106,0.030887,0.011421,-0.084024,0.083784,0.057224,-0.075973,-0.022356,-0.00504,0.107584,0.027836,0.020129,0.033624,0.034183,-0.025113,-0.05185,-0.023451,0.032046
2013-10-31,0.046149,0.029319,0.048741,-0.001247,-0.001097,-0.002489,-0.016212,-3.8e-05,0.043411,0.037535,0.022475,-0.007562,0.001353,-0.115002,0.006788,0.009479,0.014919,0.029439,0.00568,-0.01537,0.010079,0.004246,0.009918,0.046179,0.008774,0.01248,0.01121,-0.005257,0.007311,-0.013588,-0.007653,-0.001949,-0.062972,-0.001667,0.013407,-0.030012,0.013965,0.051635,0.058781,-0.073002,0.007819,0.084182,-0.006769,0.012415,0.045251,-0.006648,-0.030963,0.00265,0.018591,0.028677
2013-11-30,-0.07706,-0.053049,0.006653,0.031787,-0.065296,-0.055221,-0.018727,-0.041708,-0.008587,0.000619,0.020568,0.096877,-0.0368,0.012435,0.010265,0.002898,-0.033065,-0.039248,0.005648,0.131318,-0.003659,0.001438,-0.063871,0.029599,-0.013388,-0.038536,-0.016939,-0.011231,-0.086228,-0.014206,0.019798,0.055479,-0.043294,0.001826,-0.012652,-0.030356,0.042302,0.041905,-0.051034,0.046016,0.006724,-0.002831,-0.021209,-0.026441,0.014697,-0.009211,0.09102,-0.038924,0.01571,0.003274
2013-12-31,0.026776,0.062362,0.017541,0.015309,0.016883,-0.03847,-0.094953,-0.026361,0.014817,0.001919,0.001588,0.034885,-0.096933,0.066668,0.019922,-0.004124,-0.019067,-0.056857,0.002795,-0.041393,-0.025277,0.012054,-0.043146,0.025063,-0.023787,0.091251,-0.02339,-0.042316,-0.033115,-0.002805,0.011333,-0.017957,0.058599,0.015764,-0.018231,-0.005889,-0.028315,0.018932,0.027398,-0.001356,-0.006021,0.011763,0.05975,0.009257,0.013206,0.018332,0.079382,-0.0345,-0.006477,-0.010478
2014-01-31,0.005048,-0.049422,0.004096,0.069882,-0.061369,0.03144,-0.081784,0.030434,-0.035688,-0.030709,-0.028089,-0.088368,-0.039032,0.01405,-0.027542,0.001353,-0.02277,0.009364,0.052368,-0.026502,0.040606,-0.021326,-0.052386,-0.033891,0.034764,-0.043122,0.04186,0.031395,-0.012874,-0.046316,-0.007537,-0.007544,-0.009226,-0.01823,0.044122,0.028437,0.074794,-0.029358,-0.024333,0.130986,0.005499,0.007159,-0.058738,-0.034313,-0.038389,-0.01836,0.188217,-0.040135,0.003886,-0.002959
2014-02-28,0.053239,0.005452,0.036101,0.030765,0.020116,0.06598,0.077822,-0.000921,0.049074,0.056862,0.00987,0.000647,0.099919,0.008855,0.027016,0.00706,0.027536,0.127113,0.032402,0.098099,0.008955,0.024173,0.059154,0.044684,0.001184,0.06026,0.006346,0.050958,0.108972,0.007887,0.019926,0.102514,0.05402,0.027975,0.003697,0.054147,0.008134,0.037057,0.070543,0.436102,0.013917,0.013762,0.012981,0.050945,0.032119,0.022411,-0.003116,0.103318,0.016372,0.042655
2014-03-31,0.078638,-0.038395,0.011355,-0.027946,0.010008,-0.028905,0.157741,-0.00909,-0.025744,-0.001417,-0.026409,0.003315,0.133531,0.073221,-0.008703,0.000243,0.037918,0.179224,0.006039,0.024364,0.004959,-0.002088,0.006201,0.008482,0.002023,-0.05204,-0.002494,-0.015233,-0.070114,0.003633,-0.004966,0.03536,-0.004554,-0.003091,-0.003226,0.083064,-0.000448,-0.010834,-0.022213,-0.013309,0.004255,0.030136,-0.050822,0.001816,0.012676,-0.011503,-0.042002,-0.010269,0.008836,0.002975
2014-04-30,0.152477,0.014694,0.022135,0.001741,-0.000846,0.009424,0.022589,0.008007,0.030715,0.025641,0.009217,-0.041183,0.059882,0.00663,-0.002762,0.000975,0.00173,-0.05101,-0.002184,0.051325,0.006814,0.006087,-0.029793,0.007776,0.009118,0.033923,0.01055,0.006318,-0.032039,0.006442,0.013061,0.045595,-0.014442,0.003044,0.008184,0.023904,0.006278,0.003181,0.003186,0.141372,0.008539,0.01266,0.001321,0.00636,-0.002993,-0.004649,0.100656,0.056571,0.012305,0.011522
2014-05-31,0.048862,-0.011075,-0.000725,-0.01486,0.018526,-0.038811,-0.130631,0.003792,0.011566,0.022468,-0.009428,0.03026,-0.110154,-0.085063,0.024928,0.002239,0.006608,-0.079395,0.004371,-0.007343,0.021518,-0.0158,-0.019182,0.022572,0.013326,0.00416,0.023607,0.009309,-0.025634,0.011438,-0.006398,-0.012891,0.030874,-0.015325,0.016895,-0.1026,0.030749,0.033483,-0.010011,-0.137724,0.010313,0.036686,0.03171,-0.001679,0.027885,-0.023823,-0.055883,-0.07856,0.02003,0.02824
2014-06-30,-0.012946,0.031664,0.038096,0.028603,0.019417,0.060994,-0.099641,0.004161,-0.009311,-0.016905,0.023772,0.034837,-0.017289,-0.081823,0.035614,0.00282,0.016237,0.101066,0.082795,-0.083766,0.013494,0.003437,-0.043747,0.020567,-0.007708,0.078489,-0.001671,-0.012227,0.124431,0.020176,0.019601,-0.062113,0.030058,0.007781,-0.00022,-0.089105,0.023346,-0.008798,0.050352,-0.025351,0.004616,0.016559,0.02065,-0.025378,0.013973,-0.000281,-0.026915,0.014463,0.009577,-0.012934
2014-07-31,-0.029849,0.028113,0.022342,-0.029817,0.05654,-0.030788,-0.081818,-0.015124,-0.004248,-0.040134,-0.034553,0.032324,-0.106391,-0.153868,-0.068034,0.005261,-0.012596,-0.11143,0.052308,-0.146192,0.012388,-0.022867,-0.086069,-0.013497,0.007861,0.069783,-0.000813,-0.027144,-0.03059,-0.020778,-0.012355,-0.07915,-0.049881,-0.025019,0.010502,-0.147462,0.029151,-0.044728,-0.033331,0.113933,0.012819,-0.01407,0.008584,-0.024501,-0.021398,-0.03156,-0.142587,-0.098299,0.022638,-0.015676
2014-08-31,0.014484,0.00484,0.016199,-0.011414,0.048347,0.00359,0.037718,-0.010283,0.01782,0.031679,-0.027825,-0.01474,0.000799,0.088752,-0.0273,0.00342,0.008171,-0.048945,-0.037501,0.123179,0.027905,-0.015646,-0.058939,0.03918,0.038491,-0.004759,0.025762,-0.039509,-0.049676,0.004351,-0.016073,-0.00932,0.004934,-0.007348,0.017582,0.005602,0.0,0.002335,-0.032695,0.003591,0.012302,-0.000285,-0.029712,0.020671,0.025948,-0.009234,0.046164,-0.094591,0.004221,0.026504
2014-09-30,-0.133881,-0.064045,-0.036141,-0.074442,-0.075101,-0.059076,-0.152174,-0.053184,-0.025093,0.00994,-0.07255,0.054647,-0.131855,-0.083438,-0.094068,-0.000189,-0.062473,0.100383,0.059598,-0.30694,-0.001797,-0.04112,-0.000626,-0.013964,-0.005054,-0.031205,-0.013842,-0.054148,-0.124928,-0.028679,-0.023621,-0.108373,-0.04325,-0.041748,-0.013773,-0.120631,0.022167,0.004984,-0.129447,-0.039015,-0.002268,0.015918,-0.04841,-0.037227,0.019986,-0.032816,0.002456,0.004596,0.009305,0.023623
2014-10-31,-0.033782,-0.04532,-0.015554,-0.051311,0.059535,-0.033016,0.114599,-0.021714,-0.015143,-0.041095,-0.082268,0.019183,0.064068,0.050187,-0.107354,0.005343,0.006792,-0.068763,0.015751,0.277085,0.012004,-0.008399,-0.024943,0.024751,0.018435,0.011377,0.018352,-0.038084,-0.055743,-0.008,-0.012871,0.145908,-0.113072,-0.00746,0.010781,0.17459,-0.121687,-0.019125,-0.012561,-0.027671,0.004959,-0.031109,0.013135,-0.047568,-0.023828,-0.025795,-0.075042,0.046356,0.023792,-0.001245
2014-11-30,0.030274,0.011227,0.016634,-0.111551,-0.027349,0.003077,0.084038,-0.055652,0.034673,0.038611,-0.113992,0.058196,0.072843,-0.054154,-0.17849,0.00262,-0.026996,0.026128,0.017012,0.005398,0.015753,-0.005179,-0.028042,0.02605,0.033723,-0.043369,0.021065,0.041124,-0.038295,-0.010498,-0.020888,-0.031688,-0.181576,-0.001308,0.021034,-0.002653,-0.006401,0.07149,0.01396,-0.007183,0.006936,0.034224,-0.061372,-0.035382,0.038876,-0.005661,0.026491,-0.024191,0.018573,0.03705
2014-12-31,-0.071908,-0.086941,-0.006998,-0.14557,-0.086548,0.007315,0.019447,-0.010714,-0.022403,-0.024676,-0.217053,0.0,-0.021094,0.003165,-0.184773,0.01074,-0.039112,-0.079627,-0.033532,-0.067758,0.016523,-0.029512,-0.06866,-0.002689,0.018356,-0.020001,0.005204,-0.043425,0.002741,-0.014815,-0.004177,0.003198,-0.203352,-0.030775,0.006474,0.021222,0.02347,-0.014112,-0.005458,-0.111227,0.013175,-0.041571,-0.007203,-0.064561,-0.002833,-0.049421,-0.295497,-0.017622,0.015029,-0.018491
2015-01-31,0.000232,-0.003101,0.00457,-0.08033,0.006523,0.07972,-0.14752,0.020421,0.028129,0.077408,-0.0825,0.012607,-0.137669,-0.015102,-0.08713,0.011835,-0.046281,-0.169025,-0.053199,-0.095173,0.026152,-0.067742,0.018623,-0.029424,0.044422,-0.024178,0.048231,-0.024109,0.103146,-0.08591,-0.036552,-0.061065,-0.095922,0.079441,0.062399,-0.068011,-0.07464,0.086504,0.014826,-0.028215,0.034484,0.014233,-0.117148,-0.031794,0.060313,-0.053795,-0.060705,-0.101855,0.024061,-0.067476
2015-02-28,-0.071971,-0.072629,0.039285,0.351653,-0.026108,-0.051672,0.029338,-0.017674,0.031911,0.074421,0.244768,0.065078,-0.010644,0.090476,0.136411,-0.01022,0.006947,-0.06609,-0.003774,0.072143,0.003193,-0.00626,-0.058154,0.056418,-0.044737,-0.033222,-0.029626,-0.061761,-0.040393,0.015881,0.029148,0.072582,0.021948,-0.030907,-0.004953,0.039189,0.152089,0.064469,-0.04617,-0.155341,0.004567,0.073748,0.088796,0.016596,0.076652,-0.008423,0.02737,0.077861,0.017842,0.075487
2015-03-31,-0.122201,0.058725,-0.021148,-0.129606,-0.013661,-0.024731,-0.002437,-0.003623,-0.019638,0.018495,-0.093405,0.025148,0.036608,-0.028191,-0.127539,0.001346,-0.022069,-0.074843,0.063449,-0.076053,0.01194,-0.042859,-0.133596,-0.015846,0.021213,0.007778,0.009787,-0.059104,0.002436,-0.013636,-0.039183,-0.0567,-0.060868,-0.025327,-0.007713,-0.043228,-0.105019,0.052966,-0.001523,-0.054093,0.004719,0.036308,0.018018,-0.052341,0.013411,-0.033171,-0.052332,-0.042399,0.004475,0.02543
2015-04-30,0.125414,0.16495,0.022413,0.157089,0.075877,-0.000674,-0.087445,0.001652,0.030038,0.007008,0.143592,0.015594,-0.123379,0.079557,0.154362,0.005103,0.034358,0.119678,-0.017234,-0.024174,-0.012968,0.042904,0.08798,0.010087,-0.026049,0.132686,-0.009567,-0.041084,-0.028577,0.045994,0.035413,0.005393,0.222822,0.035372,-0.021466,-0.036546,0.090481,-0.043378,-0.026358,0.027463,0.007731,-0.00865,0.053468,0.070464,0.001447,0.032306,0.033834,0.032142,0.024967,0.002001
2015-05-31,-0.096957,-0.085119,-0.012542,-0.012722,-0.11156,0.005922,0.006329,-0.03593,0.005116,0.003378,-0.01043,0.053833,-0.000501,-0.052004,-0.019804,-0.007762,-0.027901,0.029478,0.017536,-0.041392,-0.018526,-0.021975,-0.091064,0.012041,0.004749,-0.073626,-0.006376,-0.035703,0.03392,-0.029233,-0.006815,-0.043032,-0.001504,-0.007897,-0.002466,-0.040274,0.047969,-0.006615,-0.03891,-0.08221,-0.013908,-0.014274,-0.05491,-0.032764,0.018351,-0.02324,-0.050439,0.018748,-0.038834,0.028052
2015-06-30,-0.05212,-0.100414,-0.028217,-0.032363,-0.036876,-0.015131,0.288784,0.013706,-0.060758,-0.038223,-0.033263,-0.016068,0.189473,0.04912,-0.050417,-0.003548,0.005718,-0.086885,-0.021157,0.17599,-0.027943,0.015886,0.025101,-0.019437,-0.021207,-0.087399,-0.019276,-0.072762,-0.068857,0.000328,0.030853,0.130889,-0.025129,0.008346,-0.0073,0.177809,0.061856,-0.036664,-0.034598,0.035672,-0.005947,-0.030995,-0.038308,-0.008041,-0.042756,0.029116,0.073084,0.03088,-0.022731,-0.049547
2015-07-31,-0.079622,-0.033212,0.008649,-0.161862,-0.051329,-0.065629,-0.1892,-0.012716,0.02464,0.062061,-0.15149,0.016798,-0.193363,-0.07112,-0.170408,0.003436,-0.042855,0.055472,-0.016036,-0.01363,0.019862,-0.008801,-0.106714,0.021317,0.016639,-0.042359,0.020771,0.095833,-0.05363,-0.03994,-0.007549,-0.065507,-0.215486,-0.028769,0.026158,-0.120852,-0.018641,0.027678,-0.10789,-0.054003,0.009195,0.037621,-0.096174,-0.031437,0.049406,-0.033017,-0.033544,-0.083812,0.019643,0.070413
2015-08-31,-0.088904,0.01885,-0.043596,0.053306,-0.005608,0.034079,-0.03355,0.022066,-0.065675,-0.085074,-0.013708,-0.084101,-0.057898,-0.004215,0.033882,0.005461,-0.03281,0.06747,-0.018676,-0.095037,-0.00114,0.013769,-0.040371,-0.060981,0.006021,-0.052861,-0.000898,-0.035171,-0.011422,-0.022007,-0.014204,-0.058485,0.039626,-0.007114,-0.003042,-0.019542,-0.033241,-0.093667,0.062257,-0.037526,0.019972,-0.082335,-0.01079,-0.029938,-0.096127,0.010096,-0.019602,-0.082232,0.017103,-0.068438
2015-09-30,0.032488,-0.038407,-0.034767,-0.110866,-0.023221,-0.014579,0.057216,0.011331,-0.026961,-0.041116,-0.054986,-0.071271,0.028703,-0.066675,-0.127674,0.004771,-0.007925,0.080859,-0.129366,-0.039265,0.01175,-0.004232,0.138484,-0.024718,0.01921,-0.071269,0.019013,0.022989,-0.004666,-0.007526,-0.014957,0.005071,-0.093987,-0.011227,0.005806,0.033312,0.004912,-0.057241,-0.09801,-0.023729,-0.005271,-0.067941,0.001495,-0.016356,-0.052617,0.011024,-0.09904,-0.011875,-0.002349,-0.029722
2015-10-31,-0.033308,0.009586,0.015894,-0.024711,-0.070387,0.023497,0.01804,-0.007901,0.050105,0.100333,-0.025144,0.097787,-0.015944,0.047657,0.003392,0.004612,0.017659,-0.112774,0.08249,-0.01265,0.011667,-0.010848,0.127318,0.084625,-0.013146,0.005789,-0.007817,-0.046549,0.07227,0.024879,0.019722,-0.009249,0.016723,-0.009759,-0.00942,-0.014186,0.046436,0.120089,0.047964,-0.003298,0.016143,0.085089,-0.010037,0.00856,0.099352,-0.012902,-0.186446,0.015295,0.006652,0.052186
2015-11-30,-0.117231,-0.022052,-0.001379,-0.118546,-0.014337,-0.066238,-0.118774,-0.021389,0.005134,0.01299,-0.088054,0.034583,-0.07443,-0.031912,-0.117265,0.000832,0.017197,-0.013102,-0.082375,-0.065046,0.003831,-0.044274,0.028251,0.002147,0.00909,-0.087466,-0.005004,0.011785,-0.097429,-0.017309,-0.025147,-0.005362,-0.138268,-0.041928,-3.3e-05,-0.045127,0.02102,0.051666,-0.11238,-0.033487,0.008222,0.009937,-0.117798,-0.024868,0.018412,-0.027024,-0.075968,0.031205,-0.012072,0.008397
2015-12-31,-0.010695,0.089603,-0.031712,-0.187196,0.038459,-0.004788,-0.011567,0.023491,-0.016227,-0.062848,-0.23414,-0.035512,-0.00899,0.010218,-0.168778,0.003576,0.005792,0.052824,0.03362,-0.071328,-0.018987,0.027395,0.020714,-0.015964,-0.011273,0.027787,-0.004022,-0.057903,-0.020125,-0.041322,-0.021029,-0.011068,-0.13734,0.024166,0.018268,-0.036266,-0.038506,-0.053483,0.030914,0.058923,-0.010408,-0.077032,0.042224,-0.018708,-0.059607,0.033055,0.04645,0.072696,-0.010723,-0.017766
2016-01-31,-0.023802,-0.041723,-0.010642,-0.061216,0.007949,0.053011,0.019681,-0.00703,-0.030822,-0.047647,-0.090499,-0.073022,0.00747,-0.033966,-0.06343,0.007801,-0.026306,0.100336,-0.010964,0.030647,0.037679,-0.004671,-0.137805,-0.049135,0.038936,0.013865,0.036945,0.042035,0.031895,-0.012969,-0.037672,0.020827,-0.14987,-0.024379,0.018992,0.036933,-0.139968,-0.094319,0.007325,-0.081688,0.003108,-0.077806,-0.031849,0.014498,-0.024095,-0.017727,-0.002022,-0.004864,-0.005833,-0.062658
2016-02-29,-0.012668,0.018158,0.001456,-0.002502,0.037277,0.105694,-0.071466,0.07201,0.00858,-0.012891,0.040063,-0.096968,-0.057203,-0.051045,-0.000757,0.020545,0.011156,-0.010257,0.022202,-0.048091,0.024502,0.003477,0.108104,-0.002553,0.024443,0.086779,0.01974,0.098305,0.045851,0.038875,-0.017581,-0.033153,-0.05368,0.0276,0.005531,-0.049731,0.068234,-0.02993,0.071128,-0.031799,0.017957,-0.038174,0.029754,0.001458,-0.005076,-0.002485,-0.286322,0.011079,0.027849,-0.048059
2016-03-31,-0.005643,-0.030536,0.050673,0.083296,-0.042366,-0.00016,0.044678,0.003145,0.019291,0.009378,0.07574,0.059631,0.040983,0.034338,0.082923,0.009435,0.078605,-0.023228,-0.02957,0.042422,-0.000632,0.047765,0.068939,0.067466,-0.007363,0.028398,0.000137,0.026235,0.036589,0.047277,0.031232,0.057782,0.091964,0.038354,-0.003732,-0.015405,-0.001726,0.052822,0.007744,0.107774,0.004213,0.034732,0.023679,0.054209,0.03205,0.058151,0.099801,0.088946,-0.002589,0.002396
2016-04-30,0.111872,0.059381,0.033926,0.162289,0.106608,0.044432,0.009503,0.049472,0.016202,0.015816,0.152012,-0.015531,-0.023098,0.091028,0.193357,0.003413,-0.006574,0.008743,-0.073367,0.228635,-0.010488,0.004195,0.052772,0.004174,-0.016793,0.06718,-0.001569,0.046617,0.150342,0.032572,0.01911,0.121054,0.155844,-0.002222,-0.017167,0.11024,0.0869,0.00855,0.111158,-0.051782,-0.004955,0.045122,0.043976,0.027321,0.008909,0.009436,0.030205,-0.0219,0.004098,0.030375
2016-05-31,-0.109243,-0.060276,0.007502,0.080447,-0.079771,-0.058662,-0.049131,-0.035932,0.001195,0.035208,0.095416,0.044287,-0.065307,0.00267,0.048931,0.001665,-0.049503,-0.013766,0.053728,0.194219,0.009528,-0.02889,0.071715,0.016788,0.016488,-0.007881,-0.000127,-0.064655,-0.102387,-0.042428,-0.006498,0.047342,0.054648,-0.037166,0.021764,0.033185,-0.053699,0.017649,-0.069818,0.00041,-0.003325,0.003849,-0.082331,-0.037023,0.026877,-0.040637,-0.041223,-0.047504,0.006639,0.034919
2016-06-30,0.118374,0.051987,-0.000941,-0.008287,0.062287,0.084681,-0.071582,0.079776,0.042595,-0.052954,-0.024801,-0.094167,-0.096144,-0.01751,-0.00419,0.006444,0.029036,0.01719,-0.027317,0.021936,0.032196,-0.003212,0.152078,0.002356,0.053297,0.094082,0.038784,0.107527,0.161801,0.007261,-0.081767,0.089476,-0.035513,0.018949,0.025823,-0.11365,-0.018075,-0.056832,0.106936,0.185523,0.016794,-0.090439,0.047245,-0.000495,-0.02585,-0.015437,0.289859,-0.020966,0.027924,-0.02061
2016-07-31,0.124364,0.015106,0.038432,-0.142868,-0.006827,0.02151,-0.084736,6.3e-05,0.039543,0.049018,-0.168069,0.066786,-0.030177,0.147618,-0.145863,0.010078,0.021902,-0.171721,-0.015241,-0.136442,0.002094,0.005454,-0.062981,0.03701,0.024039,0.065689,0.00503,-0.001942,0.092567,-0.00421,-0.00703,-0.120715,-0.154477,0.006001,0.005812,-0.084816,-0.043236,0.068004,0.076088,0.003774,0.012191,0.057278,0.011842,-0.006491,0.033952,-0.008444,-0.011955,-0.043154,0.037439,0.019172
2016-08-31,-0.084088,0.04496,0.005323,0.078539,-0.024083,-0.033408,-0.114654,-0.01021,0.016399,-0.000218,0.098749,0.016896,-0.09396,-0.1192,0.080788,-0.01735,-0.010129,0.064352,-0.0461,-0.108,0.002053,-0.005201,0.052999,0.000172,0.015097,0.029098,-0.011163,0.074208,-0.084805,-0.006303,-0.014025,-0.058824,0.066508,-0.018116,0.001462,-0.098655,0.030425,0.027552,-0.057199,-0.002055,-0.004266,0.018501,-0.06842,0.009723,0.0186,-0.006402,-0.011075,0.109868,0.008974,0.005903
2016-09-30,0.082003,0.112905,0.011851,0.07169,0.036747,0.004133,0.035416,0.019976,0.016711,0.003874,0.064344,-0.019166,0.045284,0.045471,0.046187,-0.002799,0.019043,-0.219967,-0.072015,-0.045804,0.006115,0.007655,0.123162,0.000166,-0.012099,0.026294,-0.000955,0.028461,0.027146,-0.001834,-0.008942,0.011665,0.064217,0.011667,0.001764,0.067357,-0.04733,-0.008376,-0.118255,0.030606,-0.007297,0.008196,0.064018,0.043571,-0.004283,-0.000544,-0.010265,0.010999,-0.01043,-0.005151
2016-10-31,-0.010803,-0.030658,0.013207,-0.027823,0.039098,-0.033408,0.035448,-0.037584,0.010436,0.014731,-0.016754,0.060167,-0.001805,0.011464,-0.037758,0.001816,-0.004917,0.090387,0.031965,0.061094,-0.032772,-0.026004,-0.062201,-0.017967,-0.047195,0.032737,-0.022361,0.045283,-0.073819,-0.019646,-0.060745,0.050577,-0.032438,-0.021519,-0.020068,0.053451,-0.009572,0.015648,0.02273,0.083139,0.002181,0.047843,-0.002488,-0.031506,0.002216,-0.051816,-0.061812,0.070112,-0.000114,-0.035243
2016-11-30,0.072186,0.143514,0.023896,0.04455,-0.000143,-0.080357,-0.085886,-0.078658,-0.021286,0.01666,0.015842,0.053902,-0.056661,0.052269,0.038334,-0.004626,-0.028289,0.064129,0.071862,0.000949,-0.005298,-0.033463,-0.081564,0.035566,-0.016634,0.094788,-0.05486,0.012034,-0.07809,-0.003421,0.022757,0.020263,0.038572,-0.030658,-0.038136,-0.050739,-0.127013,-0.003699,-0.056114,-0.101431,-0.025343,-0.048379,0.188886,-0.030777,0.013322,-0.024103,0.07828,0.026829,-0.016946,0.006258
2016-12-31,-0.111418,-0.150519,0.016005,0.081198,-0.020246,-0.018911,0.013035,-0.02507,0.048975,0.064599,0.10842,0.042023,0.020109,-0.012989,0.082558,-0.005566,-0.01918,0.197824,0.036623,-0.011062,-2e-05,-0.007516,-0.015153,0.019451,0.020028,-0.049496,-0.005514,0.005707,-0.029951,0.002289,-0.012081,-0.034634,0.064734,-0.000246,-0.012109,0.010042,-0.110174,0.077981,0.035691,-0.089973,-0.011261,0.079612,-0.048424,-0.011166,0.057317,0.01402,0.120133,-0.050605,-0.015312,0.04966
2017-01-31,-0.008256,0.180073,0.011709,-0.067409,0.069076,0.049406,0.03125,0.034206,-0.00063,-0.023336,-0.021787,-0.006279,0.026284,0.060722,-0.019871,-0.000377,0.04926,0.044221,-0.003882,0.069351,-0.0219,0.022902,0.048155,0.019043,-0.016646,0.110775,0.004122,-0.061717,0.097216,0.028219,0.017279,0.020418,-0.031622,0.027782,-0.002618,0.022016,-0.010664,0.008723,0.035593,0.091205,0.008612,0.005147,0.088606,0.045873,-0.013073,0.03711,-0.154771,-0.026362,-0.001605,0.005383
2017-02-28,0.101682,-0.04673,-0.001427,-0.006137,0.05883,0.035087,0.009506,0.005408,0.031228,0.02359,-0.017085,0.007898,0.050641,0.005212,0.000274,-0.002203,0.013458,-0.023823,0.032844,-0.005977,0.030027,-0.017759,-0.055744,0.038282,0.037242,-0.011557,0.010667,-0.024698,0.049986,-0.015893,-0.011377,0.000488,0.017505,-0.016197,0.014238,0.019459,-0.076048,0.024384,-0.012516,-0.059175,8e-05,0.024365,-0.008617,-0.015716,0.043275,-0.030542,-0.161124,-0.037489,0.000549,0.027505
2017-03-31,-0.089341,0.035238,0.011565,-0.040425,0.016377,-0.005269,-0.038873,0.002687,0.011563,0.056613,-0.04573,-0.004822,-0.092773,0.012964,-0.065188,0.002777,-0.007081,-0.028476,0.017173,-0.07276,-0.012947,0.00504,-0.12845,0.000586,0.001526,-0.023991,-0.001295,0.034884,-0.011544,-0.007123,0.004023,-0.086652,-0.080562,-0.001409,0.001222,-0.025418,0.097213,0.038,-0.037924,-0.023141,-0.005615,0.093174,-0.022658,-0.027206,0.044153,0.007028,0.130004,-0.01051,-0.00067,0.029494
2017-04-30,-0.059117,-0.037221,0.005163,-0.044838,-0.028198,0.013672,-0.018756,-0.001579,-0.015183,0.032588,-0.036099,0.015324,0.010107,0.037495,-0.033695,0.004558,-0.019149,-0.041167,0.118604,0.0107,0.001019,0.016765,-0.042956,0.009991,0.004618,-0.054428,0.01336,-0.006492,-0.058302,-0.025027,0.033892,-0.000793,-0.033465,0.003787,0.020566,-0.01716,-0.119905,0.011192,-0.054371,-0.059225,0.009704,0.034023,-0.021114,0.0023,0.014674,0.006882,-0.013501,-0.009684,0.014462,0.024475
2017-05-31,-0.052665,-0.062113,-0.012768,0.005369,0.006818,0.002912,-0.006941,0.006858,0.047865,0.018741,-0.021955,0.023981,-0.012579,-0.023963,-0.033354,-0.000882,-0.004,0.107098,0.003225,-0.043632,0.003101,0.031032,-0.078089,0.012451,0.005834,-0.011548,0.009964,0.020357,0.008316,0.011861,-0.00305,-0.042092,-0.028295,0.026748,0.014175,0.015007,0.112752,0.013676,0.058824,-0.030362,-0.00554,0.015448,-0.010545,0.016708,0.014777,0.019048,-0.083519,-0.008833,0.002818,0.031093
2017-06-30,0.045484,0.079855,-0.012221,-0.027927,-0.006888,-0.025951,0.190448,-0.017182,-0.027253,-0.026815,-0.020762,0.020332,0.184136,-0.021684,-0.055834,-0.000471,0.030856,0.091536,-0.044374,0.021134,-0.012927,0.01258,-0.080033,0.005572,-0.021011,0.062129,-0.0072,-0.017241,-0.048148,0.039424,0.005193,0.028657,-0.053257,0.008228,-0.031837,-0.004032,-0.07117,-0.02455,-0.052632,-0.040972,0.007079,-0.035489,0.046123,0.004961,-0.031278,0.026642,-0.020421,0.031827,0.012259,-0.012851
2017-07-31,0.085793,0.011135,0.000236,0.11382,-0.007576,0.01956,-0.097908,0.015482,0.009328,-0.004989,0.121578,-0.003997,-0.1034,0.001979,0.079402,-0.002243,0.041226,-0.041192,-0.03697,0.046649,-0.004828,0.031961,0.079624,0.020015,0.005412,0.010335,0.00236,0.03208,0.009566,0.037863,0.013881,0.050159,0.086605,-0.009504,-0.029159,-0.026903,0.062338,-0.017087,0.063272,0.107799,-0.015217,0.010796,0.066579,0.059438,0.037627,0.040803,-0.078697,0.067551,-0.01812,0.016767
2017-08-31,0.152955,0.019781,0.001788,0.054028,0.102042,0.038105,-0.135406,0.002511,0.016758,-0.000805,0.035376,-0.012554,-0.13902,0.013903,-0.006464,0.003836,-0.006103,-0.070046,-0.058512,-0.076271,0.022054,0.006634,-0.034203,0.001205,0.02016,0.126535,0.01996,0.009713,0.041373,-0.003031,-0.023693,-0.063282,-0.062197,0.001977,0.021711,-0.07687,-0.045844,-0.003592,0.04406,-0.079718,0.012601,-0.018477,0.064847,0.014861,-0.010932,0.014638,0.079904,-0.00809,0.005578,-0.012949
2017-09-30,-0.113806,0.047019,0.036385,0.040077,-0.013742,-0.028059,0.031646,-0.023644,-0.008503,0.050018,0.089435,0.041567,0.0149,-0.033567,0.0886,0.002827,-0.010392,-0.097718,0.035105,0.058444,-0.008866,-0.007238,-0.059691,0.019936,-0.030472,0.013441,-0.018705,0.000481,-0.051162,0.002151,0.040111,0.024332,0.087967,-0.008785,-0.023211,-0.006988,0.060858,0.061556,-0.09582,-0.010049,-0.003145,0.005494,-0.046314,-0.02333,0.041486,-0.026773,-0.038895,-0.050685,0.001755,0.026379
2017-10-31,0.172395,-0.032719,0.029282,0.041156,0.027403,-0.011133,-0.066369,-0.010878,0.018818,0.033431,0.016135,0.078089,-0.059288,-0.001031,0.080535,-0.004013,-0.022451,0.134273,0.090023,0.000963,0.007183,-0.016219,0.045393,0.022813,0.002859,0.044427,-0.002257,-0.055529,0.001004,-0.030036,-0.011214,0.00568,0.044899,-0.03128,0.015736,-0.026743,0.024758,0.033131,0.012409,-0.023035,-0.004013,0.022511,0.04941,-0.027752,0.031065,-0.026684,-0.105873,0.06413,-0.021833,0.012266
2017-11-30,-0.099409,0.026775,0.005915,0.006487,-0.055516,0.002128,-0.022104,0.014086,-0.018547,-0.023249,0.016883,0.036863,-0.004802,0.097404,0.043192,0.002952,-0.009589,-0.054776,-0.04557,0.040731,0.0011,0.021819,0.023068,0.028658,0.002109,-0.037308,-0.003759,-0.006108,-0.018608,0.000373,0.018456,0.001016,0.049258,0.013056,0.007459,-0.011568,-0.021803,-0.01282,-0.004773,0.009589,0.00729,-0.030043,-0.020639,-0.013731,-0.020751,0.002838,0.026516,-0.02105,0.014581,0.010278
2017-12-31,0.147576,0.004554,0.010317,0.093753,0.107256,0.025533,-0.013856,-0.008515,0.050076,-0.009252,0.075716,0.001346,-0.009849,0.079929,0.076748,4.8e-05,0.03046,0.028655,-0.027406,-0.036672,-0.003987,0.004818,0.005305,0.010273,0.014,0.056296,0.002925,0.019206,0.040732,0.027639,-0.002014,-0.034492,0.050774,0.004731,-0.013144,-0.014055,-0.076506,-0.01058,0.05297,-0.017898,0.005839,-0.013451,0.077186,0.012291,0.008239,0.015028,-0.021675,-0.04271,0.006128,0.002911
2018-01-31,0.064963,0.058645,-0.015037,0.000529,-0.01908,0.022684,0.057963,0.030461,-0.022384,0.032486,0.0162,0.014939,0.093621,-0.017171,0.032591,-0.002709,0.035261,0.020211,0.018923,0.080614,-0.018932,0.035458,-0.127317,0.056479,-0.027156,0.073306,-0.028048,0.08191,0.005598,0.020793,0.050111,0.035352,0.070025,0.045923,-0.022607,0.030648,0.054795,0.02103,0.030432,-0.034469,-0.009777,0.04429,-0.031812,0.064532,0.029653,0.040358,0.162974,0.017846,-0.010479,-0.001187
2018-02-28,0.01274,-0.045073,-0.032135,-0.073943,-0.038057,-0.018762,0.072496,0.021442,-0.032283,-0.029192,-0.057967,-0.042881,0.087748,0.056553,-0.045186,0.001286,-0.037559,-0.069559,0.002846,0.166963,0.001097,-0.022673,0.018898,-0.038597,-0.001044,-0.025212,-0.01562,-0.002555,-0.053228,-0.042845,-0.032076,0.04946,-0.046047,-0.018401,0.005989,0.035963,0.122449,-0.056822,-0.033551,-0.006564,-0.016205,-0.057071,-0.027539,-0.027539,-0.042032,-0.053755,-0.12513,-0.026904,-0.004132,-0.046879
2018-03-31,-0.036973,-0.040782,-0.003023,0.065611,-0.065375,0.003716,-0.088889,0.001048,-0.020354,-0.026833,0.070861,-0.021478,-0.105314,-0.017725,0.085612,0.003301,-0.015681,-0.148375,-0.077267,-0.025875,0.018953,0.005844,-0.077009,-0.026568,0.016138,-0.050364,0.016096,-0.026775,-0.008459,-0.00674,0.016536,-0.010185,0.051218,-0.015977,0.015298,0.01505,0.152066,-0.026293,-0.05197,-0.031556,0.008713,-0.021823,-0.03416,0.003495,-0.010014,-0.013166,0.016107,-0.017707,0.016623,-0.007307
2018-04-30,0.024557,-0.029627,0.01534,0.072444,0.133875,-0.006104,0.136364,-0.029925,0.066698,0.073528,0.060672,0.048929,0.109684,0.039531,0.084118,0.000227,-0.015918,-0.022487,0.034364,0.021094,-0.005007,-0.019703,-0.067197,0.002919,-0.007053,-0.045531,-0.018569,0.008612,0.002705,0.005133,-0.019394,-0.0067,0.055662,-0.034983,-0.01828,0.01225,0.113343,0.040555,-0.008881,0.021161,0.003045,0.047293,0.008926,-0.020882,0.059353,-0.044134,0.00455,-0.037634,0.00813,0.027917
2018-05-31,0.113391,0.057962,0.03197,0.01959,0.014681,-0.014475,0.030851,0.005098,0.028145,-0.006364,0.0538,-0.014234,0.009303,0.111042,0.038796,-0.000334,0.002331,0.053991,-0.009893,-0.042846,0.017921,-0.036057,0.088496,0.021758,0.018621,-0.007509,0.011372,-0.023956,0.003476,-0.012381,-0.035306,-0.028612,-0.023217,0.004313,0.007314,-0.016842,-0.131443,7.9e-05,-0.002987,0.007326,0.002324,-0.050079,-0.002928,-0.021977,0.001751,-0.012346,0.058007,0.034505,0.007757,-0.043454
2018-06-30,-0.023274,-0.018117,0.018131,0.002128,-0.063205,-0.038478,-0.054632,-0.021273,8.8e-05,-0.009333,-0.008795,0.007194,-0.132259,-0.083415,0.024314,0.000643,-0.023705,0.061809,0.026695,-0.113243,0.007847,-0.002228,-0.072673,0.004892,-0.004341,-0.066507,-0.002708,-0.044714,-0.021506,-0.014763,-0.009416,-0.157093,0.114548,-0.0127,0.007194,-0.11104,0.008902,-0.022733,-0.07123,-0.098623,0.006088,0.02553,-0.037195,0.002697,-0.000549,-0.015228,-0.004419,-0.078463,0.012487,0.017856
2018-07-31,-0.061384,-0.109511,0.015676,-0.035206,-0.028088,-0.024552,0.104739,-0.012529,0.013358,0.035917,-0.033244,0.009406,0.139201,0.059997,-0.062856,2e-05,0.006049,-0.200453,0.008902,0.02524,-0.003149,-9.7e-05,-0.138808,0.03598,-0.003802,-0.079128,-0.008069,-0.002544,-0.039467,0.009808,-0.007828,0.046611,-0.04278,0.000424,-0.014104,0.035466,-0.136275,0.04111,-0.000239,-0.04518,0.004369,0.031084,-0.045347,-0.000849,0.041868,0.015825,-0.034956,-0.02413,0.006585,0.069971
2018-08-31,-0.090617,-0.041326,-0.013591,0.048612,0.016257,-0.021893,-0.063657,0.00737,-0.036221,-0.018598,0.05021,0.015996,-0.060197,-0.088286,0.043364,-0.00496,-0.027329,-0.005913,-0.004808,-0.109906,0.009767,-0.007969,0.004758,0.030172,0.00423,-0.064089,0.010199,-0.039786,-0.072002,-0.002071,-0.010476,-0.083356,0.038384,0.02098,0.010068,-0.057087,0.070942,-0.036287,-0.054965,-0.107372,0.001999,-0.049079,-0.064454,-0.027051,-0.021274,-0.04065,0.05994,-0.00106,0.001048,-0.024088
2018-09-30,-0.017724,-0.023267,-0.012022,0.048458,-0.029386,-0.008411,-0.066911,-0.025819,0.013558,0.017717,0.046593,0.062733,-0.075915,-0.067426,0.065255,-0.001308,0.000512,0.23302,0.042982,0.005598,-0.01226,-0.003941,-0.016969,0.004169,-0.014233,0.076377,-0.018039,0.006906,0.01061,0.008193,0.00209,0.002371,0.056611,-0.012428,-0.018905,-0.023969,-0.119767,-0.007479,0.052219,0.006386,-0.005631,0.001235,0.05017,0.025714,-0.015315,0.024964,0.045701,0.020509,-0.006116,0.0149
2018-10-31,-0.089205,-0.059359,-0.059032,-0.036921,-0.058968,0.015722,-0.016699,0.00422,-0.050161,-0.072141,-0.020716,-0.09286,-0.035208,0.006425,-0.087694,-0.000941,-0.020671,0.009065,-0.015986,0.003274,0.010766,-0.026845,0.17764,-0.069637,0.014664,-0.03751,-0.009731,0.00765,-0.029208,-0.016387,-0.021504,-0.007687,-0.110826,-0.031594,-0.005823,0.019646,0.086093,-0.064044,0.044701,0.100053,-0.00502,-0.048578,-0.052051,-0.03234,-0.056097,-0.029415,0.079756,-0.029799,-0.005251,-0.008163
2018-11-30,-0.027733,0.023404,0.020694,-0.180288,0.004216,0.004275,0.030469,-0.008289,-0.019961,-0.016569,-0.212084,0.02147,-0.013686,0.003902,-0.217626,0.003357,0.029986,-0.009839,-0.000214,0.006201,0.008791,-0.003094,-0.026504,0.017668,0.007637,0.031914,0.014809,0.003927,-0.013171,-0.012452,-0.002767,0.050484,-0.226166,0.003842,0.020533,0.008947,-0.040466,-0.018284,-0.077525,-0.083858,0.007526,0.021825,0.044565,-0.024269,0.004978,0.001765,0.419049,-0.011429,0.009522,0.004783
2018-12-31,-0.049355,0.022312,-0.056125,-0.081222,-0.065378,0.04511,-0.024236,0.031529,-0.035006,-0.051805,-0.062848,-0.103003,-0.022989,-0.085044,-0.112388,0.006987,-0.036461,-0.097334,0.028004,-0.006812,0.009674,0.006431,-0.063118,-0.091835,0.007436,-0.032164,0.030456,0.0206,0.093057,-0.027786,-0.00377,-0.013691,-0.1264,0.010032,0.029601,-0.007277,0.097054,-0.060291,0.024938,-0.052999,0.015409,-0.052311,-0.056141,-0.008029,-0.060204,0.023065,-0.345239,-0.00578,0.014306,-0.069677
2019-01-31,0.165939,0.042037,0.082237,0.118724,0.035263,0.029967,0.026329,0.005663,0.036571,0.05618,0.143275,0.037481,0.020972,0.030472,0.150504,0.005218,0.035033,-0.0775,0.007473,0.01241,0.012485,0.001088,0.058213,0.078359,0.006123,0.10624,0.008058,0.062851,0.034222,0.039123,0.031232,0.022625,0.174807,-0.009263,0.007874,0.003999,-0.102686,0.0561,-0.002555,0.039768,0.007445,0.06629,0.058343,0.026477,0.067786,-0.022573,-0.027404,0.105378,0.006002,0.067028
2019-02-28,0.043707,0.018827,0.026514,0.077823,-0.008764,-0.006868,-0.123911,-0.024486,0.025061,0.050088,0.073438,0.030829,-0.116233,-0.035741,0.085293,0.00317,-0.024743,-0.072225,0.028106,-0.024839,0.000359,-0.009959,0.0,0.029396,-0.006712,0.024467,-0.009981,0.03125,-0.033198,-0.003455,0.009694,-0.019394,0.059241,-0.006736,-0.006698,-0.038513,0.032277,0.032814,0.022076,-0.101039,0.009237,0.026594,0.059435,-0.015684,0.042804,-0.022033,0.020335,-0.020381,0.00797,0.0512
2019-03-31,-0.007452,-0.067242,0.009028,-0.026588,-0.001314,-0.017549,-0.003809,0.003247,0.031254,0.023453,-0.024964,0.001246,-0.03262,0.06577,0.031344,0.002231,-0.002079,0.38478,-0.03196,0.013893,0.023205,-0.016484,-0.019514,0.017549,0.03036,0.0626,0.03091,-0.011888,-0.033554,-0.014933,-0.021903,-0.028563,0.04399,-0.002651,0.031226,-0.038434,0.014781,-0.000171,0.03747,-0.040122,0.006846,-0.005366,-0.00407,-0.008957,0.016872,-0.007246,-0.05536,-0.039262,0.007264,0.017492
2019-04-30,-0.062042,-0.049913,0.037932,0.055702,-0.067455,-0.009857,-0.085746,-0.008891,0.02218,0.049807,0.050621,0.049056,-0.101744,-0.020998,0.077095,0.001139,-0.009736,0.036583,-0.039917,-0.034258,-0.008834,-0.004433,-0.043138,0.03888,-0.016959,-0.01312,-0.010139,-0.090587,-0.013853,-0.007627,-0.00105,-0.048628,0.065163,-0.025437,-0.007787,-0.009118,0.038655,0.070787,0.006211,-0.028039,-0.002788,0.045127,-0.011753,-0.005323,0.049635,-0.026537,-0.037921,-0.026196,-0.007022,0.043657
2019-05-31,-0.016663,-0.061963,-0.032613,-0.113626,-0.004759,0.015634,0.173179,0.023111,-0.029913,-0.053664,-0.094456,-0.076866,0.200507,-0.113318,-0.104979,0.002187,-0.016411,-0.073677,-0.050548,0.085473,0.024176,-0.008325,-0.019482,-0.066144,0.029013,-0.083943,0.035862,-0.009598,-0.027859,-0.005762,-0.034812,0.02781,-0.164706,0.010031,0.022386,0.177929,0.01726,-0.050603,-0.082305,0.12292,0.008048,-0.056851,-0.090908,-0.013389,-0.047727,-0.00362,-0.043715,-0.003587,0.017603,-0.019576
2019-06-30,0.054696,0.065581,0.021128,0.056616,-0.001403,0.078255,0.049701,0.005212,0.040389,0.068777,0.030301,0.037965,-0.045454,-0.072411,0.073482,0.007392,0.011867,-0.160897,0.012367,-0.025521,0.011973,0.019249,0.018238,0.068589,0.004965,-0.011267,0.014149,-0.072813,0.047098,0.033733,0.008127,0.025065,0.084859,0.028533,0.002842,-0.015807,0.020679,0.057655,0.04285,0.034889,0.013755,0.029554,0.024809,0.025488,0.039762,0.023318,-0.05006,0.00108,0.018206,0.038633
2019-07-31,0.142316,0.03806,0.00082,0.008042,-0.005854,0.008769,-0.075865,-0.010068,0.022602,-0.002188,0.007103,0.013671,-0.083966,-0.038481,0.006694,0.00226,-0.018889,0.043754,0.024439,-0.047589,0.012892,-0.024796,-0.032523,0.01277,0.021863,-0.02453,0.000162,-0.040678,0.069346,-0.005597,-0.039406,-0.044776,0.001785,-0.01801,-0.002347,-0.057681,-0.032727,-0.016427,0.024725,-0.089535,0.010309,-0.020732,-0.017506,-0.030201,0.020598,-0.03511,-0.020985,0.017979,0.003533,0.005785
2019-08-31,0.241124,0.004106,0.00306,-0.07231,-0.03226,0.063694,-0.073884,0.020556,-0.047114,-0.006775,-0.070805,-0.0399,-0.105263,-0.065962,-0.071,0.00878,-0.023593,-0.105279,-0.081049,-0.029846,0.028753,-0.013395,-0.087596,-0.018192,0.024086,-0.098551,0.049083,-0.015901,0.108531,-0.012395,-0.006907,-0.013809,-0.055889,-0.002274,0.033359,-0.105558,-0.07841,-0.022323,0.123324,-0.060716,0.038729,-0.020123,-0.049885,-0.036472,-0.017193,-0.024103,0.036583,0.002119,0.03186,-0.003128
2019-09-30,-0.044234,0.057139,0.018639,0.03718,-0.019802,-0.037619,0.071892,-0.020045,0.033498,0.037905,0.049806,0.061171,0.044683,0.011867,0.02586,0.000251,0.000104,0.030308,0.057116,0.022814,-0.01362,-0.012372,0.069949,0.017131,-0.000912,0.100224,-0.016839,-0.009575,-0.073307,0.003134,0.010513,0.042578,-0.018703,-0.01047,-0.021163,0.049359,0.098485,0.043406,-0.077514,0.044403,-0.015071,0.051752,0.010582,0.001463,0.039877,-0.004603,0.013526,0.008812,-0.005031,0.020162
2019-10-31,-0.024488,0.012391,-0.01124,-0.010126,0.023088,0.028447,0.026223,-0.002484,-0.018626,0.009696,-0.033261,0.054648,0.011446,0.059331,0.01643,-0.005349,0.020304,-0.090918,0.062784,0.028726,-0.014562,0.020824,-0.013375,0.020515,-0.01362,0.047066,-0.000812,-0.007553,0.062917,0.006855,0.048673,0.011865,-0.003847,0.007803,-0.005526,0.005151,-0.015915,0.038876,0.046794,0.007912,-0.017004,0.009518,0.023073,-0.010947,-0.005423,0.018341,0.11198,0.08246,-0.006506,0.015417
2019-11-30,-0.183414,-0.106631,0.033302,0.001657,0.007926,-0.032479,0.076166,-0.014519,0.016426,0.031673,0.01509,0.014825,0.045265,-0.000616,0.047166,-0.007375,-0.019028,-0.060216,0.033904,-0.04435,-0.004394,-0.01361,0.036823,0.034339,-0.00811,-0.084163,-0.009888,0.019787,-0.060775,-0.010525,-0.001313,-0.059535,0.020186,-0.01478,-0.005176,-0.048075,0.089488,0.027378,-0.030948,0.162817,-0.013628,0.010241,0.001517,-0.003215,0.038631,0.004874,-0.155194,-0.01969,-0.015121,0.028112
2019-12-31,0.023372,-0.008282,-0.001978,0.079745,0.014601,0.034219,0.03138,0.004824,0.026241,0.01341,0.073888,0.017642,0.087249,0.056448,0.12011,-0.007051,0.038316,0.047666,-0.002178,0.030938,-0.01734,0.015495,0.037077,0.028856,-0.013014,-0.001749,-0.014431,0.002985,0.047649,0.023921,0.022681,0.075564,0.107364,0.029008,-0.023598,0.017049,-0.010886,-7.6e-05,0.064981,0.089461,0.005979,0.025223,0.05091,0.047591,0.012219,0.02028,-0.071848,0.158051,-0.005935,0.012187
2020-01-31,-0.086679,-0.015447,0.018868,-0.196907,-0.054135,0.039265,-0.008948,0.000953,-0.037531,-0.027245,-0.183711,-0.021556,-0.04218,-0.02244,-0.118746,0.001026,-0.048387,-0.200206,-0.036129,-0.029677,0.02385,-0.014648,0.08872,-0.001353,0.029595,-0.030185,0.043031,-0.028274,0.005076,-0.019667,-0.005837,-0.086866,-0.156153,0.001877,0.042446,-0.016763,0.093047,-0.019061,0.027801,-0.208555,0.005604,-0.015324,-0.100107,-0.046837,-0.025046,-0.030269,-0.153413,-0.129087,-0.00286,0.002661
2020-02-29,-0.047727,-0.018075,-0.058458,-0.084618,-0.014904,-0.013352,-0.044695,0.003287,-0.095462,-0.085349,-0.122394,-0.088638,-0.042965,-0.087556,-0.107755,0.004458,-0.037414,0.010959,-0.10111,0.026117,0.01957,-0.010553,-0.010283,-0.083694,0.009969,-0.087074,0.037822,0.026034,-0.090205,-0.014706,-0.031784,0.012607,-0.133493,-0.00562,0.014188,-0.038688,-0.00595,-0.090427,-0.113362,0.07257,0.013464,-0.072659,0.011522,-0.026923,-0.08264,-0.007183,-0.093308,-0.058766,0.015847,-0.078957
2020-03-31,-0.063967,-0.059866,-0.152294,-0.314901,-0.113505,0.010659,0.083333,-0.002534,-0.133177,-0.168958,-0.333905,-0.094533,0.0877,-0.168477,-0.542137,-0.003057,-0.051424,-0.161797,-0.053448,0.076691,-0.013623,-0.002999,-0.263075,-0.123711,0.007622,-0.059588,0.036524,-0.141791,-0.139819,-0.056922,-0.030092,-0.00756,-0.546536,-0.001829,0.036156,-0.074679,-0.158379,-0.160175,-0.184072,0.073648,-0.012754,-0.215914,-0.122833,-0.098129,-0.100396,-0.022899,-0.047674,-0.067985,0.012691,-0.041226
2020-04-30,0.058746,-0.071572,0.090884,-0.269206,-0.031368,0.06113,-0.068572,0.007925,0.04427,0.040799,-0.196761,0.06021,-0.021804,0.135539,-0.040902,-0.001203,0.069474,0.116107,-0.066523,-0.099222,0.00356,-0.003002,-0.002844,0.128519,0.012344,0.017077,0.009818,0.049391,0.052393,0.024479,0.01657,-0.040351,-0.203843,0.000767,0.023721,-0.085841,0.08151,0.095231,0.098866,-0.124639,-0.019685,0.023137,0.056551,0.027349,0.06769,0.01365,0.094344,-0.040566,-0.009012,0.055732
2020-05-31,0.009108,0.020438,0.030963,0.157974,0.036459,0.025206,-0.006676,-0.007834,0.029821,0.032643,0.113812,0.087276,-0.035862,0.004533,0.334062,0.000159,0.013791,-0.035629,0.160265,-0.022099,-0.008538,0.014952,0.052044,0.046832,0.006561,0.027881,0.002179,0.061253,0.235505,0.004811,-0.019976,-0.016954,0.915244,0.003799,0.000694,0.01797,0.016186,0.069256,0.096597,-0.094068,0.012897,0.027172,0.034768,0.051208,0.041064,0.036745,-0.133715,0.062452,-0.000837,0.0212
2020-06-30,0.038215,0.059201,0.022705,0.1365,0.038106,0.027856,-0.05905,-0.001827,0.020236,0.056347,0.195116,0.024194,-0.074388,0.058859,0.087295,-0.001769,0.037179,-0.207793,-0.033383,0.010946,0.009586,0.009096,0.085272,0.019922,-4.9e-05,0.026181,0.001201,0.051284,0.00226,0.014809,-0.000696,0.05174,0.099262,0.012991,0.001282,0.039143,-0.082628,0.064041,-0.038001,0.038936,-0.011269,0.028835,0.118738,0.00734,0.0531,0.010634,-0.083016,0.008397,-0.006134,0.021778
2020-07-31,0.075617,0.055528,0.039749,0.025804,0.046791,0.090142,0.080326,0.019981,-0.042456,-0.026292,0.027415,-0.022901,0.006253,0.013343,0.049378,0.000581,0.041431,0.06067,0.068037,0.010479,0.007548,0.052107,0.056822,0.056476,0.007334,0.131977,0.013883,0.055853,0.299372,0.016715,0.062013,0.021338,0.026279,0.040651,0.006708,-0.07467,0.098209,0.002028,0.194854,0.177723,0.005574,-0.040391,0.051127,0.062448,-0.024676,0.06508,-0.013012,0.085445,0.008461,-0.0001
2020-08-31,0.114833,0.042032,0.024448,-0.0228,0.044053,-0.001724,0.024472,-0.003308,0.012744,0.03493,-0.014926,0.064306,0.063276,0.033865,0.022989,-0.000752,0.031105,0.080106,-0.023873,0.052886,-0.016542,0.010702,0.001576,0.071331,-0.022008,0.079159,-0.016888,0.032527,0.174289,0.027975,0.019981,0.068518,0.052302,0.009406,-0.017356,0.102846,0.134387,0.046598,-0.100597,0.091221,0.00275,0.00675,0.060322,0.046041,0.011099,0.013467,0.391024,0.113742,-0.002853,0.015689
2020-09-30,-0.056559,-0.078983,-0.020106,-0.059068,-0.026714,-0.042117,0.046626,0.004465,-0.01523,-0.026799,-0.105226,0.006523,0.072594,0.001243,-0.095506,0.001054,-0.030934,0.358203,0.030865,0.115233,0.016635,-0.020139,0.032347,-0.037861,0.010611,-0.046748,0.00537,-0.029049,-0.178368,-0.024645,-0.034676,0.073415,-0.060834,-0.0208,0.007506,0.0594,-0.040941,-0.010026,0.008543,-0.140262,0.000554,-0.031862,-0.009472,-0.072737,-0.001868,-0.036667,-0.277677,-0.015574,0.004725,0.005501
2020-10-31,0.04322,-0.001649,-0.037546,-0.061532,0.057786,-0.008234,0.035468,0.00913,-0.04759,-0.043169,-0.086182,-0.01333,0.061796,0.047564,-0.114519,0.000837,-0.020299,0.039227,-0.036049,0.114513,0.007522,-0.007287,0.062952,-0.026282,-0.003288,0.049336,-0.019498,0.014594,0.006492,0.001702,-8e-06,0.032242,-0.115215,0.001527,-0.010651,0.051451,-0.099001,-0.095078,-0.030205,-0.059036,0.003807,-0.039819,0.004945,-0.021192,-0.024458,0.005168,0.208264,0.00578,-0.004725,-0.063433
2020-11-30,0.056272,0.138606,0.104385,0.24864,0.10213,-0.055426,-0.030493,0.002194,0.131031,0.202516,0.260634,0.156433,0.008314,0.024235,0.254274,0.000592,0.049106,0.030506,0.017316,0.038299,-0.003545,0.026236,0.010483,0.108796,-0.004916,0.103353,0.005551,0.039557,-0.047055,0.028806,0.03233,0.106272,0.258567,0.011554,-0.000966,0.053326,0.311492,0.152888,0.193656,0.156132,-0.002489,0.258396,0.122397,0.079473,0.138098,0.040761,-0.159658,0.170599,-0.002076,0.101488
2020-12-31,0.034501,-0.041445,0.014089,0.076487,-0.031801,0.064123,0.094872,0.009155,0.027294,0.00753,0.078837,0.039397,0.103291,0.082741,0.075848,0.001098,0.046844,0.024788,0.019044,0.105062,-0.001596,0.021707,0.067477,0.038313,0.013295,-0.018181,-0.006243,0.127461,0.169052,0.016892,0.023281,0.125589,0.065099,0.02275,0.00078,0.13615,-0.049577,0.031748,0.064606,0.040153,0.006194,0.005075,0.023559,0.034163,0.031195,0.040123,-0.110806,0.102584,0.000228,0.023834
2021-01-31,0.064599,0.013197,-0.005631,0.078444,-0.001074,-0.025224,0.035129,-0.014222,-0.009199,-0.025484,0.064397,0.004728,0.057165,0.032268,0.078947,-0.000789,-0.006037,-0.006757,0.000217,-0.007827,-0.002493,-0.007812,0.021929,-0.009895,-0.013153,-0.065772,-0.018146,0.085202,0.019009,-0.002818,0.00433,0.045004,0.074367,-0.007318,-0.017889,0.130165,-0.027497,-0.022116,0.007959,-0.041327,-0.003292,-0.038758,0.010517,0.001081,0.020496,-0.014551,0.03154,0.046403,-0.005845,-0.011368
2021-02-28,0.049028,0.009015,0.047599,0.161477,0.083272,-0.065663,-0.012066,-0.017568,0.012353,0.056888,0.176343,0.060947,-0.020767,0.08903,0.201445,-0.004876,0.008887,0.136976,-0.015182,-0.018097,-0.026527,-0.001515,0.107453,0.0273,-0.050718,0.081517,-0.03833,0.056981,-0.019031,0.008957,0.017992,0.02573,0.174129,-0.018149,-0.045175,0.01554,0.066944,0.023583,0.060386,0.113047,-0.015078,0.05863,0.151434,-0.00682,0.024006,-0.008577,0.103717,0.141321,-0.016933,-0.007983
2021-03-31,-0.136175,-0.045017,0.044632,-0.038965,0.023918,-0.008676,-0.063991,-0.036193,0.045505,0.066345,-0.051599,0.00389,-0.091519,-0.089495,-0.013784,-0.001414,-0.01635,0.15949,0.008129,0.0,0.000921,-0.03252,-0.102165,0.043605,-0.002027,0.007627,-0.028128,0.062346,-0.072156,0.007193,-0.013379,0.023144,-0.038136,-0.039048,-0.020567,0.030594,-0.098207,0.091404,0.021323,-0.101815,-0.004107,0.0483,-0.023704,0.00887,0.075899,-0.036675,-0.082564,-0.009812,-0.014167,0.062744
2021-04-30,0.099928,0.090681,0.021871,0.085497,0.086464,0.030369,0.201456,0.010603,0.038617,0.036364,0.051723,-0.010286,0.212764,0.080985,0.071919,0.002292,0.01402,0.084986,-0.051464,0.006616,-0.005078,0.023617,0.180822,0.053534,0.001213,0.037071,0.013521,0.149952,0.053851,0.021614,0.003413,0.09344,0.070676,0.031073,0.000769,0.311473,-0.002593,0.009249,0.018061,0.1332,-0.002671,0.029975,0.121012,0.027436,0.014418,0.030522,0.11042,0.307769,0.003934,0.007321
2021-05-31,0.023808,0.012674,0.038046,0.063511,0.032334,0.076257,-0.096971,-0.001048,0.012403,0.040151,0.060291,0.00311,-0.128287,-0.067671,0.052157,0.001574,0.001929,0.068571,-0.006008,-0.071596,-0.002985,0.015038,0.022361,0.006603,0.005677,0.041942,0.008505,0.039042,0.08275,0.018244,0.026613,-0.002444,0.045081,0.013321,0.008194,-0.024507,0.012565,0.016218,-0.053955,0.147754,-0.008182,0.04078,0.04689,-0.001376,0.007911,0.019451,0.004266,0.012426,-0.004012,0.033066
2021-06-30,0.006079,0.036037,0.027353,0.044349,0.018695,-0.070173,0.012057,-0.0146,0.004303,0.01269,0.048757,-0.00518,0.060336,0.023257,0.083822,0.002226,-0.030239,-0.099494,0.034781,-0.050569,0.007003,-0.030619,0.015574,0.023289,0.00821,-0.027024,0.017003,0.021884,-0.066012,-0.02434,-0.028215,-0.052598,0.110921,-0.027793,0.012963,0.096307,-0.021395,0.008743,-0.069333,-0.018476,0.002866,-0.030188,-0.081454,-0.033295,0.029508,-0.030641,0.230688,-0.039814,0.007027,0.050477
2021-07-31,0.073759,0.061151,0.00806,0.033413,0.031914,0.023141,0.035688,0.011041,-0.002004,0.016767,0.025057,-0.049688,0.021624,0.050535,0.022869,0.004876,-0.021069,0.028575,-0.005295,-0.060985,0.025934,-0.000722,0.001067,0.023798,0.0181,0.01959,0.024258,0.09889,-0.0247,-0.008035,0.006355,-0.010664,0.009861,0.019089,0.019055,-0.087193,-0.00962,0.001352,-0.056013,0.123943,0.014633,-0.01223,0.045116,-0.026145,0.034566,-0.006325,0.093184,0.043336,0.01894,0.014674
2021-08-31,0.000844,-0.045014,0.01444,-0.029426,0.045471,0.000716,0.004262,-0.001225,0.01867,0.010889,-0.020733,0.030369,0.04753,0.045418,-0.032114,0.000942,-0.005876,0.008796,-0.002357,-0.017584,-0.001318,-0.005102,0.107766,0.030032,-0.00523,-0.011862,-0.003655,-0.032826,-0.06212,-0.012076,-0.010213,-0.041866,-0.071102,-0.011419,-0.00091,-0.023764,0.081678,0.016142,0.000294,0.077416,0.007841,0.018134,-0.027328,0.014764,0.048884,-0.004243,0.113654,-0.099358,0.007784,0.025703
2021-09-30,-0.08247,-0.071145,-0.02099,0.099291,0.049245,-0.033316,0.0045,-0.015643,0.001457,-0.021683,0.123786,0.052468,0.027739,0.147895,0.096178,-0.002602,-0.01182,0.031541,-0.049844,-0.058314,-0.021319,-0.018837,-0.000481,-0.046461,-0.031535,-0.007745,-0.020941,0.028358,-0.081588,-0.002479,-0.020358,-0.02824,0.096419,-0.018792,-0.02281,0.004678,0.044082,-0.031111,-0.061276,-0.009698,-0.013912,-4.8e-05,-0.065372,-0.002773,-0.019232,-0.012802,0.331502,-0.041473,-0.015194,-0.06294
2021-10-31,0.088376,0.153056,0.053843,0.067514,-0.05058,0.015309,0.065127,-0.021693,0.021268,0.048129,0.063666,-0.023058,0.073795,0.085541,0.077586,-0.002678,0.039657,-0.109192,0.028238,0.01962,-0.009215,-0.002055,-0.052575,0.070177,0.001443,0.153378,-0.002418,0.063628,0.086274,0.022073,0.016568,-0.016122,0.11985,0.020137,-0.018191,0.058686,-0.040657,0.024595,0.066215,0.051284,-0.014245,0.028827,0.068233,0.032146,0.053399,0.018416,-0.074518,0.053479,-0.01019,0.04241
2021-11-30,0.026737,-0.044783,-0.011502,-0.167379,-0.028783,-0.005774,0.001294,0.00402,-0.020001,-0.014734,-0.157953,-0.045529,0.042317,-0.027856,-0.157156,0.00153,-0.056098,-0.035497,0.051052,0.048707,0.026895,-0.027918,-0.034794,-0.007284,0.022144,-0.056708,0.014198,0.063916,-0.049455,-0.0337,-0.034856,-0.025811,-0.206421,-0.013356,0.01514,-0.0022,-0.090465,-0.033261,-0.094181,0.143663,0.006225,-0.076393,-0.020605,-0.071383,-0.038764,-0.0538,-0.162904,-0.042878,0.01218,0.008766
2021-12-31,0.044981,0.016929,0.035409,0.130949,0.069644,0.029328,-0.020959,-0.014722,0.043783,0.065273,0.115842,0.050334,-0.025235,0.058168,0.12065,0.001988,0.02488,0.018765,0.013054,0.180333,-0.015332,0.008857,0.015064,0.044638,-0.014433,0.115698,-0.006806,0.007926,0.023553,0.015073,0.022914,0.0916,0.130142,0.014114,0.014662,0.045374,0.074373,0.0481,0.081732,-0.026691,0.010776,0.046555,0.042874,0.033375,0.026702,0.000729,-0.146341,-0.041366,0.013608,0.058641
2022-01-31,0.093815,-0.028131,-0.003121,0.186594,0.086273,-0.018375,-0.012326,-0.000848,0.0099,-0.020032,0.195127,-0.060129,-0.025265,0.13295,0.172596,-0.006787,-0.03104,0.085913,-0.000899,0.017488,-0.015296,-0.014851,-0.034994,-0.051502,-0.033343,0.012772,-0.026459,0.095615,-0.041094,-0.00677,-0.009377,0.112937,0.190632,-0.022158,-0.033374,0.055205,0.002919,-0.028507,0.028346,0.03981,-0.024299,-0.011328,-0.031143,-0.01041,-0.053339,-0.030266,0.911268,0.168666,-0.021507,-0.050633
2022-02-28,0.089118,0.061691,-0.001171,0.109623,0.113901,0.058061,0.219048,0.000222,0.005138,-0.048259,0.125851,-0.018091,0.22144,-0.039195,0.131461,-0.006116,0.029846,0.081503,-0.021447,0.085939,-0.022185,0.001404,-0.012021,-0.030227,-0.00926,0.020588,-0.001648,0.059884,0.087906,0.002736,0.000261,0.103153,0.09108,0.014093,-0.006294,0.114218,-0.014553,-0.059205,0.049015,-0.00362,-0.022536,-0.010547,0.027749,0.014438,-0.030944,-0.011262,-0.111064,0.053317,-0.023882,-0.02288
2022-03-31,0.312638,0.012223,0.03916,0.259241,0.030957,0.025516,0.077087,-0.051709,0.014366,0.001953,0.241,0.058738,0.080535,0.139101,0.101433,0.000828,0.034352,-0.016909,-0.014499,0.027698,-0.041068,-0.010675,0.101074,0.036782,-0.018763,0.145713,-0.044714,-0.032283,0.031468,0.015308,-0.018977,-0.011302,0.071535,-0.00451,-0.047375,0.083965,0.048101,-0.005286,-0.103072,-0.027908,-0.012197,-0.001903,0.066563,0.005901,-0.0064,0.011837,0.28316,0.050473,-0.0206,0.029607
2022-04-30,-0.010843,-0.067299,-0.049426,0.422741,-0.129509,-0.021647,0.037525,-0.06372,0.003607,-0.012659,0.217515,-0.034507,0.062636,0.122637,0.044178,-0.00277,-0.054005,-0.111606,-0.032628,-0.057754,-0.023845,-0.052699,-0.007161,-0.086957,-0.028001,-0.014573,-0.056427,-0.080149,-0.083287,-0.022542,-0.046263,0.055616,0.049614,-0.052882,-0.045601,0.092822,-0.020129,-0.023765,0.010522,-0.017006,-0.038896,0.023967,-0.074932,-0.061084,-0.013316,-0.048911,0.271343,0.2545,-0.063563,0.004653
2022-05-31,-0.10715,-0.03709,0.001195,0.018345,-0.09184,-0.036095,0.030074,0.006118,0.009646,0.004491,0.066646,0.01452,0.054036,-0.045669,0.146663,-8.8e-05,0.008846,0.015051,-0.016023,-0.058343,-0.02447,0.014123,0.013057,0.000712,-0.019636,-0.047574,0.003209,-0.123301,-0.060516,0.010468,0.003839,-0.000891,0.124655,0.011152,-0.003712,-0.073756,-0.027527,0.020369,0.037566,0.041198,-0.000155,0.03249,-0.025519,-0.008986,0.00963,0.000238,0.126025,-0.121744,-0.027585,-0.040695
2022-06-30,-0.201671,-0.123696,-0.085089,-0.009349,-0.12311,-0.022236,-0.20115,-0.054284,-0.054325,-0.081321,-0.032525,-0.029838,-0.185972,-0.25212,-0.006885,-0.000645,-0.04191,0.010408,0.016875,0.132835,-0.035075,-0.025725,-0.029399,-0.083495,-0.014837,-0.189052,-0.016112,-0.252977,-0.0648,-0.019303,-0.036533,-0.004902,-0.068174,-0.000522,-0.028911,-0.012939,-0.082383,-0.109967,-0.16588,0.010163,-0.038932,-0.079216,-0.135359,-0.048751,-0.074521,-0.046277,-0.33602,-0.087596,-0.008527,-0.076912
2022-07-31,0.040263,0.067808,0.038951,-0.053727,0.02573,-0.024562,-0.086256,0.01462,0.036023,0.091029,-0.015571,0.051925,-0.081166,-0.02376,0.00899,0.002608,0.014524,0.181695,0.029229,0.054054,0.054717,-0.026672,-0.051853,0.09105,0.036975,0.068599,0.038296,-0.088383,-0.007612,0.006758,0.001473,0.049023,-0.0453,0.003276,0.058055,-0.019881,-0.007366,0.05489,0.048007,-0.056061,0.045284,0.015899,-0.036792,0.021362,0.107666,0.004048,0.540732,-0.093113,0.033403,0.04454
2022-08-31,-0.096043,-0.043206,-0.018533,0.046887,-0.055325,-0.030822,0.001548,-0.03804,-0.012209,-0.049968,0.008492,0.013317,0.05689,0.146991,-0.071927,0.003162,-0.018104,-0.058632,0.002459,-0.073491,-0.059475,-0.015932,0.019941,-0.043007,-0.091043,0.052574,-0.048037,-0.127593,-0.120558,-0.021533,-0.044467,0.013616,-0.093265,-0.026589,-0.045028,0.093306,0.044991,-0.046392,-0.061452,0.100825,0.017926,-0.032744,-0.015392,-0.0266,-0.061927,-0.042566,0.111167,0.075182,-0.006925,-0.026784
2022-09-30,-0.016614,-0.020088,-0.041587,-0.081367,-0.085656,-0.031742,0.108238,-0.044623,-0.052847,-0.058185,-0.076262,-0.069785,0.086575,-0.211929,-0.080278,-0.005816,-0.062618,-0.025133,0.004913,-0.121377,-0.05813,-0.027737,0.029621,-0.093962,-0.120751,-0.138084,-0.066131,-0.044812,0.064681,-0.046665,-0.04121,-0.040598,-0.10691,-0.010881,-0.006431,0.010442,-0.024412,-0.057144,0.108766,-0.058234,-0.048644,-0.065428,-0.030127,-0.089808,-0.058095,-0.043276,-0.267979,-0.046758,-0.046276,-0.055602
2022-10-31,0.031441,0.032712,0.055201,0.300877,0.030998,-0.01872,-0.042593,-0.028962,0.027912,0.087261,0.168304,0.062076,-0.01286,-0.156322,0.113822,0.001351,-0.005815,0.114144,0.036892,0.061756,-0.006099,0.006741,0.016385,0.078738,0.046874,-0.091802,-0.030213,-0.108725,0.004195,0.007426,0.030706,0.030958,0.107485,-0.019166,-0.012387,0.020664,-0.008189,0.095187,-0.000541,-0.197922,-0.016554,0.083414,-0.010989,0.047904,0.047091,0.002881,-0.170915,0.063871,-0.011716,0.054586
2022-11-30,0.235726,0.107327,0.053243,-0.084701,0.102877,0.064178,-0.125531,0.061653,0.069157,0.075148,-0.090702,0.017798,-0.066921,0.195137,-0.079607,-0.000327,0.046406,-0.023853,0.003932,-0.024293,0.024735,0.039582,0.092352,0.052003,0.035893,0.122836,0.048481,0.291227,0.127138,0.005997,0.033507,0.035224,-0.072705,0.04698,0.031421,-0.042661,0.049541,0.084957,0.09025,-0.056279,0.0191,0.052335,0.105039,0.041702,0.082227,0.034274,0.017195,0.066165,0.018428,0.031704
2022-12-31,0.110756,0.060742,-0.058314,-0.000386,-0.046662,0.037673,-0.004399,0.05288,-0.017434,-0.039848,-0.01445,-0.067574,-0.013059,-0.014648,-0.026377,-0.008814,0.011138,0.027539,0.014292,0.145559,-0.057791,0.033563,0.020936,-0.060913,-0.046084,-0.017659,-0.019387,0.079123,0.103728,-5.2e-05,0.00878,0.033855,-0.005521,0.025216,-0.035025,0.017241,0.041084,-0.035151,0.051216,-0.015301,-0.016689,-0.01603,0.019394,0.011114,-0.049919,0.02085,-0.350942,-0.13248,0.003388,-0.037723
2023-01-31,0.007342,-0.079966,0.071798,-0.034204,0.109662,0.056567,-0.038825,0.010369,0.037973,0.094208,0.010209,0.046788,-0.010417,0.034179,-0.016507,-0.011988,0.0377,-0.146236,0.006017,0.011912,0.024635,0.015387,0.08578,0.059544,0.031547,0.142131,0.03489,0.170632,-0.008493,0.015288,0.022542,0.009186,-0.021221,0.003483,0.034941,0.001842,-0.007557,0.084787,-0.074403,0.086374,0.000815,0.102067,0.109042,-0.015023,0.08023,-0.006638,-0.345506,-0.076506,-0.010851,0.051145
2023-02-28,-0.186008,-0.016293,-0.029747,-0.102997,-0.110852,-0.055831,-0.091626,-0.048884,0.014445,0.024527,-0.073912,0.006209,-0.071692,-0.023546,-0.018322,-0.003574,-0.044072,-0.014469,0.015031,0.007022,-0.036429,-0.025292,0.014707,-0.028462,-0.035331,-0.113354,-0.045818,-0.163631,-0.120602,-0.020082,-0.01721,-0.030884,-0.025715,-0.022683,-0.040021,-0.073925,0.064721,0.015289,-0.000918,0.047594,-0.010783,0.039584,-0.030406,-0.035868,0.011544,0.00239,-0.015571,-0.020874,-0.028354,-0.015892
2023-03-31,-0.041054,0.004403,-0.007764,-0.046085,0.012375,0.072032,-0.018781,0.018908,-0.028177,0.006499,-0.075449,0.03063,0.079975,-0.014873,-0.044114,0.0124,-0.007998,-0.116522,0.017372,-0.044299,0.028819,0.022511,0.108625,0.032585,0.02937,-0.023108,0.041664,0.017298,0.146385,0.005697,0.020721,0.017917,-0.022642,0.02233,0.039403,0.047996,0.051649,0.01432,0.018481,-0.084812,0.013445,-0.018867,0.001221,-0.013726,0.002527,0.004017,-0.264499,-0.094437,0.000516,0.009657
2023-04-30,0.020484,0.02363,0.032495,-0.092308,-0.00909,0.006497,-0.104731,-0.027359,0.029265,0.027804,-0.075489,0.029575,-0.080318,-0.045304,-0.004369,-0.005331,-0.014348,-0.058785,0.020666,-0.06588,-0.000283,0.014442,0.213073,0.012009,-0.019325,-0.096934,0.003975,0.071294,0.034897,-0.00261,0.015907,-0.040684,0.013635,0.0231,0.004574,-0.037092,0.082357,0.014243,0.064461,0.113487,0.010151,0.008393,-0.054829,-0.021762,0.006171,0.009217,-0.001195,-0.066029,-0.002928,0.038651
2023-05-31,-0.155021,-0.059347,-0.057586,-0.049432,-0.043299,-0.017606,-0.062327,-0.029939,-0.052209,-0.042824,-0.045714,0.068591,0.018358,0.033168,-0.095584,0.005859,-0.022033,-0.099512,0.022057,-0.096255,0.006435,-0.036147,-0.04897,-0.000351,-0.042252,-0.153136,-0.02141,-0.042051,-0.064958,-0.002803,-0.014629,-0.084199,-0.113883,-0.030028,-0.033337,0.015384,0.023735,-0.022282,-0.023922,-0.039258,0.010207,-0.021667,-0.065157,-0.042131,-0.010622,-0.059139,-0.151615,-0.090193,0.003749,-0.017687
2023-06-30,-0.005073,0.043443,0.032681,0.087656,-0.056706,-0.026591,0.070676,-0.038001,0.010079,0.042317,0.079938,0.077203,0.013599,-0.007659,0.031691,0.000691,0.027364,0.147915,0.056659,0.065582,-0.015295,0.021479,-0.0866,0.061803,-0.017107,0.063512,-0.015493,0.065066,-0.032959,0.026344,0.025059,0.198115,0.027266,0.018108,-0.007371,-0.066498,0.103648,0.029868,-0.127267,-0.098793,0.007315,0.063952,0.028595,0.038487,0.03151,0.005894,0.204794,0.316667,-0.014983,0.005636
2023-07-31,0.082163,0.022963,0.017554,0.221972,0.057038,0.021303,0.022658,0.012228,0.019564,0.011133,0.248742,0.002709,0.015937,0.047314,0.134627,-0.003083,0.011331,0.124455,0.004938,0.076336,-0.009484,0.008957,0.05794,0.028172,0.006481,0.0762,-0.015305,0.003587,0.084804,0.004824,0.011796,0.002601,0.157819,0.028609,-0.024779,0.031729,0.058078,0.017023,0.019127,0.03553,2e-06,0.01021,0.066098,0.057745,0.021328,0.026441,-0.095963,0.111294,-0.006814,0.000971
2023-08-31,-0.094091,0.04543,-0.019269,0.052621,-0.041558,-0.021263,-0.139316,-0.029181,-0.029465,-0.027434,0.041283,-0.019546,-0.106122,0.031132,0.016839,-0.016258,-0.040007,-0.040119,0.007238,-0.07203,0.00044,-0.017194,0.039378,-0.020808,-0.008026,-0.056061,-0.013088,-0.03815,-0.020011,-0.027525,-0.015316,-0.007661,0.031475,-0.022021,-0.008773,-0.085318,0.015182,-0.033234,-0.007051,-0.072577,-0.006031,-0.017044,-0.058758,-0.05005,-0.058329,-0.041981,0.009061,-0.030473,-0.023635,-0.019139
2023-09-30,-0.083808,-0.01815,-0.036315,0.080017,0.069135,-0.050796,-0.100498,-0.029067,0.019957,-0.026762,0.133874,-0.016128,-0.087315,-0.014081,0.09758,-0.00607,-0.004581,-0.028459,0.018668,-0.102221,-0.035566,-0.025917,0.048298,-0.051778,-0.009729,0.089684,-0.053999,-0.09548,-0.095185,0.000244,-0.036905,-0.068493,0.093104,-0.037615,-0.046623,-0.003136,-0.060397,-0.038974,-0.055501,-0.054046,-0.004712,-0.011968,-0.022108,-0.0013,-0.022814,0.006411,0.008659,-0.106958,-0.014225,-0.014196
2023-10-31,-0.035251,-0.042784,-0.035109,-0.093799,-0.041701,0.068699,0.02724,-0.019997,-0.044719,-0.038186,-0.086669,-0.031684,-0.051978,-0.068041,-0.05188,-0.00951,-0.020119,-0.000697,-0.023284,0.146582,0.006591,-0.00292,0.023036,-0.024988,-0.010808,-0.085402,-0.028815,0.004528,0.022348,-0.02653,-0.006004,0.009412,-0.10089,0.001934,-0.007866,0.004195,0.116621,-0.042832,0.092308,0.144716,-0.006814,-0.042889,-0.02368,-0.048329,-0.016816,-0.028827,0.109062,-0.104903,-0.013947,-0.055535
2023-11-30,-0.084873,0.008869,0.070877,-0.027321,-0.036109,0.021962,0.025168,0.01927,0.014661,0.055693,-0.057892,0.088511,0.022249,-0.022407,-0.025829,0.002266,0.04615,-0.041132,-0.069052,0.025986,0.033921,0.03094,-0.03876,0.086046,0.03182,0.018521,0.049525,0.004257,0.101997,0.023483,0.043076,0.024609,-0.065151,0.043057,0.047294,-0.035509,0.172423,0.081844,-0.039924,0.165572,0.008504,0.115089,0.049328,0.035457,0.060376,0.064869,-0.25258,0.005535,0.025343,0.050816
2023-12-31,-0.007368,-0.033337,0.041397,-0.073016,0.079536,0.007097,0.050167,0.033063,0.039676,0.032809,-0.045455,-0.001493,-0.001555,0.011741,-0.031918,0.013865,0.02516,-0.048968,-0.019351,-0.127092,0.037772,0.007851,-0.209677,0.041046,0.057541,0.069932,0.050234,0.051114,-0.061341,0.021391,0.00417,-0.036678,-0.063154,0.012752,0.045193,-0.023822,-0.018939,0.040224,0.052173,0.019491,0.034813,0.001539,0.010388,0.054637,0.029689,0.043615,-0.035673,-0.098519,0.052214,0.019224
2024-01-31,-0.005017,0.035513,0.000315,0.074076,-0.043624,-0.011295,-0.047352,-0.038963,-0.016438,0.015619,0.106352,0.087294,0.005632,-0.014035,0.038775,0.004248,-0.031856,0.108108,0.052522,-0.045855,-0.018041,-0.016802,0.172498,0.012679,-0.025262,-0.033882,-0.009909,0.010121,-0.047062,-0.010536,-0.001839,-0.066271,0.058618,-0.010814,-0.025835,-0.048806,0.105607,0.00473,-0.052836,0.030536,-0.017579,0.001487,-0.00344,-0.022603,0.037287,-0.038076,0.168269,-0.031375,-0.003531,0.018771
2024-02-29,0.128221,-0.03193,0.015581,-0.003207,-0.022807,0.003076,-0.012637,-0.026286,-0.000328,0.034928,0.172563,0.079461,-0.036,0.028597,0.098468,-0.005056,-0.01729,0.133817,0.045109,-0.095031,-0.026952,-0.001723,-0.101119,0.048479,-0.022288,-0.05094,-0.025104,0.050215,-0.035091,-0.016537,-0.003593,-0.069538,0.031773,-0.024202,-0.013511,-0.072504,0.427515,0.04443,-0.018041,0.009276,-0.002859,-0.007316,-0.02135,-0.015135,0.038317,0.005986,0.289895,-0.02913,-0.020799,0.006732
2024-03-31,-0.029925,0.045199,0.039362,-0.028511,0.048923,0.079184,-0.072526,-0.009714,0.047401,0.035575,0.083689,0.028782,-0.065145,0.068701,0.042887,-0.001739,0.001259,0.001163,-0.001888,0.013201,0.017007,-0.005391,0.038266,0.027744,0.01752,0.008258,0.007496,0.058212,0.104507,-0.000583,-0.003933,0.051587,0.06274,-0.029798,0.002031,0.063139,0.424426,0.057922,0.05275,-0.035742,0.015593,0.103697,0.045069,-0.023723,0.039398,-0.03453,-0.16129,0.067398,0.002133,0.023757
2024-04-30,0.07181,0.035531,-0.026763,-0.06669,0.1089,0.038559,0.109936,-0.035606,0.021345,-0.03259,-0.08747,-0.047537,0.130937,0.089606,-0.035843,-0.007223,0.004771,0.092044,-0.054189,0.025466,-0.023059,-0.008608,-0.138099,-0.044857,-0.040925,0.164619,-0.044666,0.090685,0.10589,-0.013165,-0.006298,-0.026625,-0.014909,-0.015678,-0.035256,-0.005656,0.115049,-0.03627,0.033512,0.168388,-0.001475,-0.019662,0.16475,-0.014035,-0.008751,-0.023238,-0.107354,-0.083491,-0.012744,-0.031801
2024-05-31,-0.074967,0.006546,0.022137,-0.063502,0.023538,0.008685,0.148363,-0.008608,0.015628,0.004839,0.021013,0.00052,0.078885,-0.084784,-0.010721,-0.011919,0.008276,-0.000532,0.037577,0.053133,-0.015113,0.009868,-0.057187,0.044755,0.004586,0.091069,0.013043,0.031062,0.152011,-0.004839,0.012571,0.042214,-0.060295,0.003008,0.017026,0.015358,-0.132352,0.024095,0.036258,0.007705,-0.003925,0.043633,-0.000107,0.040628,0.034173,0.031016,0.027462,0.046464,0.01214,0.067466
2024-06-30,-0.047379,-0.003364,-0.017911,0.138707,-0.048256,0.007189,-0.218694,-0.0277,-0.008931,-0.062735,-0.090499,0.028319,-0.137141,-0.131362,-0.047473,-0.001539,0.000915,-0.048151,0.021344,-0.011516,0.021148,-0.013135,0.10929,0.03137,0.011248,-0.052208,0.015518,0.031003,-0.082958,-0.004805,-0.007689,-0.04753,0.059099,0.000144,0.010304,-0.109804,-0.162423,-0.006907,0.001699,0.029683,0.000819,-0.039469,-0.070838,-0.010419,0.022916,-0.004823,0.315207,-0.048775,0.010508,-0.000166
2024-07-31,-0.029032,-0.131188,0.057077,-0.079665,-0.092692,0.037143,-0.018938,0.047703,0.017718,0.00714,-0.064476,-0.008843,-0.056071,-0.019221,-0.032278,-0.004361,-0.018519,0.019564,0.009168,-0.017753,0.013487,0.008526,-0.066995,0.008005,0.017613,-0.103366,0.024461,-0.083045,-0.01359,-0.014456,0.014092,-0.108483,-0.044518,0.013414,0.030316,-0.036501,-0.010389,0.011031,-0.086327,0.001092,0.015166,0.020173,-0.056486,-0.027206,-0.009102,-0.014202,-0.064471,-0.017015,0.011608,0.026283
2024-08-31,-0.011335,0.046361,0.011983,-0.083278,0.068326,0.032145,-0.031544,0.048877,0.00359,0.01365,0.084162,-0.013255,0.045556,-0.0543,-0.011757,0.018352,0.03665,-0.098958,-0.045558,-0.120023,0.004765,0.022898,0.023231,0.019493,0.000294,0.092529,0.015555,0.018451,0.036179,0.022962,0.02462,-0.052081,-0.055962,0.035995,0.001047,-0.01241,0.261016,0.018542,0.016166,0.082897,0.016518,0.030436,0.015548,0.041708,0.003007,0.051503,0.15206,0.009825,0.018242,0.008834
2024-09-30,0.10709,0.060644,0.030316,-0.014415,0.067225,0.052545,0.136121,0.010236,-0.011803,6.5e-05,0.012836,-0.019633,0.058095,-0.042308,0.080435,0.002621,0.016036,-0.001521,0.028975,0.104942,0.008918,0.006627,0.159443,0.017005,-0.001623,0.075668,0.010788,0.102391,0.076429,-0.004983,0.015579,0.09448,-0.073148,0.002571,0.018417,0.123677,-0.165262,0.029128,0.067613,0.08884,-0.002868,0.040085,0.108981,0.00093,-0.009288,0.012098,0.121261,-0.022933,-0.000394,-0.019441
2024-10-31,-0.119458,-0.053442,0.002008,0.027596,0.002298,0.042942,-0.023534,-0.071908,-0.019485,-0.037715,0.050694,0.029249,-0.077917,0.008565,0.084979,-0.003833,-0.051672,0.028336,0.01374,-0.130119,-0.024243,-0.029116,0.012016,-0.012855,-0.039859,0.007422,-0.047603,-0.051427,0.071002,-0.031838,-0.032323,-0.083744,0.015989,-0.034351,-0.026536,-0.032961,-0.10527,-0.017997,0.013592,-0.090102,-0.001499,-0.020443,-0.053919,-0.043743,-0.042862,-0.056958,-0.00145,0.038644,-0.012083,-0.033508
2024-11-30,0.027845,0.028846,0.063774,-0.025289,-0.008978,-0.033572,-0.054338,0.009207,0.022333,-0.01603,-0.142734,-0.022785,-0.080998,0.088051,-0.076999,-0.008605,-0.011674,-0.023407,0.008991,-0.041402,0.030635,-0.028756,-0.072999,0.054476,0.017446,0.003043,0.01048,-0.103453,-0.116332,-0.010298,-0.020928,0.012545,-0.018192,-0.02282,0.015576,0.029823,0.243016,0.026995,-0.053045,0.308052,0.00777,0.001168,-0.06538,-0.007187,0.012281,-0.023556,0.292973,-0.069847,-0.00287,-0.00356
2024-12-31,-0.013112,-0.067577,-0.035399,0.080957,-0.016384,-0.006022,0.012975,-0.041092,-0.015406,0.019536,-0.050586,0.045324,0.027156,-0.042448,-0.030596,-0.002002,-0.045838,-0.009405,0.019284,0.071404,-0.027042,-0.016454,-0.086338,-0.02769,-0.031669,-0.031934,-0.037981,0.009853,-0.023214,-0.027028,-0.012276,-0.006827,0.054706,-0.027749,-0.013746,0.083924,0.120779,0.019472,-0.025176,-0.005907,0.011749,-0.006457,0.006393,-0.025859,-0.003497,-0.011674,-0.14305,-0.025276,-0.003563,-0.016163
