country,date,x10,x11,x12,x13,x14,x15,x16
country_1,2000-01-31,5.976084,2.197639,2.802361,6.810251,69.788649,0.035969,83.25
country_1,2000-02-29,5.976084,2.583861,2.896415,1.008088,63.003318,0.033383,83.75
country_1,2000-03-31,5.976084,2.510083,2.990193,-2.345766,52.300412,0.032847,83.5
country_1,2000-04-30,5.976084,2.636305,3.083695,-5.92242,73.939973,0.032982,83.75
country_1,2000-05-31,5.976084,1.886356,4.099559,-9.703654,104.062497,0.068195,83.0
country_1,2000-06-30,5.976084,0.896407,5.109491,-6.860776,99.220753,0.105932,81.75
country_1,2000-07-31,5.976084,-0.113542,6.113542,-5.964678,70.960827,0.08896,82.5
country_1,2000-08-31,5.976084,0.234736,6.004844,-2.316514,62.675008,0.047371,81.5
country_1,2000-09-30,5.976084,0.353014,5.896567,-5.815554,45.120364,0.022377,81.75
country_1,2000-10-31,5.976084,0.461292,5.788708,-9.120184,50.568192,0.027497,80.75
country_1,2000-11-30,5.976084,0.382252,5.868205,-8.791978,101.783755,0.025029,81.75
country_1,2000-12-31,5.976084,0.303211,5.947244,-5.764992,73.783413,0.021612,80.5
country_1,2001-01-31,4.80019,0.22417,6.02583,-6.860426,98.797366,0.020261,81.0
country_1,2001-02-28,4.80019,-0.209006,6.059164,-6.800511,127.34339,0.012637,80.8
country_1,2001-03-31,4.80019,-0.542182,6.09234,-7.470574,110.612426,0.04107,80.0
country_1,2001-04-30,4.80019,-1.065358,6.125358,-4.933121,74.368107,0.021108,80.0
country_1,2001-05-31,4.80019,0.093386,4.875759,-0.777298,96.988807,0.037016,80.25
country_1,2001-06-30,4.80019,1.312131,3.657401,-3.18601,61.67249,0.038704,79.75
country_1,2001-07-31,4.80019,2.530875,2.469125,-5.646114,58.316782,0.07528,81.25
country_1,2001-08-31,4.80019,2.305124,2.695289,-5.552947,85.853431,0.049863,80.0
country_1,2001-09-30,4.80019,1.859373,2.921039,-5.943247,216.167106,0.337045,80.5
country_1,2001-10-31,4.80019,1.373622,3.146378,-1.164262,271.175772,0.402659,81.0
country_1,2001-11-30,4.80019,1.410085,3.089504,3.50294,145.553593,0.183219,81.25
country_1,2001-12-31,4.80019,1.246549,3.033042,0.049237,104.725423,0.137227,81.5
country_1,2002-01-31,4.450032,1.273012,2.976988,-0.205612,41.125087,0.112661,82.25
country_1,2002-02-28,4.450032,1.325741,2.923974,2.502802,69.984687,0.087882,82.5
country_1,2002-03-31,4.450032,1.37847,2.871246,8.605919,60.022618,0.156386,82.5
country_1,2002-04-30,4.450032,1.431199,2.818801,9.423002,53.528662,0.079755,82.5
country_1,2002-05-31,4.450032,1.499848,2.950387,6.341706,55.374963,0.130948,82.5
country_1,2002-06-30,4.450032,1.638498,3.081737,7.719906,71.873141,0.107965,82.25
country_1,2002-07-31,4.450032,1.537148,3.212852,4.531798,98.970042,0.063329,82.75
country_1,2002-08-31,4.450032,1.635506,3.113882,2.498446,105.577487,0.067768,82.75
country_1,2002-09-30,4.450032,1.733864,3.015526,7.85964,120.237593,0.095215,82.5
country_1,2002-10-31,4.450032,1.832222,2.917778,7.848912,100.881727,0.274671,83.0
country_1,2002-11-30,4.450032,1.709765,3.040991,5.027174,129.513952,0.238642,82.5
country_1,2002-12-31,4.450032,1.587308,3.163445,4.798228,103.22027,0.208113,82.5
country_1,2003-01-31,4.895834,1.464851,3.285149,5.102412,123.802087,0.184562,82.0
country_1,2003-02-28,4.895834,1.689584,3.059434,7.240039,226.224435,0.29041,81.75
country_1,2003-03-31,4.895834,1.914317,2.834703,6.54954,230.925068,0.401874,81.0
country_1,2003-04-30,4.895834,2.13905,2.61095,6.110652,202.988314,0.236097,80.25
country_1,2003-05-31,4.895834,2.144685,2.605291,9.179139,140.880171,0.211296,81.5
country_1,2003-06-30,4.895834,2.150319,2.599656,10.026416,65.230324,0.144635,81.25
country_1,2003-07-31,4.895834,2.155954,2.594046,15.449102,60.743092,0.079757,81.25
country_1,2003-08-31,4.895834,2.204485,2.545306,15.740965,39.289841,0.1554,81.25
country_1,2003-09-30,4.895834,2.253015,2.496776,15.042017,49.09207,0.138276,81.0
country_1,2003-10-31,4.895834,2.301546,2.448454,16.751751,37.679535,0.124023,81.75
country_1,2003-11-30,4.895834,2.659153,2.30967,19.322592,58.201036,0.165508,81.75
country_1,2003-12-31,4.895834,3.05676,2.172068,20.990843,55.359518,0.098751,81.75
country_1,2004-01-31,5.478334,3.214367,2.035633,22.4631,54.249251,0.068603,82.0
country_1,2004-02-29,5.478334,3.044731,2.205269,21.171273,62.653281,0.083207,81.75
country_1,2004-03-31,5.478334,2.875095,2.374905,16.948962,45.459095,0.137264,81.75
country_1,2004-04-30,5.478334,2.705459,2.544541,15.141745,42.780446,0.175825,82.25
country_1,2004-05-31,5.478334,2.795104,2.454516,6.404627,89.220112,0.061609,82.5
country_1,2004-06-30,5.478334,2.88475,2.364871,1.346555,46.381749,0.083577,82.25
country_1,2004-07-31,5.478334,2.974396,2.275604,3.40249,41.227394,0.11159,82.0
country_1,2004-08-31,5.478334,2.894361,2.355908,4.054904,70.742988,0.079035,82.0
country_1,2004-09-30,5.478334,2.814327,2.435942,2.17051,61.05322,0.152544,82.0
country_1,2004-10-31,5.478334,2.734292,2.515708,2.725239,88.764658,0.145981,82.5
country_1,2004-11-30,5.478334,2.783169,2.466545,2.621723,43.547965,0.087058,83.0
country_1,2004-12-31,5.478334,2.832045,2.417669,-0.40753,43.847222,0.104792,83.0
country_1,2005-01-31,5.644166,2.880922,2.369078,-2.984934,34.657753,0.156882,83.0
country_1,2005-02-28,5.644166,2.843485,2.406639,-1.916425,32.410522,0.070778,83.0
country_1,2005-03-31,5.644166,3.046049,2.444075,0.61385,34.387121,0.062998,83.0
country_1,2005-04-30,5.644166,3.018612,2.481388,0.540697,69.64506,0.082404,83.0
country_1,2005-05-31,5.644166,2.815664,2.684839,4.458983,54.803352,0.06878,82.5
country_1,2005-06-30,5.644166,2.612716,2.887786,9.125554,28.88613,0.087331,82.5
country_1,2005-07-31,5.644166,2.409768,3.090232,5.567817,44.312693,0.180114,81.75
country_1,2005-08-31,5.644166,2.499149,3.00041,5.951062,37.913956,0.097106,81.75
country_1,2005-09-30,5.644166,2.58853,2.911031,7.843938,46.434343,0.07302,82.0
country_1,2005-10-31,5.644166,2.677911,2.822089,3.949713,49.82826,0.106291,82.0
country_1,2005-11-30,5.644166,2.644186,2.85598,-0.355359,48.896107,0.131142,82.0
country_1,2005-12-31,5.644166,2.61046,2.889704,1.597818,34.270069,0.05331,82.0
country_1,2006-01-31,5.988333,2.576735,2.923265,0.660002,38.336222,0.061557,82.25
country_1,2006-02-28,5.988333,2.219437,3.282011,-1.553565,47.41278,0.054128,82.5
country_1,2006-03-31,5.988333,1.862139,3.639306,-3.117255,31.842783,0.094692,82.5
country_1,2006-04-30,5.988333,1.50484,3.99516,-1.853452,37.913418,0.081477,82.25
country_1,2006-05-31,5.988333,1.747619,3.982299,0.539603,60.742351,0.062846,82.25
country_1,2006-06-30,5.988333,1.780398,3.96952,-3.133554,50.016972,0.108797,82.0
country_1,2006-07-31,5.988333,1.793176,3.956824,-0.655707,48.192171,0.069877,81.5
country_1,2006-08-31,5.988333,2.238354,3.750991,0.247101,66.881375,0.093588,82.5
country_1,2006-09-30,5.988333,2.453531,3.545815,-0.947059,40.893274,0.106238,82.5
country_1,2006-10-31,5.988333,2.658708,3.341292,-0.352347,43.564736,0.148832,82.5
country_1,2006-11-30,5.988333,3.134071,3.054344,1.927711,51.66242,0.10627,82.25
country_1,2006-12-31,5.988333,3.479434,2.768985,1.400077,39.222596,0.071517,82.0
country_1,2007-01-31,6.6675,3.764797,2.485203,2.227365,25.661973,0.064855,82.0
country_1,2007-02-28,6.6675,3.89471,2.353862,1.994385,37.195464,0.085809,81.75
country_1,2007-03-31,6.6675,4.024624,2.223957,4.309751,28.174541,0.069392,82.0
country_1,2007-04-30,6.6675,4.154537,2.095463,7.39726,28.872948,0.067303,82.0
country_1,2007-05-31,6.6675,4.237878,2.011606,4.993291,37.895416,0.051914,81.75
country_1,2007-06-30,6.6675,4.321219,1.928267,9.315015,32.205519,0.069739,81.75
country_1,2007-07-31,6.6675,4.40456,1.84544,8.991773,27.209061,0.155375,82.25
country_1,2007-08-31,6.6675,4.257424,2.192309,3.441411,80.253467,0.076174,82.5
country_1,2007-09-30,6.6675,3.960289,2.539444,5.382924,75.563836,0.096972,81.25
country_1,2007-10-31,6.6675,3.613154,2.886846,10.359327,81.739145,0.105838,81.25
country_1,2007-11-30,6.6675,3.351262,3.348738,7.224586,87.971264,0.071901,81.25
country_1,2007-12-31,6.6675,2.93937,3.81063,4.775865,97.611898,0.074533,82.0
country_1,2008-01-31,6.973333,2.477478,4.272522,4.631202,141.856555,0.040482,82.0
country_1,2008-02-29,6.973333,2.629326,4.331164,8.068344,118.648465,0.092178,81.25
country_1,2008-03-31,6.973333,2.831175,4.389314,6.810678,115.167337,0.052641,81.25
country_1,2008-04-30,6.973333,2.803023,4.446977,3.261662,88.425744,0.025336,81.0
country_1,2008-05-31,6.973333,2.624341,4.626472,6.471931,140.975191,0.067165,81.25
country_1,2008-06-30,6.973333,2.445658,4.805153,4.483466,102.862532,0.078288,81.25
country_1,2008-07-31,6.973333,2.266976,4.983024,3.580832,113.392698,0.069355,80.5
country_1,2008-08-31,6.973333,2.69342,4.554012,1.878838,134.681548,0.033368,81.25
country_1,2008-09-30,6.973333,2.889863,4.127577,-4.835783,206.118011,0.07811,80.5
country_1,2008-10-31,6.973333,2.476307,3.703693,-21.354347,290.991818,0.024992,78.75
country_1,2008-11-30,6.973333,2.048765,3.277458,-21.377547,186.361829,0.094607,78.5
country_1,2008-12-31,6.973333,1.491224,2.855016,-19.026988,185.854797,0.078303,78.25
country_1,2009-01-31,3.147518,1.813683,2.436317,-18.164608,101.057236,0.041467,78.25
country_1,2009-02-28,3.147518,1.25272,2.094041,-21.9148,196.28432,0.033845,77.5
country_1,2009-03-31,3.147518,1.491757,1.75502,-19.102711,118.316221,0.045104,75.5
country_1,2009-04-30,3.147518,1.640794,1.419206,-14.725604,90.138693,0.061452,76.0
country_1,2009-05-31,3.147518,1.658323,1.341059,-12.937243,130.036391,0.046749,76.75
country_1,2009-06-30,3.147518,1.735851,1.263533,-9.938577,75.507,0.022561,76.75
country_1,2009-07-31,3.147518,1.81338,1.18662,-10.2525,78.22363,0.091701,78.5
country_1,2009-08-31,3.147518,1.523494,1.47588,-1.862181,125.647983,0.096031,79.75
country_1,2009-09-30,3.147518,1.233608,1.765765,5.968157,79.196461,0.045525,79.25
country_1,2009-10-31,3.147518,1.153722,2.056278,27.383836,78.035096,0.053339,78.75
country_1,2009-11-30,3.147518,1.136173,2.344034,30.992709,99.873229,0.064804,78.25
country_1,2009-12-31,3.147518,1.108625,2.631583,28.792777,96.434605,0.076434,78.5
country_1,2010-01-31,4.44125,0.831076,2.918924,29.510905,86.401655,0.040667,78.0
country_1,2010-02-28,4.44125,0.763505,2.986689,29.831271,104.779874,0.047333,78.25
country_1,2010-03-31,4.44125,0.925935,3.05426,29.399563,113.42233,0.067879,78.75
country_1,2010-04-30,4.44125,1.098364,3.121636,24.531816,92.623206,0.049829,78.75
country_1,2010-05-31,4.44125,1.429423,3.040055,13.579517,279.425273,0.058005,78.75
country_1,2010-06-30,4.44125,1.540483,2.958997,8.278867,223.95131,0.085999,78.25
country_1,2010-07-31,4.44125,1.621542,2.878458,8.893505,184.577551,0.066821,79.0
country_1,2010-08-31,4.44125,1.661977,2.83788,7.498396,205.132659,0.075095,77.5
country_1,2010-09-30,4.44125,1.702411,2.797445,8.511021,155.933914,0.066817,78.75
country_1,2010-10-31,4.44125,1.742846,2.757154,5.99879,112.994766,0.039456,78.75
country_1,2010-11-30,4.44125,1.806465,2.92459,6.02843,136.426862,0.083855,78.75
country_1,2010-12-31,4.44125,1.660084,3.090968,8.819456,89.534902,0.105744,78.75
country_1,2011-01-31,4.556042,1.493702,3.256298,6.600323,84.434412,0.076026,78.5
country_1,2011-02-28,4.556042,1.396115,3.354294,9.149194,75.667684,0.073492,78.0
country_1,2011-03-31,4.556042,1.298527,3.451881,5.736944,114.818092,0.049909,77.0
country_1,2011-04-30,4.556042,1.20094,3.54906,7.427717,63.936162,0.028624,76.5
country_1,2011-05-31,4.556042,1.244059,3.505731,12.909658,117.641877,0.039273,76.5
country_1,2011-06-30,4.556042,1.287178,3.462613,13.113463,152.592023,0.046808,77.0
country_1,2011-07-31,4.556042,1.330298,3.419702,13.46454,229.39684,0.084808,76.75
country_1,2011-08-31,4.556042,1.472603,3.277005,8.211819,337.043863,0.018736,77.25
country_1,2011-09-30,4.556042,1.614908,3.1347,4.112428,200.574192,0.053267,76.25
country_1,2011-10-31,4.556042,1.757213,2.992787,1.834788,200.259476,0.05619,76.0
country_1,2011-11-30,4.556042,1.972249,2.533389,1.025682,287.16836,0.106743,76.0
country_1,2011-12-31,4.556042,2.217286,2.078373,0.453352,218.746855,0.038034,76.5
country_1,2012-01-31,3.493542,2.622322,1.627678,3.063911,140.266358,0.074294,76.5
country_1,2012-02-29,3.493542,2.761654,1.487499,4.286395,227.510423,0.057132,76.75
country_1,2012-03-31,3.493542,2.900985,1.348169,3.15168,134.020196,0.062073,78.75
country_1,2012-04-30,3.493542,3.040317,1.209683,-1.902552,127.215651,0.098653,78.25
country_1,2012-05-31,3.493542,2.295546,1.475519,-4.74545,244.489859,0.065029,77.25
country_1,2012-06-30,3.493542,1.800775,1.740288,-2.374323,236.638018,0.048629,77.5
country_1,2012-07-31,3.493542,1.496004,2.003996,0.282723,162.615759,0.042358,77.75
country_1,2012-08-31,3.493542,1.429202,2.070798,4.554768,110.638464,0.04858,77.5
country_1,2012-09-30,3.493542,1.3624,2.1376,3.233256,126.696818,0.076963,78.0
country_1,2012-10-31,3.493542,1.065597,2.204403,2.338245,178.720579,0.062805,78.0
country_1,2012-11-30,3.493542,0.946231,2.303835,3.65337,115.930434,0.063868,78.75
country_1,2012-12-31,3.493542,0.626865,2.403201,2.779097,193.357433,0.042715,79.0
country_1,2013-01-31,2.7775,0.497499,2.502501,1.052876,110.672325,0.055044,78.75
country_1,2013-02-28,2.7775,0.534853,2.465022,-2.245395,98.201681,0.051312,78.0
country_1,2013-03-31,2.7775,0.572207,2.427668,0.595606,81.992574,0.053188,78.0
country_1,2013-04-30,2.7775,0.609561,2.390439,2.861873,106.788631,0.08236,78.25
country_1,2013-05-31,2.7775,0.486006,2.313287,0.733575,161.500368,0.039685,78.25
country_1,2013-06-30,2.7775,0.51245,2.236845,-5.260239,117.86759,0.060885,78.0
country_1,2013-07-31,2.7775,0.588895,2.161105,-10.621762,179.245998,0.031417,77.5
country_1,2013-08-31,2.7775,0.19423,2.356025,-12.986132,192.509754,0.057394,77.5
country_1,2013-09-30,2.7775,-0.050435,2.55069,-8.717118,125.566639,0.088509,79.25
country_1,2013-10-31,2.7775,-0.2451,2.7451,-5.954617,108.585755,0.057868,79.5
country_1,2013-11-30,2.7775,-0.306629,2.806789,-8.383464,74.093284,0.041659,79.0
country_1,2013-12-31,2.7775,-0.368157,2.868317,-11.6632,115.998134,0.083264,78.75
country_1,2014-01-31,2.6775,-0.429685,2.929685,-13.008504,77.637062,0.03535,78.0
country_1,2014-02-28,2.6775,-0.45831,2.958385,-10.698435,68.173825,0.045624,77.75
country_1,2014-03-31,2.6775,-0.486935,2.987009,-10.803537,82.714597,0.107907,78.5
country_1,2014-04-30,2.6775,-0.51556,3.01556,-8.906262,37.090543,0.090705,79.0
country_1,2014-05-31,2.6775,-0.279604,2.777775,-5.065621,82.854134,0.056444,78.75
country_1,2014-06-30,2.6775,-0.043648,2.541826,0.192324,67.340643,0.051555,78.75
country_1,2014-07-31,2.6775,0.192307,2.307693,2.335891,77.259826,0.251039,78.5
country_1,2014-08-31,2.6775,0.389018,2.109976,3.637939,95.732007,0.219316,78.5
country_1,2014-09-30,2.6775,0.585729,1.913267,-0.515507,88.754429,0.208735,78.25
country_1,2014-10-31,2.6775,0.78244,1.71756,-4.135119,88.323381,0.064634,78.0
country_1,2014-11-30,2.6775,0.912202,1.587304,-3.02214,65.172463,0.177041,79.0
country_1,2014-12-31,2.6775,1.041964,1.457543,-2.930147,91.33517,0.182887,78.5
country_1,2015-01-31,2.255833,1.171726,1.328274,-2.2369,108.081833,0.087951,78.0
country_1,2015-02-28,2.255833,0.890865,1.389327,-6.312669,141.450852,0.15052,77.0
country_1,2015-03-31,2.255833,0.800004,1.450187,-6.827586,53.488063,0.032953,76.75
country_1,2015-04-30,2.255833,0.739144,1.510856,-9.549853,88.465434,0.089274,76.5
country_1,2015-05-31,2.255833,0.531521,1.508472,-7.788924,126.909639,0.047031,76.5
country_1,2015-06-30,2.255833,0.493897,1.506095,-10.123519,87.657119,0.090941,76.5
country_1,2015-07-31,2.255833,0.496274,1.503726,-13.003999,110.421767,0.077925,75.75
country_1,2015-08-31,2.255833,0.434673,1.565404,-12.987881,77.323166,0.047121,75.75
country_1,2015-09-30,2.255833,0.373073,1.627004,-13.922868,100.214698,0.069602,76.0
country_1,2015-10-31,2.255833,0.311472,1.688528,-10.631835,74.922924,0.06488,76.75
country_1,2015-11-30,2.255833,0.437354,1.562489,-9.887153,48.755548,0.127854,77.5
country_1,2015-12-31,2.255833,0.563236,1.436607,-5.390351,67.136796,0.098367,77.75
country_1,2016-01-31,1.986667,0.689117,1.310883,-7.19755,67.038762,0.1066,78.0
country_1,2016-02-29,1.986667,0.784981,1.214602,-4.197301,97.050643,0.063607,78.25
country_1,2016-03-31,1.986667,0.880844,1.118739,-1.008512,86.075868,0.045267,79.0
country_1,2016-04-30,1.986667,0.976707,1.023293,0.483721,87.01938,0.060417,79.0
country_1,2016-05-31,1.986667,0.655709,1.114573,-4.945607,154.542044,0.054627,78.75
country_1,2016-06-30,1.986667,0.54471,1.205571,-2.154332,206.147658,0.084958,79.0
country_1,2016-07-31,1.986667,0.453712,1.296288,3.543043,328.675838,0.103128,78.25
country_1,2016-08-31,1.986667,0.163788,1.35636,4.495245,62.006282,0.056853,78.25
country_1,2016-09-30,1.986667,0.083863,1.416285,6.917991,88.086947,0.136116,78.0
country_1,2016-10-31,1.986667,0.023938,1.476062,6.856366,49.835442,0.039266,78.0
country_1,2016-11-30,1.986667,-0.192586,1.69232,6.723822,174.297991,0.066663,78.25
country_1,2016-12-31,1.986667,-0.409111,1.908844,4.187637,166.679576,0.059041,78.25
country_1,2017-01-31,1.74,-0.625635,2.125635,7.581052,138.908898,0.126621,78.0
country_1,2017-02-28,1.74,-0.561653,2.061495,9.714397,77.741219,0.176231,78.0
country_1,2017-03-31,1.74,-0.49767,1.997513,5.047201,90.882098,0.038454,78.5
country_1,2017-04-30,1.74,-0.433688,1.933688,2.166266,82.154489,0.147105,78.5
country_1,2017-05-31,1.74,-0.398529,1.898357,4.154645,66.11273,0.132006,78.5
country_1,2017-06-30,1.74,-0.363371,1.863199,3.634811,72.203742,0.185759,78.25
country_1,2017-07-31,1.74,-0.328212,1.828212,3.690003,95.784655,0.047687,77.75
country_1,2017-08-31,1.74,-0.355167,1.855266,3.36428,50.780499,0.240333,77.75
country_1,2017-09-30,1.74,-0.382122,1.88222,3.627469,64.231222,0.084885,77.75
country_1,2017-10-31,1.74,-0.409077,1.909077,0.745251,75.126445,0.081162,78.0
country_1,2017-11-30,1.74,-0.406231,1.906222,-2.003791,86.140027,0.029456,78.25
country_1,2017-12-31,1.74,-0.403384,1.903375,-1.367116,91.922997,0.114228,78.25
country_1,2018-01-31,1.948333,-0.400537,1.900537,-0.622575,48.901424,0.091106,78.25
country_1,2018-02-28,1.948333,-0.459569,1.95964,-4.869842,67.914075,0.027899,78.25
country_1,2018-03-31,1.948333,-0.5186,2.018671,-5.525403,84.093319,0.15228,78.25
country_1,2018-04-30,1.948333,-0.577631,2.077631,-4.557811,48.264544,0.051829,78.25
country_1,2018-05-31,1.948333,-0.513449,2.013179,-3.000923,75.622559,0.151273,78.0
country_1,2018-06-30,1.948333,-0.449267,1.948998,-3.113553,92.404876,0.090868,78.0
country_1,2018-07-31,1.948333,-0.385085,1.885085,-5.2533,107.842123,0.111002,78.0
country_1,2018-08-31,1.948333,-0.351417,1.851277,-5.700311,87.890721,0.098535,78.25
country_1,2018-09-30,1.948333,-0.317749,1.817609,-7.286007,81.040809,0.041999,78.5
country_1,2018-10-31,1.948333,-0.284081,1.784081,-6.558412,75.76949,0.074147,78.5
country_1,2018-11-30,1.948333,-0.133411,1.632964,-2.155292,88.825385,0.084771,78.5
country_1,2018-12-31,1.948333,0.017259,1.482294,-3.197191,110.491858,0.168974,77.5
country_1,2019-01-31,1.344167,0.167929,1.332071,-6.146722,104.472898,0.148746,78.25
country_1,2019-02-28,1.344167,0.080978,1.419228,-4.597915,140.269302,0.066094,78.75
country_1,2019-03-31,1.344167,-0.005973,1.506178,-4.143907,106.8322,0.191875,79.0
country_1,2019-04-30,1.344167,-0.092924,1.592924,-2.6773,102.849719,0.116394,78.75
country_1,2019-05-31,1.344167,-0.119962,1.620041,-3.674441,186.147231,0.163328,79.25
country_1,2019-06-30,1.344167,-0.367,1.647079,-4.499055,104.010306,0.112175,79.5
country_1,2019-07-31,1.344167,-0.654038,1.674038,-4.386708,87.194296,0.150429,80.25
country_1,2019-08-31,1.344167,-0.729518,1.729713,-5.969445,195.448335,0.185824,79.75
country_1,2019-09-30,1.344167,-0.784998,1.785193,-3.535402,133.955155,0.106293,80.25
country_1,2019-10-31,1.344167,-1.080479,1.840479,-3.794169,135.131176,0.088287,79.75
country_1,2019-11-30,1.344167,-1.207339,1.957339,-5.902287,115.618425,0.114437,80.0
country_1,2019-12-31,1.344167,-1.324199,2.074199,-3.827797,130.495959,0.11164,80.25
country_1,2020-01-31,0.256667,-1.441059,2.191059,-3.182742,100.995299,0.194132,81.75
country_1,2020-02-29,0.256667,-0.594559,1.341104,-4.536585,144.91089,0.08025,81.0
country_1,2020-03-31,0.256667,-0.068058,0.49461,-9.884064,311.973719,0.123995,79.5
country_1,2020-04-30,0.256667,0.598443,-0.348443,-8.847917,244.807777,0.069635,79.25
country_1,2020-05-31,0.256667,0.251239,-3.1e-05,-4.960965,202.091757,0.135184,73.75
country_1,2020-06-30,0.256667,-0.095965,0.347171,-0.752177,132.50391,0.110742,74.0
country_1,2020-07-31,0.256667,-0.443169,0.693169,0.354435,213.660185,0.270039,73.0
country_1,2020-08-31,0.256667,-0.498999,0.749257,4.041721,196.512413,0.080146,74.0
country_1,2020-09-30,0.256667,-0.554829,0.805086,3.664974,150.948609,0.138914,74.25
country_1,2020-10-31,0.256667,-0.610659,0.860659,2.558956,188.37812,0.067491,74.75
country_1,2020-11-30,0.256667,-0.835433,0.945627,3.331333,192.401324,0.091773,75.0
country_1,2020-12-31,0.256667,-0.930207,1.030401,4.426799,108.128728,0.103872,75.25
country_1,2021-01-31,0.028333,-1.014981,1.114981,7.084333,144.707955,0.097306,80.0
country_1,2021-02-28,0.028333,-1.925382,2.013858,9.872253,92.551698,0.12082,79.5
country_1,2021-03-31,0.028333,-2.835782,2.924185,18.196686,67.008528,0.200873,79.75
country_1,2021-04-30,0.028333,-3.746183,3.846183,16.053082,105.92303,0.135016,80.0
country_1,2021-05-31,0.028333,-3.468162,3.565261,12.727462,150.190994,0.163562,80.0
country_1,2021-06-30,0.028333,-3.190142,3.287256,6.781013,100.782506,0.153175,79.75
country_1,2021-07-31,0.028333,-2.912121,3.012121,3.217895,80.372966,0.071704,80.75
country_1,2021-08-31,0.028333,-3.074162,3.175089,0.0,102.989612,0.062756,80.0
country_1,2021-09-30,0.028333,-3.236202,3.337126,-0.288212,126.272282,0.449438,80.25
country_1,2021-10-31,0.028333,-3.398242,3.498242,3.091977,94.796052,0.219564,80.5
country_1,2021-11-30,0.028333,-3.928506,4.030614,1.200503,106.495979,0.260602,79.75
country_1,2021-12-31,0.028333,-4.458771,4.560874,-1.710864,101.679001,0.128363,80.0
country_1,2022-01-31,1.636667,-4.989035,5.089035,-3.116544,66.055408,0.213302,79.75
country_1,2022-02-28,1.636667,-5.340963,5.442749,-3.813599,96.934197,0.362428,79.5
country_1,2022-03-31,1.636667,-5.69289,5.794672,-0.940873,269.946898,0.515166,80.0
country_1,2022-04-30,1.636667,-6.044817,6.144817,0.562523,214.496079,0.326607,79.5
country_1,2022-05-31,1.636667,-6.189247,6.521133,-1.263721,170.188477,0.248996,80.0
country_1,2022-06-30,1.636667,-6.163676,6.895558,-0.009339,97.941232,0.147163,80.25
country_1,2022-07-31,1.636667,-5.988105,7.268105,1.235624,94.442584,0.185895,81.25
country_1,2022-08-31,1.636667,-5.646027,7.457694,4.916136,132.911606,0.242776,81.5
country_1,2022-09-30,1.636667,-5.393949,7.645609,3.680509,133.813925,0.182622,80.75
country_1,2022-10-31,1.636667,-5.251871,7.831871,-1.025057,277.788755,0.113598,80.75
country_1,2022-11-30,1.636667,-4.721853,7.558022,2.190759,143.309678,0.119733,81.25
country_1,2022-12-31,1.636667,-4.241835,7.288031,3.210521,174.281974,0.192177,82.0
country_1,2023-01-31,3.979167,-3.921817,7.021817,3.785033,115.358944,0.132676,82.25
country_1,2023-02-28,3.979167,-3.400205,6.686303,4.516004,206.173517,0.160107,80.0
country_1,2023-03-31,3.979167,-2.818593,6.354714,-2.002049,190.028779,0.218186,79.75
country_1,2023-04-30,3.979167,-2.426981,6.026981,-3.943145,194.659277,0.123217,80.5
country_1,2023-05-31,3.979167,-1.979273,5.806642,-1.606876,148.297598,0.163577,80.5
country_1,2023-06-30,3.979167,-1.541565,5.588949,0.57906,113.89248,0.128448,80.0
country_1,2023-07-31,3.979167,-1.273856,5.373856,1.136044,149.328944,0.161451,79.75
country_1,2023-08-31,3.979167,-0.833228,4.927771,-3.482176,117.498587,0.103143,80.25
country_1,2023-09-30,3.979167,-0.392599,4.487176,-2.155933,103.313686,0.187549,79.5
country_1,2023-10-31,3.979167,0.04803,4.05197,0.556195,125.960855,0.208993,79.25
country_1,2023-11-30,3.979167,0.382066,3.906618,-0.477439,111.333323,0.150197,79.5
country_1,2023-12-31,3.979167,0.586103,3.762588,1.414785,89.377957,0.128733,80.0
country_1,2024-01-31,4.256667,0.73014,3.61986,0.463994,84.726926,0.313165,80.25
country_1,2024-02-29,4.256667,0.665277,3.685081,-1.26758,122.721651,0.215926,80.0
country_1,2024-03-31,4.256667,0.600415,3.749942,2.185481,122.735621,0.153676,80.0
country_1,2024-04-30,4.256667,0.535552,3.814448,3.360382,67.490973,0.310107,79.5
country_1,2024-05-31,4.256667,0.870854,3.476482,4.46259,106.556259,0.214093,79.75
country_1,2024-06-30,4.256667,1.206155,3.141191,2.915777,91.008201,0.139488,79.5
country_1,2024-07-31,4.256667,1.541457,2.808543,2.905681,123.897305,0.073901,79.5
country_1,2024-08-31,4.256667,1.669403,2.680094,2.884341,163.731167,0.170908,80.25
country_1,2024-09-30,4.256667,1.797349,2.552148,3.200684,202.177624,0.084575,80.25
country_1,2024-10-31,4.256667,1.925295,2.424705,3.719245,204.928419,0.11129,80.25
country_1,2024-11-30,4.256667,1.932942,2.417009,1.881291,282.59266,0.113343,80.25
country_1,2024-12-31,4.256667,1.940589,2.409363,-2.097191,327.575037,0.111273,80.25
country_2,2000-01-31,4.391766,1.503847,1.539053,-5.410247,18.451338,0.308734,79.5
country_2,2000-02-29,4.391766,1.920375,1.355325,-5.662249,33.225143,0.342933,80.25
country_2,2000-03-31,4.391766,2.019384,1.491016,-5.571688,42.40266,0.246353,80.25
country_2,2000-04-30,4.391766,2.477731,1.207269,-5.661758,16.592833,0.218877,81.5
country_2,2000-05-31,4.391766,2.522287,1.397713,-6.14961,55.373057,0.377916,80.75
country_2,2000-06-30,4.391766,2.62974,1.66476,-3.850782,35.070293,0.21759,80.75
country_2,2000-07-31,4.391766,2.537448,1.771152,-4.052421,40.538765,0.219435,81.5
country_2,2000-08-31,4.391766,2.625435,1.793665,-5.675726,23.923031,0.225012,81.5
country_2,2000-09-30,4.391766,2.444196,2.146304,-5.967231,40.689704,0.358032,80.25
country_2,2000-10-31,4.391766,2.808137,1.954563,-7.173973,52.013865,0.360207,79.5
country_2,2000-11-30,4.391766,2.684974,2.144126,-5.679685,50.247696,0.244723,78.75
country_2,2000-12-31,4.391766,3.184764,1.642036,-3.705454,42.71173,0.169811,78.5
country_2,2001-01-31,4.261783,3.543319,1.212581,-2.329545,35.252225,0.2605,80.0
country_2,2001-02-28,4.261783,3.630068,1.362432,-1.882825,40.80909,0.360155,81.3
country_2,2001-03-31,4.261783,3.437854,1.343546,-1.095522,53.73912,0.284752,80.5
country_2,2001-04-30,4.261783,3.23095,1.83325,-0.552647,48.075521,0.205048,81.5
country_2,2001-05-31,4.261783,2.397961,2.255639,-0.332518,50.067564,0.29328,81.25
country_2,2001-06-30,4.261783,2.477,2.0625,-2.599403,40.916612,0.375134,80.75
country_2,2001-07-31,4.261783,2.489724,2.015776,-1.627434,74.39384,0.29171,81.0
country_2,2001-08-31,4.261783,2.666756,1.824544,0.862407,39.037048,0.239965,81.0
country_2,2001-09-30,4.261783,2.494519,1.491981,2.148302,133.800246,1.754439,81.75
country_2,2001-10-31,4.261783,2.290732,1.680568,3.105342,142.716215,1.425853,81.5
country_2,2001-11-30,4.261783,2.327322,1.179978,1.76172,77.610018,0.968446,81.0
country_2,2001-12-31,4.261783,1.984358,1.354542,0.471189,53.6544,0.689325,81.0
country_2,2002-01-31,3.318592,1.034771,2.258829,-0.756254,82.989133,0.587662,81.0
country_2,2002-02-28,3.318592,1.179702,2.103298,-0.847458,56.497034,0.448825,80.5
country_2,2002-03-31,3.318592,1.170084,2.093916,-0.923047,96.010676,0.489429,80.75
country_2,2002-04-30,3.318592,1.330997,1.985203,-0.409476,100.060845,0.533742,79.25
country_2,2002-05-31,3.318592,1.827157,1.482843,1.197135,102.208463,0.586292,80.25
country_2,2002-06-30,3.318592,1.940049,1.408451,3.281605,113.781115,0.570671,81.0
country_2,2002-07-31,3.318592,1.681671,1.620029,3.919252,129.776604,0.487635,81.25
country_2,2002-08-31,3.318592,1.439484,1.853216,2.351341,132.480488,0.367884,81.25
country_2,2002-09-30,3.318592,1.46879,1.84981,2.074045,192.174656,1.028933,81.5
country_2,2002-10-31,3.318592,1.353779,1.946621,2.091807,160.029078,1.109897,82.0
country_2,2002-11-30,3.318592,1.082351,2.221949,3.442879,143.579575,0.854399,81.5
country_2,2002-12-31,3.318592,0.826231,2.268269,3.69321,108.724274,0.784427,81.25
country_2,2003-01-31,2.333467,0.79754,1.98926,4.884721,196.791396,1.294913,80.0
country_2,2003-02-28,2.333467,0.191584,2.571916,6.336575,210.705686,1.732887,80.5
country_2,2003-03-31,2.333467,0.212592,2.536408,6.472492,227.444244,2.355811,81.0
country_2,2003-04-30,2.333467,0.553488,2.007012,6.128243,163.988293,1.346625,80.75
country_2,2003-05-31,2.333467,0.794028,1.763072,6.797246,112.244776,0.839472,80.0
country_2,2003-06-30,2.333467,0.244701,1.968599,5.703895,110.513188,0.750294,79.0
country_2,2003-07-31,2.333467,0.218397,1.859903,3.932531,90.50467,0.444799,79.0
country_2,2003-08-31,2.333467,0.230405,1.867695,3.569394,30.620368,0.550117,79.0
country_2,2003-09-30,2.333467,-0.0479,2.0688,3.608052,95.085724,0.632539,79.0
country_2,2003-10-31,2.333467,-0.110815,2.125615,4.515272,80.04883,0.493394,79.0
country_2,2003-11-30,2.333467,-0.272707,2.245707,4.217095,78.832179,0.466432,78.25
country_2,2003-12-31,2.333467,-0.125293,2.181993,5.069255,75.706528,0.611621,78.0
country_2,2004-01-31,2.106325,0.035041,1.986359,4.238077,76.263699,0.521983,78.75
country_2,2004-02-29,2.106325,0.32027,1.71123,3.501478,51.821077,0.523899,78.25
country_2,2004-03-31,2.106325,0.301356,1.704344,2.321083,156.448559,0.777832,78.25
country_2,2004-04-30,2.106325,-0.031755,2.109755,1.558897,169.841112,0.6288,78.25
country_2,2004-05-31,2.106325,-0.595456,2.610656,0.508444,170.883036,0.384322,77.75
country_2,2004-06-30,2.106325,-0.424035,2.451735,0.271616,128.391759,0.605934,77.75
country_2,2004-07-31,2.106325,-0.327368,2.395068,1.039387,99.185959,0.422234,77.75
country_2,2004-08-31,2.106325,-0.337073,2.377573,1.52154,99.524987,0.480287,78.0
country_2,2004-09-30,2.106325,-0.033988,2.085788,1.585411,143.289756,0.813567,78.25
country_2,2004-10-31,2.106325,-0.01701,2.12841,1.034671,122.154675,0.489466,78.25
country_2,2004-11-30,2.106325,0.017817,2.067183,1.678461,195.933415,0.945634,75.25
country_2,2004-12-31,2.106325,-0.023234,2.076734,0.995426,110.084125,0.412816,75.5
country_2,2005-01-31,2.184675,0.563548,1.513552,-0.437852,65.620342,0.422374,75.75
country_2,2005-02-28,2.184675,0.352693,1.705807,-0.812282,90.663676,0.701348,78.5
country_2,2005-03-31,2.184675,0.113258,1.943442,0.639121,107.570622,0.529752,78.5
country_2,2005-04-30,2.184675,0.195259,1.880441,1.02634,117.046566,0.353159,78.5
country_2,2005-05-31,2.184675,0.4972,1.5728,-0.153568,149.058262,0.619019,78.5
country_2,2005-06-30,2.184675,0.409121,1.653179,-1.345372,117.748424,0.382449,78.5
country_2,2005-07-31,2.184675,0.405461,1.667439,-1.723516,101.271515,0.586134,77.75
country_2,2005-08-31,2.184675,0.223812,1.837088,-1.245937,85.017007,0.495242,77.75
country_2,2005-09-30,2.184675,-0.041419,2.135519,-1.560668,156.948591,0.411835,77.75
country_2,2005-10-31,2.184675,0.213329,1.853771,-2.479339,62.823769,0.384947,77.75
country_2,2005-11-30,2.184675,0.497868,1.588032,-3.631659,85.190868,0.289731,77.0
country_2,2005-12-31,2.184675,0.677999,1.597701,-4.128929,53.46964,0.35749,76.25
country_2,2006-01-31,3.079225,0.269072,2.057328,-2.952791,78.602953,0.637119,76.75
country_2,2006-02-28,3.079225,0.522964,1.826536,-3.095752,55.290863,0.44576,76.75
country_2,2006-03-31,3.079225,1.047397,1.472603,-3.282648,68.943711,0.439024,76.75
country_2,2006-04-30,3.079225,0.919288,1.709012,-2.445383,103.314009,0.357244,76.0
country_2,2006-05-31,3.079225,0.504615,2.072185,-0.87759,88.356495,0.484812,76.0
country_2,2006-06-30,3.079225,0.741599,1.956101,0.430167,96.58042,0.450301,76.0
country_2,2006-07-31,3.079225,0.877581,1.936219,0.560095,84.715462,0.711473,76.0
country_2,2006-08-31,3.079225,1.084933,1.883367,0.3017,47.267434,0.858424,76.0
country_2,2006-09-30,3.079225,1.775177,1.265823,0.229106,58.609365,0.525118,76.25
country_2,2006-10-31,3.079225,2.215573,1.062627,0.193441,102.579254,0.520911,76.5
country_2,2006-11-30,3.079225,1.945734,1.381966,1.018519,45.528241,0.361318,76.25
country_2,2006-12-31,3.079225,2.007718,1.493382,1.398537,65.258062,0.390092,76.5
country_2,2007-01-31,4.277608,2.317447,1.245753,0.536391,100.064414,0.274861,76.5
country_2,2007-02-28,4.277608,2.520312,1.049188,0.89153,110.791651,0.323432,77.0
country_2,2007-03-31,4.277608,2.498415,1.192485,0.869324,69.783697,0.294917,77.0
country_2,2007-04-30,4.277608,2.564879,1.254621,0.829417,79.729404,0.259599,77.0
country_2,2007-05-31,4.277608,2.719669,1.070831,-0.173421,110.597632,0.301752,77.25
country_2,2007-06-30,4.277608,2.76217,1.19353,-0.574137,74.188589,0.399417,79.25
country_2,2007-07-31,4.277608,2.957055,1.106145,-0.456538,48.651728,0.365779,79.5
country_2,2007-08-31,4.277608,2.866999,1.180401,-0.437517,151.145299,0.311042,79.75
country_2,2007-09-30,4.277608,2.510743,1.517857,0.128006,267.546089,0.431682,79.75
country_2,2007-10-31,4.277608,1.939163,2.002237,0.836628,147.158201,0.400469,79.75
country_2,2007-11-30,4.277608,1.575173,2.446927,1.246563,113.974067,0.422421,79.5
country_2,2007-12-31,4.277608,1.292989,2.586111,0.858604,120.65788,0.502285,78.75
country_2,2008-01-31,4.634234,1.203008,2.818792,1.435011,224.440466,0.320742,79.0
country_2,2008-02-29,4.634234,1.180965,2.846935,0.920471,144.977137,0.317854,78.5
country_2,2008-03-31,4.634234,0.911456,3.179544,2.081232,191.327222,0.281786,78.5
country_2,2008-04-30,4.634234,0.966554,3.020246,2.239283,120.201204,0.221687,78.25
country_2,2008-05-31,4.634234,0.687771,3.321929,1.856085,73.119423,0.293085,78.25
country_2,2008-06-30,4.634234,0.435271,3.571429,1.92484,108.195288,0.427323,78.0
country_2,2008-07-31,4.634234,0.577141,3.613659,1.614383,87.522637,0.55484,78.0
country_2,2008-08-31,4.634234,1.140194,3.158706,0.23803,107.716178,0.654009,78.25
country_2,2008-09-30,4.634234,1.293968,2.979332,-0.885764,206.843971,0.488186,78.5
country_2,2008-10-31,4.634234,1.155034,2.664766,-2.297593,272.489756,0.337395,78.0
country_2,2008-11-30,4.634234,1.525159,1.625041,-3.440159,170.810395,0.307474,77.5
country_2,2008-12-31,4.634234,1.486726,0.999674,-1.267886,217.359768,0.350498,77.75
country_2,2009-01-31,1.228358,1.105063,0.707137,-1.514464,216.799936,0.414665,77.5
country_2,2009-02-28,1.228358,0.388668,0.868432,-1.386355,163.957683,0.255716,75.75
country_2,2009-03-31,1.228358,0.760308,0.301692,-1.814263,125.644559,0.211644,75.5
country_2,2009-04-30,1.228358,0.713034,0.128866,-2.672984,126.07745,0.394014,72.25
country_2,2009-05-31,1.228358,1.038455,-0.256355,-1.867145,117.113684,0.244534,72.75
country_2,2009-06-30,1.228358,1.18757,-0.48957,-1.160072,111.880321,0.35345,73.5
country_2,2009-07-31,1.228358,1.082856,-0.725256,-1.119336,108.008304,0.294208,74.5
country_2,2009-08-31,1.228358,0.528872,-0.181372,0.383597,98.046089,0.224072,75.0
country_2,2009-09-30,1.228358,0.726176,-0.362976,1.584669,118.882564,0.622178,76.0
country_2,2009-10-31,1.228358,0.57233,-0.21363,3.219485,124.047825,0.451604,75.75
country_2,2009-11-30,1.228358,-0.034681,0.397081,3.703356,213.290109,0.282087,76.0
country_2,2009-12-31,1.228358,-0.55987,0.91447,0.935608,140.359455,0.341942,76.0
country_2,2010-01-31,0.81095,-0.757869,1.101869,0.082873,147.080379,0.317942,75.5
country_2,2010-02-28,0.81095,-0.940072,1.280672,-0.499445,171.117484,0.309485,75.75
country_2,2010-03-31,0.81095,-1.242159,1.589859,-1.920966,169.569217,0.234184,75.25
country_2,2010-04-30,0.81095,-1.330527,1.683827,-2.241205,152.007361,0.266942,75.0
country_2,2010-05-31,0.81095,-1.305275,1.649175,-4.216978,368.228446,0.375324,74.25
country_2,2010-06-30,0.81095,-1.153721,1.508021,-5.568192,135.458867,0.340557,73.75
country_2,2010-07-31,0.81095,-1.194878,1.675978,-4.582801,187.116796,0.189913,74.5
country_2,2010-08-31,0.81095,-0.963883,1.389483,-4.967701,170.778112,0.206511,73.25
country_2,2010-09-30,0.81095,-1.110742,1.564342,-5.360058,214.526434,0.249683,73.5
country_2,2010-10-31,0.81095,-0.893648,1.594948,-4.312449,309.010941,0.361676,74.25
country_2,2010-11-30,0.81095,-0.978752,1.571352,-4.954344,152.438011,0.356382,75.0
country_2,2010-12-31,0.81095,-1.260962,1.759062,-5.388949,311.908007,0.415424,74.75
country_2,2011-01-31,1.3906,-1.082639,1.741639,-4.60944,162.464175,0.35479,75.0
country_2,2011-02-28,1.3906,-0.950535,1.657635,-3.104666,210.01119,0.340386,75.0
country_2,2011-03-31,1.3906,-1.329245,1.987945,-1.734751,271.074144,1.324239,74.75
country_2,2011-04-30,1.3906,-1.11174,2.07784,-0.291271,241.78795,0.779992,74.0
country_2,2011-05-31,1.3906,-0.978821,2.012221,0.830866,164.033638,0.50698,74.0
country_2,2011-06-30,1.3906,-0.98326,2.10726,1.888429,228.378204,0.40687,74.25
country_2,2011-07-31,1.3906,-0.93241,1.94421,0.172216,211.364025,0.361357,74.5
country_2,2011-08-31,1.3906,-1.329072,2.234872,0.718047,256.708326,0.44591,74.5
country_2,2011-09-30,1.3906,-1.231023,2.236523,-0.095831,312.253463,0.298295,74.0
country_2,2011-10-31,1.3906,-1.389994,2.349594,-1.388889,298.852095,0.32309,73.5
country_2,2011-11-30,1.3906,-1.72526,2.51526,-0.827547,361.369854,0.515922,73.0
country_2,2011-12-31,1.3906,-1.835022,2.462022,-0.44184,283.251387,0.380344,72.5
country_2,2012-01-31,0.573183,-1.972447,2.352447,-1.60108,289.397772,0.401189,72.25
country_2,2012-02-29,0.573183,-1.923519,2.289119,-1.83231,299.149632,0.567511,72.25
country_2,2012-03-31,0.573183,-1.945011,2.301711,-2.401291,219.138843,0.434513,72.0
country_2,2012-04-30,0.573183,-1.742108,2.087208,-3.364116,330.945518,0.497059,72.25
country_2,2012-05-31,0.573183,-1.645857,1.982857,-3.504452,313.973675,0.357659,72.25
country_2,2012-06-30,0.573183,-1.597625,1.929625,-3.820331,380.17915,0.332922,71.75
country_2,2012-07-31,0.573183,-1.754026,1.938226,-4.240688,241.557534,0.388925,71.75
country_2,2012-08-31,0.573183,-1.972804,2.082904,-4.391635,144.799326,0.227952,72.0
country_2,2012-09-30,0.573183,-1.809688,1.908988,-3.059952,243.709518,0.230888,71.75
country_2,2012-10-31,0.573183,-1.762296,1.852996,-2.95104,284.008843,0.30007,72.0
country_2,2012-11-30,0.573183,-1.338192,1.416692,-3.20353,332.820856,0.298052,71.75
country_2,2012-12-31,0.573183,-1.255843,1.329243,-1.794501,270.131536,0.388319,71.75
country_2,2013-01-31,0.220667,-1.100711,1.169711,-0.029406,318.239072,0.939415,72.25
country_2,2013-02-28,0.220667,-0.974605,1.042305,-0.039089,242.876029,0.592066,72.5
country_2,2013-03-31,0.220667,-0.90594,0.97294,-0.807157,259.255089,0.372314,72.25
country_2,2013-04-30,0.220667,-0.607259,0.688259,-0.575329,300.531155,0.374364,71.75
country_2,2013-05-31,0.220667,-0.7213,0.8,0.058893,256.808406,0.454578,71.75
country_2,2013-06-30,0.220667,-0.845163,0.931363,1.120834,293.785045,0.41478,70.5
country_2,2013-07-31,0.220667,-0.974516,1.067616,2.094554,215.330322,0.251335,70.5
country_2,2013-08-31,0.220667,-0.786687,0.868687,2.754027,143.930384,0.497417,70.5
country_2,2013-09-30,0.220667,-0.800623,0.880923,1.860281,244.413945,0.638806,71.0
country_2,2013-10-31,0.220667,-0.4727,0.566,1.944911,287.169646,0.34721,71.0
country_2,2013-11-30,0.220667,-0.575106,0.678206,2.150218,185.959411,0.605946,69.75
country_2,2013-12-31,0.220667,-0.537757,0.706357,2.112192,223.970883,0.29975,70.5
country_2,2014-01-31,0.209933,-0.452987,0.649087,1.441318,221.413798,0.29458,70.5
country_2,2014-02-28,0.209933,-0.763607,0.920307,1.505524,139.969096,0.369141,70.5
country_2,2014-03-31,0.209933,-0.420365,0.612265,2.568627,221.996133,0.71814,70.5
country_2,2014-04-30,0.209933,-0.469864,0.723764,2.236171,175.991452,0.414087,70.75
country_2,2014-05-31,0.209933,-0.435142,0.683142,1.883461,188.429217,0.357479,70.75
country_2,2014-06-30,0.209933,-0.405644,0.481444,0.447253,159.183685,0.436231,71.25
country_2,2014-07-31,0.209933,-0.419477,0.462777,0.312622,148.742212,0.855103,71.25
country_2,2014-08-31,0.209933,-0.422717,0.440617,-0.638607,132.217191,0.686916,71.25
country_2,2014-09-30,0.209933,-0.284477,0.291077,-1.544589,242.485739,0.834939,71.25
country_2,2014-10-31,0.209933,-0.456761,0.452261,-2.217703,208.566779,0.292753,70.75
country_2,2014-11-30,0.209933,-0.333337,0.321737,-2.192259,195.188895,0.386271,70.5
country_2,2014-12-31,0.209933,-0.09022,0.06012,-2.597652,261.02573,0.261267,70.75
country_2,2015-01-31,-0.019367,0.33231,-0.38291,-4.513822,178.698722,1.587302,68.75
country_2,2015-02-28,-0.019367,0.234568,-0.270568,-5.54753,238.495126,1.076446,69.5
country_2,2015-03-31,-0.019367,0.019432,-0.069832,-7.359969,174.197585,0.572558,70.25
country_2,2015-04-30,-0.019367,-0.15434,0.07984,-7.626631,211.134923,0.544148,70.5
country_2,2015-05-31,-0.019367,-0.405141,0.299341,-6.258425,197.79858,0.337766,71.0
country_2,2015-06-30,-0.019367,-0.378033,0.259533,-5.40122,303.527732,0.51966,71.75
country_2,2015-07-31,-0.019367,-0.287938,0.170238,-5.726529,314.760368,0.705658,71.75
country_2,2015-08-31,-0.019367,-0.17115,0.04985,-4.23605,171.739445,0.414664,72.25
country_2,2015-09-30,-0.019367,-0.165724,0.030024,-2.644302,263.03016,0.569863,72.5
country_2,2015-10-31,-0.019367,-0.19893,0.06003,-2.555214,231.933686,0.401444,72.75
country_2,2015-11-30,-0.019367,-0.174788,0.040088,-3.89765,200.975881,2.799087,72.75
country_2,2015-12-31,-0.019367,-0.379252,0.180252,-3.190439,206.39485,2.060791,73.75
country_2,2016-01-31,-0.263692,-0.461237,0.222537,-0.698451,241.424536,1.010382,73.5
country_2,2016-02-29,-0.263692,-0.049484,-0.190916,0.601611,324.046536,0.631177,73.0
country_2,2016-03-31,-0.263692,-0.137955,-0.149745,1.661164,253.685863,0.869132,73.0
country_2,2016-04-30,-0.263692,-0.148331,-0.189469,2.596324,216.330281,0.725008,73.0
country_2,2016-05-31,-0.263692,-0.318103,-0.019897,1.787182,241.115665,0.787545,73.25
country_2,2016-06-30,-0.263692,-0.521668,0.189168,1.176711,444.341983,0.660783,72.75
country_2,2016-07-31,-0.263692,-0.548734,0.219934,1.570248,410.007383,1.070569,72.25
country_2,2016-08-31,-0.263692,-0.567998,0.229198,0.528778,178.720282,0.666736,72.5
country_2,2016-09-30,-0.263692,-0.733195,0.390195,-0.060809,291.67301,0.604961,72.25
country_2,2016-10-31,-0.263692,-0.706564,0.359964,-0.091473,256.623607,0.642976,72.25
country_2,2016-11-30,-0.263692,-0.879656,0.530956,1.31063,448.595083,0.630737,72.75
country_2,2016-12-31,-0.263692,-0.960156,0.609756,-0.346903,408.267547,0.687027,72.25
country_2,2017-01-31,-0.32905,-1.69385,1.34235,-0.519878,462.965566,0.547002,72.5
country_2,2017-02-28,-0.32905,-1.560894,1.208094,-1.642003,379.425954,0.5342,72.0
country_2,2017-03-31,-0.32905,-1.50327,1.14977,-0.781488,521.564151,0.442223,72.5
country_2,2017-04-30,-0.32905,-1.525848,1.168948,-1.498127,574.633144,0.761795,72.5
country_2,2017-05-31,-0.32905,-1.16487,0.80597,-0.665994,288.260444,0.599106,73.25
country_2,2017-06-30,-0.32905,-1.04438,0.68568,-0.010113,308.565286,0.737874,75.25
country_2,2017-07-31,-0.32905,-1.077704,0.718204,0.996745,176.469532,0.529857,75.25
country_2,2017-08-31,-0.32905,-1.260552,0.904752,1.527413,164.053289,0.582141,74.5
country_2,2017-09-30,-0.32905,-1.344745,0.986645,1.460298,256.478212,0.64413,74.25
country_2,2017-10-31,-0.32905,-1.415092,1.056092,1.586979,227.005387,0.584368,74.0
country_2,2017-11-30,-0.32905,-1.525084,1.175884,1.823368,251.369406,0.340852,74.75
country_2,2017-12-31,-0.32905,-1.53455,1.19225,2.600594,194.632128,0.310701,75.0
country_2,2018-01-31,-0.322092,-1.696928,1.334528,3.043345,221.137569,0.446855,74.5
country_2,2018-02-28,-0.322092,-1.548426,1.183726,3.359439,192.030587,0.306891,74.5
country_2,2018-03-31,-0.322092,-1.925628,1.561728,3.610884,195.572139,0.657209,74.25
country_2,2018-04-30,-0.322092,-2.005044,1.639344,3.915322,187.361105,1.019306,75.0
country_2,2018-05-31,-0.322092,-2.385992,2.023492,2.102804,303.053908,0.983276,75.0
country_2,2018-06-30,-0.322092,-2.385093,2.023293,1.486801,331.262075,0.660857,75.0
country_2,2018-07-31,-0.322092,-2.651408,2.287808,1.470292,239.729842,0.512317,74.75
country_2,2018-08-31,-0.322092,-2.61548,2.25638,0.836903,184.521165,0.340395,74.75
country_2,2018-09-30,-0.322092,-2.56343,2.20073,1.23938,230.680474,0.327593,73.75
country_2,2018-10-31,-0.322092,-2.57442,2.20842,0.710995,302.292853,0.539628,73.75
country_2,2018-11-30,-0.322092,-2.252367,1.891067,0.170068,274.457897,0.529818,73.75
country_2,2018-12-31,-0.322092,-1.951074,1.590574,0.059874,339.576515,0.380192,72.75
country_2,2019-01-31,-0.356333,-1.605329,1.238329,-0.775656,363.04774,0.361241,72.75
country_2,2019-02-28,-0.356333,-1.684342,1.317342,-1.286142,267.583601,0.623171,73.25
country_2,2019-03-31,-0.356333,-1.477389,1.109489,-1.925165,238.689347,0.329524,73.25
country_2,2019-04-30,-0.356333,-1.630117,1.263117,-1.997627,206.503881,0.510341,72.75
country_2,2019-05-31,-0.356333,-1.305067,0.938467,-1.154114,159.84601,0.511476,73.0
country_2,2019-06-30,-0.356333,-1.532152,1.170552,-0.578035,244.025547,0.543619,74.5
country_2,2019-07-31,-0.356333,-1.431866,1.065066,-1.677253,269.496669,0.579595,75.25
country_2,2019-08-31,-0.356333,-1.401863,1.040663,-1.472187,287.834035,0.495531,75.0
country_2,2019-09-30,-0.356333,-1.310886,0.907686,-2.329944,275.049576,0.580185,75.25
country_2,2019-10-31,-0.356333,-1.311631,0.762033,-1.958835,267.70971,0.533928,75.5
country_2,2019-11-30,-0.356333,-1.573466,1.034316,-1.667832,246.594942,0.34331,75.0
country_2,2019-12-31,-0.356333,-1.999561,1.45936,-1.52588,244.388108,0.427143,75.0
country_2,2020-01-31,-0.42515,-2.022714,1.485293,-1.743836,254.269592,1.041253,74.5
country_2,2020-02-29,-0.42515,-1.964577,1.426354,-1.585698,238.523431,0.414623,75.0
country_2,2020-03-31,-0.42515,-1.209418,0.67379,-0.110731,367.15702,0.329229,71.75
country_2,2020-04-30,-0.42515,-0.861701,0.326233,0.100908,320.162711,0.315677,70.25
country_2,2020-05-31,-0.42515,-0.904421,0.364229,0.181178,305.836982,0.19827,69.5
country_2,2020-06-30,-0.42515,-0.745268,0.200803,0.340818,321.690845,0.253784,69.75
country_2,2020-07-31,-0.42515,-1.325566,0.776011,1.92793,242.341471,0.301544,70.0
country_2,2020-08-31,-0.42515,-0.771428,0.21934,2.005616,202.950867,0.449708,70.75
country_2,2020-09-30,-0.42515,-0.60078,0.047847,2.132821,432.691261,0.53325,70.0
country_2,2020-10-31,-0.42515,-0.602506,0.047865,2.139959,358.268407,0.565234,69.5
country_2,2020-11-30,-0.42515,-0.757135,0.200918,2.275036,403.886293,0.504749,69.0
country_2,2020-12-31,-0.42515,-0.537298,-0.019051,2.602795,257.267336,0.505194,69.0
country_2,2021-01-31,-0.548767,-1.120576,0.554812,2.702978,276.372274,0.291919,68.75
country_2,2021-02-28,-0.548767,-1.127952,0.564431,2.524631,226.430341,0.439783,68.75
country_2,2021-03-31,-0.548767,-1.672859,1.109093,0.816285,258.446358,0.480349,74.75
country_2,2021-04-30,-0.548767,-1.809361,1.243305,0.836694,186.405047,0.572652,74.5
country_2,2021-05-31,-0.548767,-1.987684,1.422978,0.793731,210.556068,0.513403,74.75
country_2,2021-06-30,-0.548767,-2.043275,1.479149,-0.23976,219.500129,0.487375,74.5
country_2,2021-07-31,-0.548767,-1.716822,1.150299,-1.742919,251.801425,0.206149,74.75
country_2,2021-08-31,-0.548767,-2.433168,1.865068,-2.349587,231.699122,0.362056,74.75
country_2,2021-09-30,-0.548767,-2.731006,2.161645,-2.19715,236.942988,0.636704,74.25
country_2,2021-10-31,-0.548767,-3.192172,2.621759,-2.661106,270.229843,0.416723,74.75
country_2,2021-11-30,-0.548767,-3.351811,2.778573,-3.098312,310.081353,0.634921,73.75
country_2,2021-12-31,-0.548767,-3.329802,2.75343,-3.918665,331.315482,0.691187,74.0
country_2,2022-01-31,0.341567,-3.433347,2.853881,-3.982521,313.788106,1.119837,74.25
country_2,2022-02-28,0.341567,-4.210275,3.633942,-3.223223,298.906604,1.761804,74.5
country_2,2022-03-31,0.341567,-5.059973,4.48227,-3.888445,429.935568,1.98363,74.25
country_2,2022-04-30,0.341567,-5.410838,4.82713,-4.808557,322.841436,0.921498,73.25
country_2,2022-05-31,0.341567,-5.782481,5.19774,-5.04386,380.590573,0.718692,73.5
country_2,2022-06-30,0.341567,-6.422383,5.839759,-4.436211,420.587725,0.924182,73.25
country_2,2022-07-31,0.341567,-6.651891,6.080827,-4.968756,495.316452,0.540258,72.75
country_2,2022-08-31,0.341567,-6.007777,5.913125,-5.25521,231.021966,0.574372,72.25
country_2,2022-09-30,0.341567,-5.297331,5.551915,-5.909735,255.824276,0.665685,71.5
country_2,2022-10-31,0.341567,-5.545088,6.200466,-4.702642,372.276508,0.778144,71.75
country_2,2022-11-30,0.341567,-4.883511,6.15013,-3.187129,302.976068,0.575859,72.25
country_2,2022-12-31,0.341567,-4.346754,5.850719,-2.362852,261.967103,0.483541,72.75
country_2,2023-01-31,3.4306,-4.092029,5.993341,-1.685974,296.321665,0.562295,72.0
country_2,2023-02-28,3.4306,-4.078044,6.278686,-1.241208,327.797959,0.740494,71.75
country_2,2023-03-31,3.4306,-3.19351,5.701873,-0.041602,382.925932,0.418681,71.5
country_2,2023-04-30,3.4306,-2.985392,5.884473,1.890359,269.840149,0.583658,71.75
country_2,2023-05-31,3.4306,-2.073634,5.119943,1.585135,295.310209,0.533139,71.75
country_2,2023-06-30,3.4306,-1.326729,4.531319,1.78141,214.019365,0.458744,72.0
country_2,2023-07-31,3.4306,-0.884856,4.288119,3.510446,236.536288,0.527819,72.25
country_2,2023-08-31,3.4306,-1.249397,4.859764,4.197216,152.655456,0.570319,72.25
country_2,2023-09-30,3.4306,-1.183699,4.896221,4.291245,243.347756,0.556597,72.5
country_2,2023-10-31,3.4306,-0.076113,3.977173,3.618069,261.824487,0.859855,71.75
country_2,2023-11-30,3.4306,0.428212,3.474532,2.932148,282.455855,0.563239,71.75
country_2,2023-12-31,3.4306,0.198116,3.705326,2.199074,321.285871,0.69516,72.0
country_2,2024-01-31,3.736115,0.770014,3.132635,1.89374,274.029612,0.632594,72.375
country_2,2024-02-29,3.736115,0.946161,2.962515,1.518643,243.018978,0.75247,72.75
country_2,2024-03-31,3.736115,1.612594,2.294717,1.144522,187.761997,0.76838,72.5
country_2,2024-04-30,3.736115,1.721045,2.187234,0.247372,169.772117,0.822733,72.75
country_2,2024-05-31,3.736115,1.633461,2.273501,0.516689,304.446274,0.636163,72.75
country_2,2024-06-30,3.736115,1.618586,2.167446,-0.020591,409.272061,0.7228,71.25
country_2,2024-07-31,3.736115,1.36082,2.302268,-0.39959,562.276459,0.468038,72.75
country_2,2024-08-31,3.736115,1.839139,1.825217,-0.387518,389.192312,0.651981,72.75
country_2,2024-09-30,3.736115,2.49282,1.099273,-0.525936,202.177624,0.787197,72.75
country_2,2024-10-31,3.736115,2.138598,1.232796,-0.71281,204.928419,0.64919,72.75
country_2,2024-11-30,3.736115,1.904711,1.260255,-1.624846,282.59266,0.686355,72.75
country_2,2024-12-31,3.736115,1.785008,1.317679,-1.904664,327.575037,0.549412,72.75
country_3,2000-01-31,5.489833,2.5807,2.1858,5.097996,46.928106,0.218812,85.0
country_3,2000-02-29,5.489833,2.236924,2.729267,3.464278,45.722838,0.179054,85.0
country_3,2000-03-31,5.489833,2.036946,3.043488,3.683982,39.322668,0.128651,85.5
country_3,2000-04-30,5.489833,3.093094,2.162169,1.185644,53.174466,0.158911,85.5
country_3,2000-05-31,5.489833,3.108563,2.373255,-1.859396,54.207692,0.179013,85.5
country_3,2000-06-30,5.489833,2.94901,2.798717,-0.638142,45.049513,0.140289,84.5
country_3,2000-07-31,5.489833,2.832883,2.900117,0.80517,40.840163,0.148267,84.5
country_3,2000-08-31,5.489833,3.174008,2.572356,1.474989,55.05391,0.106585,84.5
country_3,2000-09-30,5.489833,3.081551,2.670949,0.955414,45.260465,0.100696,84.5
country_3,2000-10-31,5.489833,2.984225,2.774822,-0.191449,58.573078,0.140233,84.5
country_3,2000-11-30,5.489833,2.542494,3.205125,-2.524026,90.431285,0.077866,84.5
country_3,2000-12-31,5.489833,2.548296,3.201704,-1.124668,65.83185,0.108061,84.75
country_3,2001-01-31,3.768583,2.668974,2.994662,-1.843897,99.138192,0.089728,84.5
country_3,2001-02-28,3.768583,2.623216,2.869284,-3.170961,77.286915,0.139007,84.3
country_3,2001-03-31,3.768583,2.635745,2.426155,-4.402054,128.283131,0.10952,83.75
country_3,2001-04-30,3.768583,1.373219,3.492061,-3.145783,108.592221,0.123632,85.0
country_3,2001-05-31,3.768583,0.808937,3.89884,-0.787653,106.475353,0.153759,85.25
country_3,2001-06-30,3.768583,1.141536,3.350783,-0.558012,50.367566,0.107181,86.5
country_3,2001-07-31,3.768583,1.646327,2.713983,-0.851287,83.311364,0.153697,86.5
country_3,2001-08-31,3.768583,1.373906,2.821312,-2.011797,73.998681,0.118424,86.75
country_3,2001-09-30,3.768583,1.125627,2.601452,-4.100946,194.678297,1.724345,86.75
country_3,2001-10-31,3.768583,1.383389,1.869152,-3.218244,215.941516,1.547202,85.75
country_3,2001-11-30,3.768583,2.02388,0.62112,-3.661972,183.884782,0.8114,85.25
country_3,2001-12-31,3.768583,1.517415,0.723891,-3.058268,119.717167,0.45955,84.75
country_3,2002-01-31,2.58575,0.744638,1.349939,-4.653645,122.817712,0.371476,85.5
country_3,2002-02-28,2.58575,0.549309,1.446286,-3.005494,84.737209,0.323279,85.75
country_3,2002-03-31,2.58575,0.14012,1.853765,-0.67975,89.632511,0.402549,85.75
country_3,2002-04-30,2.58575,0.380166,1.738234,-0.926431,82.182747,0.383436,85.5
country_3,2002-05-31,2.58575,1.131054,1.115609,-0.783178,70.724863,0.377965,85.5
country_3,2002-06-30,2.58575,1.267993,1.215797,-1.1964,92.489369,0.518231,85.0
country_3,2002-07-31,2.58575,0.497082,2.13414,-2.035192,94.110731,0.332478,85.0
country_3,2002-08-31,2.58575,0.203016,2.540646,-1.741374,120.202041,0.238802,85.0
country_3,2002-09-30,2.58575,0.412883,2.332652,-0.186404,119.032019,0.482216,84.75
country_3,2002-10-31,2.58575,-0.415079,3.160038,0.352345,167.832192,0.386782,84.75
country_3,2002-11-30,2.58575,-1.679255,4.42387,2.74404,137.456027,0.409522,84.75
country_3,2002-12-31,2.58575,-1.055767,3.798767,1.427939,94.868235,0.454647,84.75
country_3,2003-01-31,2.870083,-1.764494,4.508198,3.694168,162.846748,0.503081,84.75
country_3,2003-02-28,2.870083,-1.93905,4.68432,4.975566,175.136142,0.529759,84.75
country_3,2003-03-31,2.870083,-1.264205,4.246715,6.799868,195.872433,0.842549,84.75
country_3,2003-04-30,2.870083,0.20986,2.914583,6.644664,138.478274,0.547977,85.0
country_3,2003-05-31,2.870083,0.432551,2.808435,9.839965,125.342472,0.499686,86.0
country_3,2003-06-30,2.870083,0.641313,2.602611,11.123018,98.473024,0.304336,85.75
country_3,2003-07-31,2.870083,1.009073,2.089559,10.506384,76.995536,0.211663,86.25
country_3,2003-08-31,2.870083,1.015533,1.982167,10.688109,61.899895,0.313908,86.25
country_3,2003-09-30,2.870083,0.579164,2.180384,13.182467,71.958376,0.188291,86.75
country_3,2003-10-31,2.870083,1.167872,1.581033,15.426816,85.792523,0.199515,85.75
country_3,2003-11-30,2.870083,1.171772,1.57636,16.626532,82.731615,0.249767,85.5
country_3,2003-12-31,2.870083,0.671018,2.077158,15.628069,55.945755,0.318552,85.5
country_3,2004-01-31,2.219917,1.365186,1.274514,14.833207,56.398217,0.283362,87.75
country_3,2004-02-29,2.219917,1.814939,0.680936,9.384257,77.566861,0.215723,87.75
country_3,2004-03-31,2.219917,1.482691,0.775948,7.131783,68.035217,0.291687,87.75
country_3,2004-04-30,2.219917,0.420205,1.660162,6.189396,55.972126,0.345691,87.0
country_3,2004-05-31,2.219917,-0.44104,2.43902,-0.521756,80.095779,0.217098,87.0
country_3,2004-06-30,2.219917,-0.537372,2.536581,-1.600771,71.941535,0.310429,86.75
country_3,2004-07-31,2.219917,-0.340815,2.339176,2.516401,60.723847,0.226197,86.25
country_3,2004-08-31,2.219917,0.152294,1.846459,3.903934,72.170569,0.185427,86.25
country_3,2004-09-30,2.219917,0.357559,1.842865,3.804717,73.894487,0.191428,86.25
country_3,2004-10-31,2.219917,0.024664,2.334626,4.372624,62.546385,0.188917,86.5
country_3,2004-11-30,2.219917,0.071465,2.424826,7.057719,89.412005,0.222149,86.5
country_3,2004-12-31,2.219917,0.36697,2.131777,5.087305,47.263281,0.292147,86.5
country_3,2005-01-31,2.726083,0.561768,1.936102,4.155307,45.855821,0.174983,86.75
country_3,2005-02-28,2.726083,0.370117,2.125598,5.629171,40.440134,0.199466,86.25
country_3,2005-03-31,2.726083,0.17631,2.309909,7.149059,43.269828,0.197583,86.25
country_3,2005-04-30,2.726083,0.091182,2.401532,6.353215,90.738133,0.158922,85.75
country_3,2005-05-31,2.726083,0.871519,1.619053,6.897575,96.505006,0.161483,85.25
country_3,2005-06-30,2.726083,0.780553,1.71266,7.908663,61.129746,0.129491,85.25
country_3,2005-07-31,2.726083,0.493528,2.000007,6.886342,59.322989,0.348017,85.25
country_3,2005-08-31,2.726083,-0.085591,2.576332,7.457434,54.659278,0.190976,85.25
country_3,2005-09-30,2.726083,-0.531675,3.238094,8.00374,72.603634,0.169407,85.75
country_3,2005-10-31,2.726083,0.296759,2.566536,5.154827,80.485228,0.112037,85.25
country_3,2005-11-30,2.726083,0.997571,1.988643,1.402647,81.475846,0.109793,85.25
country_3,2005-12-31,2.726083,1.110462,2.087293,5.667325,49.719476,0.21324,84.75
country_3,2006-01-31,4.034167,0.549219,2.754033,5.848903,70.634062,0.123115,84.75
country_3,2006-02-28,4.034167,1.30064,2.175965,7.94799,81.580205,0.19104,84.5
country_3,2006-03-31,4.034167,1.491096,2.163683,5.60958,61.463328,0.238164,84.5
country_3,2006-04-30,4.034167,1.350501,2.43902,7.86445,61.714605,0.222494,85.0
country_3,2006-05-31,4.034167,1.216681,2.811619,12.034808,61.258864,0.194523,84.75
country_3,2006-06-30,4.034167,1.803415,2.432176,9.781128,61.303599,0.43519,84.75
country_3,2006-07-31,4.034167,1.909367,2.334263,6.406934,58.821957,0.492314,85.75
country_3,2006-08-31,4.034167,2.084647,2.13953,5.904222,55.006187,0.287217,85.75
country_3,2006-09-30,4.034167,3.50564,0.73801,3.627392,59.163868,0.385491,85.5
country_3,2006-10-31,4.034167,3.219025,1.019466,2.736879,54.641426,0.208364,85.5
country_3,2006-11-30,4.034167,2.856797,1.39275,1.625313,80.302906,0.18825,85.5
country_3,2006-12-31,4.034167,2.580465,1.672856,-2.00595,44.751259,0.146284,85.5
country_3,2007-01-31,4.151667,3.134353,1.109061,-3.624115,53.39283,0.157505,85.5
country_3,2007-02-28,4.151667,2.197991,2.037044,-3.630503,69.19994,0.227723,85.5
country_3,2007-03-31,4.151667,1.927987,2.302022,-2.975531,74.084203,0.13011,85.5
country_3,2007-04-30,4.151667,2.053032,2.197798,-1.219409,52.798903,0.1955,85.5
country_3,2007-05-31,4.151667,2.049015,2.18778,-0.231367,70.115928,0.217391,85.5
country_3,2007-06-30,4.151667,2.058719,2.191776,2.399073,51.59319,0.212388,85.5
country_3,2007-07-31,4.151667,2.255709,2.189777,4.803493,50.659451,0.207167,83.75
country_3,2007-08-31,4.151667,2.72691,1.730413,3.376797,60.790765,0.206303,83.75
country_3,2007-09-30,4.151667,1.972023,2.472524,5.873016,75.692383,0.165791,83.75
country_3,2007-10-31,4.151667,2.122215,2.385317,11.161693,72.282907,0.177351,83.5
country_3,2007-11-30,4.151667,2.032886,2.472524,12.462782,82.840823,0.119836,83.5
country_3,2007-12-31,4.151667,1.898452,2.376596,10.321797,97.913125,0.168508,83.75
country_3,2008-01-31,2.39,1.965843,2.19378,10.635286,112.486768,0.10899,85.0
country_3,2008-02-29,2.39,2.185884,1.814876,10.56245,132.206891,0.184355,85.25
country_3,2008-03-31,2.39,2.160246,1.350139,8.97188,104.619911,0.164117,85.5
country_3,2008-04-30,2.39,1.634113,1.702515,4.809258,102.561827,0.136179,85.25
country_3,2008-05-31,2.39,0.769432,2.230159,3.44542,82.216188,0.134331,85.25
country_3,2008-06-30,2.39,-0.132765,3.127803,-0.977541,76.645915,0.189196,85.0
country_3,2008-07-31,2.39,-0.394332,3.392868,-1.93109,70.881899,0.20146,85.0
country_3,2008-08-31,2.39,-0.491792,3.491507,-3.832471,100.20487,0.170176,84.5
country_3,2008-09-30,2.39,-0.401929,3.3959,-5.523554,184.167507,0.159474,84.25
country_3,2008-10-31,2.39,-0.083284,2.598575,-16.934628,360.295643,0.109341,82.5
country_3,2008-11-30,2.39,0.2796,1.966048,-18.358548,267.135761,0.155426,82.75
country_3,2008-12-31,2.39,0.55032,1.160718,-16.770186,268.986048,0.137962,82.0
country_3,2009-01-31,0.693822,0.210046,1.073349,-14.947217,250.742997,0.152044,82.0
country_3,2009-02-28,0.693822,-0.42813,1.42603,-15.587931,193.669571,0.105295,79.75
country_3,2009-03-31,0.693822,-0.727948,1.243343,-15.490686,166.987504,0.107557,79.5
country_3,2009-04-30,0.693822,0.047433,0.352424,-12.857844,136.462441,0.169896,80.5
country_3,2009-05-31,0.693822,0.1549,0.08726,-9.519616,120.577235,0.186997,81.0
country_3,2009-06-30,0.693822,0.504089,-0.259966,-6.143428,91.761086,0.127844,80.75
country_3,2009-07-31,0.693822,1.191103,-0.949917,-6.283193,91.275566,0.164298,81.25
country_3,2009-08-31,0.693822,1.018309,-0.778549,-1.101396,96.658524,0.172055,81.5
country_3,2009-09-30,0.693822,1.103788,-0.864307,-1.653721,93.413195,0.208657,81.5
country_3,2009-10-31,0.693822,0.153997,0.087337,9.568155,110.390658,0.13157,82.0
country_3,2009-11-30,0.693822,-0.721265,0.96407,10.729176,127.592693,0.179164,81.75
country_3,2009-12-31,0.693822,-1.080833,1.323923,13.376157,102.308078,0.177005,82.0
country_3,2010-01-31,0.77586,-1.614028,1.858413,14.236013,118.834685,0.188547,81.75
country_3,2010-02-28,0.77586,-1.337433,1.581727,14.024333,97.122697,0.138358,82.75
country_3,2010-03-31,0.77586,-1.158974,1.403513,18.530534,141.96584,0.115395,82.75
country_3,2010-04-30,0.77586,-1.596448,1.843729,18.894312,103.856325,0.145928,83.0
country_3,2010-05-31,0.77586,-1.149248,1.394948,9.804442,143.360712,0.180838,83.5
country_3,2010-06-30,0.77586,-0.463803,0.955694,8.440542,139.382054,0.185759,83.5
country_3,2010-07-31,0.77586,-1.230472,1.830858,7.811683,153.935214,0.123092,83.5
country_3,2010-08-31,0.77586,-0.99494,1.743674,4.684179,144.828975,0.22153,83.25
country_3,2010-09-30,0.77586,-0.966871,1.918042,4.721868,202.231023,0.1055,83.25
country_3,2010-10-31,0.77586,-1.444773,2.443278,3.183068,211.829318,0.131518,82.5
country_3,2010-11-30,0.77586,-0.997861,1.996523,4.242323,182.556093,0.160721,82.25
country_3,2010-12-31,0.77586,-1.354741,2.351913,4.415931,142.254252,0.13218,82.5
country_3,2011-01-31,1.169322,-1.353393,2.345783,4.000329,128.367392,0.076026,82.75
country_3,2011-02-28,1.169322,-1.16902,2.162626,4.433416,180.776658,0.108305,83.0
country_3,2011-03-31,1.169322,-2.293042,3.287186,2.809531,172.458533,0.292797,82.75
country_3,2011-04-30,1.169322,-2.279391,3.275851,1.926265,142.33187,0.161008,83.0
country_3,2011-05-31,1.169322,-2.700791,3.697324,3.231526,171.893113,0.12496,83.75
country_3,2011-06-30,1.169322,-2.100513,3.098095,0.977956,161.538238,0.147625,83.75
country_3,2011-07-31,1.169322,-1.741269,2.739724,4.067605,203.418875,0.088496,83.75
country_3,2011-08-31,1.169322,-2.084564,3.084832,1.835309,337.307306,0.097426,83.75
country_3,2011-09-30,1.169322,-2.166793,3.165098,0.729868,280.67029,0.142045,83.5
country_3,2011-10-31,1.169322,-1.89563,2.89608,-0.977146,300.833559,0.168569,82.75
country_3,2011-11-30,1.169322,-1.893778,2.893616,-1.733826,399.846271,0.181462,82.75
country_3,2011-12-31,1.169322,-1.298699,2.297869,-2.24226,309.374902,0.1103,82.75
country_3,2012-01-31,1.159862,-1.463335,2.461797,-2.168579,235.516414,0.074294,83.0
country_3,2012-02-29,1.159862,-1.626267,2.624892,-1.243466,184.25955,0.118073,82.5
country_3,2012-03-31,1.159862,-0.926614,1.926304,-1.926239,187.779713,0.131044,82.5
country_3,2012-04-30,1.159862,-0.997335,2.003345,-2.625668,173.85983,0.102447,82.5
country_3,2012-05-31,1.159862,-0.242967,1.243785,-2.818111,258.172499,0.083092,82.5
country_3,2012-06-30,1.159862,-0.501704,1.502509,-2.564103,249.106401,0.071073,82.25
country_3,2012-07-31,1.159862,-0.250937,1.250004,-3.403528,187.671644,0.10397,82.5
country_3,2012-08-31,1.159862,-0.244787,1.246887,0.677831,177.266294,0.059791,82.5
country_3,2012-09-30,1.159862,-0.160182,1.160866,2.149585,211.172472,0.146595,83.5
country_3,2012-10-31,1.159862,-0.15779,1.158944,2.536291,218.480583,0.08374,83.5
country_3,2012-11-30,1.159862,0.172929,0.827133,1.878778,382.539219,0.109995,83.5
country_3,2012-12-31,1.159862,0.168414,0.831949,1.657008,238.725706,0.081547,83.5
country_3,2013-01-31,1.164424,0.504794,0.497102,0.331688,223.526597,0.165132,83.5
country_3,2013-02-28,1.164424,-0.233038,1.237617,-1.539819,174.392715,0.161831,83.25
country_3,2013-03-31,1.164424,0.019626,0.986024,-3.121756,258.241662,0.067371,82.75
country_3,2013-04-30,1.164424,0.595285,0.409156,-3.181674,206.530906,0.157233,82.5
country_3,2013-05-31,1.164424,0.267248,0.737093,-2.128685,220.810417,0.115448,82.0
country_3,2013-06-30,1.164424,-0.141224,1.151309,-1.694639,143.973712,0.095133,81.75
country_3,2013-07-31,1.164424,-0.310398,1.316866,-3.644116,135.839924,0.137449,81.75
country_3,2013-08-31,1.164424,-0.068702,1.067317,-5.409901,143.076063,0.122441,81.5
country_3,2013-09-30,1.164424,-0.067747,1.065567,-5.532787,133.109429,0.227045,82.0
country_3,2013-10-31,1.164424,0.344471,0.654656,-5.376601,264.022793,0.126587,82.25
country_3,2013-11-30,1.164424,0.099618,0.902372,-5.364015,135.224964,0.071956,82.0
country_3,2013-12-31,1.164424,-0.236302,1.237617,-7.001767,132.983695,0.108243,82.25
country_3,2014-01-31,1.172978,-0.484173,1.483919,-8.780842,132.787441,0.078555,82.25
country_3,2014-02-28,1.172978,-0.14284,1.140998,-8.528142,165.511903,0.095396,82.25
country_3,2014-03-31,1.172978,-0.549496,1.545977,-7.804516,199.524165,0.342326,82.25
country_3,2014-04-30,1.172978,-1.039325,2.037497,-7.122905,123.925817,0.110423,82.25
country_3,2014-05-31,1.172978,-1.278959,2.27643,-6.163821,126.084121,0.124177,82.25
country_3,2014-06-30,1.172978,-1.35786,2.357731,-4.682579,111.176396,0.126904,82.5
country_3,2014-07-31,1.172978,-1.111984,2.112111,-3.205877,143.092181,0.192202,82.5
country_3,2014-08-31,1.172978,-1.111931,2.112111,-4.379501,155.509319,0.240007,82.25
country_3,2014-09-30,1.172978,-1.028248,2.027582,-4.939096,140.3446,0.240848,82.25
country_3,2014-10-31,1.172978,-1.357059,2.357731,-5.413129,159.835769,0.224318,82.0
country_3,2014-11-30,1.172978,-0.949073,1.951226,-5.100398,216.450823,0.140828,82.0
country_3,2014-12-31,1.172978,-0.462388,1.466998,-4.576066,147.495117,0.152406,82.0
country_3,2015-01-31,0.822647,-0.06662,0.97482,-5.621851,286.051519,0.184278,83.0
country_3,2015-02-28,0.822647,-0.289119,1.047546,-7.560107,240.589419,0.282795,82.75
country_3,2015-03-31,0.822647,-0.444886,1.201927,-6.936623,131.635895,0.160646,82.75
country_3,2015-04-30,0.822647,-0.048225,0.798725,-6.501548,177.399418,0.174297,83.0
country_3,2015-05-31,0.822647,-0.139822,0.874437,-6.1926,213.998165,0.115439,83.0
country_3,2015-06-30,0.822647,-0.287892,1.032569,-7.93844,174.027826,0.186212,83.0
country_3,2015-07-31,0.822647,-0.667734,1.272866,-11.652579,179.12131,0.103901,80.0
country_3,2015-08-31,0.822647,-0.765556,1.272866,-11.7611,176.803049,0.056545,79.75
country_3,2015-09-30,0.822647,-0.532595,1.0334,-12.304722,205.356649,0.143553,79.75
country_3,2015-10-31,0.822647,-0.532469,1.032569,-10.103972,199.571404,0.0811,80.0
country_3,2015-11-30,0.822647,-0.856531,1.355676,-10.383002,142.000746,0.30137,81.25
country_3,2015-12-31,0.822647,-1.093398,1.606431,-12.151647,128.380424,0.196734,81.25
country_3,2016-01-31,0.816378,-1.497325,2.01131,-11.398333,156.003539,0.241009,81.0
country_3,2016-02-29,0.816378,-0.853931,1.355676,-6.627493,186.643183,0.195714,81.25
country_3,2016-03-31,0.816378,-0.768223,1.266859,-3.188935,218.515255,0.20823,81.5
country_3,2016-04-30,0.816378,-1.161635,1.664021,-2.232734,156.833576,0.144072,82.25
country_3,2016-05-31,0.816378,-0.997223,1.497156,-3.776224,151.523872,0.177539,82.25
country_3,2016-06-30,0.816378,-0.986825,1.493725,-2.002267,276.668902,0.165196,82.75
country_3,2016-07-31,0.816378,-0.749812,1.256917,0.419799,260.125109,0.250454,82.75
country_3,2016-08-31,0.816378,-0.600505,1.099728,1.816197,237.581032,0.20674,82.75
country_3,2016-09-30,0.816378,-0.838083,1.337464,1.881505,164.455771,0.146199,82.25
country_3,2016-10-31,0.816378,-1.00071,1.493725,0.029656,243.580913,0.147246,82.25
country_3,2016-11-30,0.816378,-0.68857,1.180127,-0.049811,442.371411,0.143582,82.5
country_3,2016-12-31,0.816378,-1.006536,1.501961,4.603976,298.574658,0.155655,82.75
country_3,2017-01-31,1.061357,-1.638102,2.129274,8.879493,338.155469,0.232982,82.75
country_3,2017-02-28,1.061357,-1.554143,2.04558,6.437635,257.48916,0.23681,82.75
country_3,2017-03-31,1.061357,-1.068683,1.563726,-0.05953,262.149356,0.16343,82.75
country_3,2017-04-30,1.061357,-1.139205,1.636784,-2.999806,199.662234,0.21015,82.5
country_3,2017-05-31,1.061357,-0.828406,1.31991,-4.486434,262.12758,0.16247,81.75
country_3,2017-06-30,1.061357,-0.51284,1.006945,-3.498458,206.440933,0.268318,81.75
country_3,2017-07-31,1.061357,-0.494362,1.163647,1.429127,233.183092,0.116569,81.75
country_3,2017-08-31,1.061357,-0.655472,1.398626,1.735062,241.767014,0.208289,82.0
country_3,2017-09-30,1.061357,-0.582611,1.552801,4.626719,277.794558,0.224697,83.75
country_3,2017-10-31,1.061357,-0.401249,1.394292,3.448957,221.315752,0.227254,83.0
country_3,2017-11-30,1.061357,-1.108008,2.09957,3.219376,233.097105,0.126241,83.0
country_3,2017-12-31,1.061357,-0.873047,1.869126,1.270185,190.258742,0.164489,83.0
country_3,2018-01-31,1.790603,-0.580223,1.698828,1.834951,343.772422,0.164859,83.25
country_3,2018-02-28,1.790603,-0.920908,2.158855,0.087235,365.26809,0.074398,82.75
country_3,2018-03-31,1.790603,-1.070075,2.309475,-0.019855,449.623944,0.344634,82.5
country_3,2018-04-30,1.790603,-0.978486,2.223943,2.055068,303.540748,0.164126,82.5
country_3,2018-05-31,1.790603,-0.976826,2.222239,3.763823,257.347686,0.256324,82.5
country_3,2018-06-30,1.790603,-1.205876,2.453976,0.788974,428.068654,0.565858,82.25
country_3,2018-07-31,1.790603,-1.566203,2.990817,-2.597527,292.017658,0.392776,82.75
country_3,2018-08-31,1.790603,-1.339874,2.835288,-1.715052,359.618741,0.28217,83.0
country_3,2018-09-30,1.790603,-0.72068,2.217143,-4.271899,271.835043,0.264595,83.0
country_3,2018-10-31,1.790603,-0.878834,2.444602,-1.853267,296.154278,0.238919,83.0
country_3,2018-11-30,1.790603,0.071486,1.675538,-2.037466,322.54407,0.169542,82.75
country_3,2018-12-31,1.790603,-0.23784,1.987814,-3.208556,290.394658,0.445905,81.75
country_3,2019-01-31,1.89031,0.305481,1.442687,-4.757365,301.899972,0.40799,82.75
country_3,2019-02-28,1.89031,0.237714,1.509439,-2.275809,266.605956,0.28798,81.75
country_3,2019-03-31,1.89031,-0.134138,1.881071,-0.635488,250.536735,0.133478,81.5
country_3,2019-04-30,1.89031,-0.278636,2.025541,-2.189638,297.647125,0.170114,81.5
country_3,2019-05-31,1.89031,-0.653744,2.398789,-2.04341,275.601914,0.283676,81.25
country_3,2019-06-30,1.89031,-0.278398,2.020993,0.178359,339.071909,0.284753,82.0
country_3,2019-07-31,1.89031,-0.263792,2.010365,1.289116,333.248909,0.199097,82.0
country_3,2019-08-31,1.89031,-0.189547,1.937356,-0.467927,400.904551,0.230068,82.0
country_3,2019-09-30,1.89031,-0.123332,1.869912,-0.137309,358.148456,0.163869,82.5
country_3,2019-10-31,1.89031,-0.116193,1.864239,-0.720265,495.852358,0.088287,82.5
country_3,2019-11-30,1.89031,-0.423841,2.172301,-0.187284,364.876711,0.180458,82.5
country_3,2019-12-31,1.89031,-0.500833,2.248883,1.98895,315.980328,0.160179,82.5
country_3,2020-01-31,0.635455,-0.646612,2.395199,2.052052,275.70785,0.375028,82.75
country_3,2020-02-29,0.635455,-0.407619,2.15615,0.118918,380.233713,0.196166,82.5
country_3,2020-03-31,0.635455,0.067135,0.886247,-3.017887,569.658237,0.209509,82.0
country_3,2020-04-30,0.635455,0.455021,-0.220654,-3.108135,448.404682,0.106773,75.25
country_3,2020-05-31,0.635455,0.595627,-0.365987,-2.385468,678.817092,0.135184,76.5
country_3,2020-06-30,0.635455,-0.421742,0.660319,-0.811078,504.912204,0.143042,76.75
country_3,2020-07-31,0.635455,0.096981,0.14606,-3.011756,551.530283,0.252037,77.5
country_3,2020-08-31,0.635455,0.092254,0.146181,-1.243879,415.315531,0.102409,77.0
country_3,2020-09-30,0.635455,-0.285848,0.513887,-1.355333,422.500605,0.174763,77.25
country_3,2020-10-31,0.635455,-0.427031,0.658869,-1.392157,497.611723,0.181381,77.75
country_3,2020-11-30,0.635455,-0.728444,0.953054,-0.009876,455.047612,0.123893,77.5
country_3,2020-12-31,0.635455,-0.53384,0.73314,0.472767,371.181055,0.127479,77.5
country_3,2021-01-31,0.209246,-0.842371,1.023451,0.69642,290.41545,0.123844,77.75
country_3,2021-02-28,0.209246,-0.880639,1.09166,2.0291,323.208207,0.149816,77.0
country_3,2021-03-31,0.209246,-2.015775,2.196201,7.923751,344.161957,0.183406,79.5
country_3,2021-04-30,0.209246,-3.22956,3.38988,8.447653,267.885034,0.181573,80.0
country_3,2021-05-31,0.209246,-3.419306,3.600221,10.327198,194.565566,0.236256,79.5
country_3,2021-06-30,0.209246,-2.873333,3.061215,6.631432,172.38161,0.176383,80.0
country_3,2021-07-31,0.209246,-3.527412,3.717203,5.208855,325.613555,0.134445,80.25
country_3,2021-08-31,0.209246,-3.886896,4.087643,3.649707,210.105293,0.16896,79.5
country_3,2021-09-30,0.209246,-4.195732,4.382777,3.335325,391.955957,0.210674,81.0
country_3,2021-10-31,0.209246,-4.456799,4.654524,5.368861,210.525052,0.15235,81.5
country_3,2021-11-30,0.209246,-4.517816,4.720469,3.71358,258.558554,0.175314,81.25
country_3,2021-12-31,0.209246,-4.643025,4.803453,0.872463,336.570961,0.207356,81.25
country_3,2022-01-31,2.557997,-4.961553,5.137488,1.685174,213.874317,0.329649,81.0
country_3,2022-02-28,2.557997,-5.515827,5.687574,0.591773,218.409163,0.765126,79.75
country_3,2022-03-31,2.557997,-6.254129,6.661886,0.334161,404.534064,0.905152,81.0
country_3,2022-04-30,2.557997,-6.060846,6.77118,0.751379,300.569595,0.408258,81.5
country_3,2022-05-31,2.557997,-6.78329,7.730533,-1.899907,303.722607,0.288608,81.75
country_3,2022-06-30,2.557997,-6.704123,8.132936,-0.935191,143.732648,0.394396,81.75
country_3,2022-07-31,2.557997,-5.552114,7.589551,0.666476,212.430176,0.360172,81.75
country_3,2022-08-31,2.557997,-4.529691,7.012645,0.99512,378.980994,0.296068,81.75
country_3,2022-09-30,2.557997,-3.756216,6.857984,-0.558821,257.070462,0.28866,81.0
country_3,2022-10-31,2.557997,-3.565721,6.87981,-4.557464,320.033933,0.266954,81.25
country_3,2022-11-30,2.557997,-3.054842,6.796065,-2.495,271.519585,0.279377,82.0
country_3,2022-12-31,2.557997,-2.194958,6.319458,-3.100097,310.054464,0.210774,81.5
country_3,2023-01-31,5.021459,-1.628739,5.918753,-4.45445,232.538622,0.290624,82.0
country_3,2023-02-28,5.021459,-0.752906,5.245275,-3.732279,254.6151,0.386925,82.0
country_3,2023-03-31,5.021459,0.194146,4.298167,-6.327909,339.54156,0.247671,80.5
country_3,2023-04-30,5.021459,0.08588,4.405838,-5.834041,190.425124,0.239948,80.75
country_3,2023-05-31,5.021459,1.135173,3.357475,-5.441663,219.640517,0.236278,81.25
country_3,2023-06-30,5.021459,1.871666,2.81228,-3.776079,158.624635,0.25078,81.25
country_3,2023-07-31,5.021459,1.63804,3.26585,-3.026577,262.043386,0.16766,81.0
country_3,2023-08-31,5.021459,0.996831,3.997382,-4.263382,300.743013,0.242689,81.0
country_3,2023-09-30,5.021459,1.193542,3.798243,-2.267222,202.01938,0.308549,80.75
country_3,2023-10-31,5.021459,1.880883,3.120962,-0.968858,389.055176,0.567266,80.75
country_3,2023-11-30,5.021459,1.896757,3.11691,-2.754175,317.708914,0.406784,80.5
country_3,2023-12-31,5.021459,1.619011,3.396468,1.143316,361.62106,0.257467,80.5
country_3,2024-01-31,4.911713,2.167115,2.858976,0.94245,247.077978,0.382062,80.75
country_3,2024-02-29,4.911713,2.231815,2.783155,0.210379,198.441892,0.268272,80.5
country_3,2024-03-31,4.911713,2.105222,2.897668,1.381552,283.283057,0.239734,81.0
country_3,2024-04-30,4.911713,2.314503,2.685415,-0.160401,164.408376,0.468325,80.75
country_3,2024-05-31,4.911713,2.136489,2.866211,-0.249775,248.883113,0.28138,81.5
country_3,2024-06-30,4.911713,2.129571,2.671749,-1.893456,198.06144,0.240933,81.75
country_3,2024-07-31,4.911713,2.177419,2.530053,-2.418804,222.920757,0.166277,81.75
country_3,2024-08-31,4.911713,2.559611,1.953369,-1.474518,290.043165,0.189897,81.5
country_3,2024-09-30,4.911713,2.657006,1.640416,-1.219391,202.177624,0.227702,81.5
country_3,2024-10-31,4.911713,2.120706,2.017644,-1.277828,204.928419,0.222579,81.5
country_3,2024-11-30,4.911713,1.875706,1.889174,-1.235312,282.59266,0.327435,81.5
country_3,2024-12-31,4.911713,1.636541,1.831979,-4.471988,327.575037,0.306002,81.5
country_4,2000-01-31,4.391766,1.243592,1.799308,-6.046559,65.061983,0.029974,86.0
country_4,2000-02-29,4.391766,1.361363,1.914337,-5.894288,59.253423,0.036418,86.25
country_4,2000-03-31,4.391766,1.571569,1.938831,-5.98334,61.726902,0.021898,87.0
country_4,2000-04-30,4.391766,1.804891,1.880109,-5.876923,64.590236,0.044975,87.75
country_4,2000-05-31,4.391766,1.740757,2.179243,-6.312429,85.762419,0.048305,87.0
country_4,2000-06-30,4.391766,1.833466,2.461034,-3.521421,89.099355,0.048672,87.75
country_4,2000-07-31,4.391766,1.995433,2.313167,-3.906577,67.232284,0.023723,88.5
country_4,2000-08-31,4.391766,2.213818,2.205282,-5.981134,54.394554,0.023685,88.75
country_4,2000-09-30,4.391766,1.62302,2.96748,-5.917283,60.644905,0.030768,88.5
country_4,2000-10-31,4.391766,1.702857,3.059843,-6.882969,68.777395,0.024747,88.25
country_4,2000-11-30,4.391766,1.908208,2.920892,-5.403133,104.664265,0.041714,87.5
country_4,2000-12-31,4.391766,2.16737,2.65943,-2.661394,100.708759,0.018525,88.0
country_4,2001-01-31,4.261783,1.003351,3.752549,0.611391,99.186507,0.028944,88.5
country_4,2001-02-28,4.261783,0.965473,4.027027,1.131953,99.910594,0.037911,89.3
country_4,2001-03-31,4.261783,0.709608,4.071792,2.128579,112.252072,0.052022,89.0
country_4,2001-04-30,4.261783,0.584393,4.479807,2.691511,107.282321,0.07237,88.25
country_4,2001-05-31,4.261783,0.161465,4.492135,2.451088,82.965559,0.039863,89.5
country_4,2001-06-30,4.261783,0.336137,4.203363,-0.30326,74.133524,0.047636,88.5
country_4,2001-07-31,4.261783,0.18443,4.32107,0.904632,97.407201,0.04705,88.75
country_4,2001-08-31,4.261783,0.242499,4.248801,3.980154,82.717512,0.062329,88.5
country_4,2001-09-30,4.261783,-0.277219,4.263719,5.846529,175.33068,0.394222,89.0
country_4,2001-10-31,4.261783,-0.009257,3.980557,6.367583,164.150518,0.358532,87.5
country_4,2001-11-30,4.261783,-0.35553,3.86283,5.267252,123.955231,0.200669,87.0
country_4,2001-12-31,4.261783,-0.824462,4.163362,3.854178,106.107987,0.108505,87.0
country_4,2002-01-31,3.318592,-0.729464,4.023064,1.055437,103.722417,0.146154,87.0
country_4,2002-02-28,3.318592,-0.39328,3.67628,0.810148,86.269673,0.09102,86.75
country_4,2002-03-31,3.318592,-0.365344,3.629344,0.761744,76.763801,0.072401,87.0
country_4,2002-04-30,3.318592,-0.229173,3.545373,1.443124,81.805006,0.119632,84.75
country_4,2002-05-31,3.318592,0.082548,3.227452,3.56185,79.810734,0.127972,85.5
country_4,2002-06-30,3.318592,0.070231,3.278269,6.051059,91.818173,0.117219,85.75
country_4,2002-07-31,3.318592,0.018807,3.282893,6.416073,99.912983,0.060163,85.5
country_4,2002-08-31,3.318592,0.047523,3.245177,4.379175,104.254003,0.05486,85.75
country_4,2002-09-30,3.318592,0.213715,3.104885,4.006695,119.535786,0.095215,86.0
country_4,2002-10-31,3.318592,0.343988,2.956412,3.872318,114.927703,0.095294,85.5
country_4,2002-11-30,3.318592,0.521251,2.783049,4.898132,121.404706,0.091332,83.75
country_4,2002-12-31,3.318592,0.353731,2.740769,5.001057,119.861649,0.112061,83.5
country_4,2003-01-31,2.333467,0.431043,2.355757,6.308682,125.66857,0.13991,83.0
country_4,2003-02-28,2.333467,0.332727,2.430773,7.454795,134.849953,0.21701,83.0
country_4,2003-03-31,2.333467,0.252726,2.496274,7.748845,96.984661,0.213409,83.0
country_4,2003-04-30,2.333467,0.446779,2.113721,7.520921,120.026641,0.163227,83.0
country_4,2003-05-31,2.333467,0.542765,2.014335,8.639801,109.019179,0.082805,83.25
country_4,2003-06-30,2.333467,0.328613,1.884687,7.078468,163.59297,0.105463,84.0
country_4,2003-07-31,2.333467,-0.032452,2.110752,5.420219,88.117375,0.046014,85.5
country_4,2003-08-31,2.333467,0.006775,2.091325,4.957334,65.793212,0.127428,85.5
country_4,2003-09-30,2.333467,0.037793,1.983107,4.566486,96.701774,0.064725,85.5
country_4,2003-10-31,2.333467,0.06364,1.95116,5.450882,73.976883,0.056619,85.0
country_4,2003-11-30,2.333467,-0.020846,1.993846,5.00151,66.013418,0.063194,85.0
country_4,2003-12-31,2.333467,0.364715,1.691985,5.739603,87.790898,0.050968,85.0
country_4,2004-01-31,2.106325,0.667554,1.353846,4.664087,61.117524,0.089483,85.5
country_4,2004-02-29,2.106325,0.844956,1.186544,3.906711,50.885352,0.117107,85.5
country_4,2004-03-31,2.106325,0.903071,1.102629,2.416683,80.639108,0.18016,85.5
country_4,2004-04-30,2.106325,0.746442,1.331558,1.264714,47.260209,0.086423,86.25
country_4,2004-05-31,2.106325,0.440397,1.574803,-0.324211,65.925695,0.111483,86.5
country_4,2004-06-30,2.106325,0.640332,1.387368,-0.612264,81.237345,0.110441,86.5
country_4,2004-07-31,2.106325,0.912544,1.155156,0.134797,61.901514,0.081431,86.5
country_4,2004-08-31,2.106325,0.864742,1.175758,0.7259,72.381549,0.112472,86.5
country_4,2004-09-30,2.106325,0.983501,1.068299,0.990766,107.49961,0.116651,86.5
country_4,2004-10-31,2.106325,0.727192,1.384208,0.649723,67.598646,0.097321,86.0
country_4,2004-11-30,2.106325,0.745553,1.339447,1.447192,70.389095,0.093062,84.75
country_4,2004-12-31,2.106325,0.948326,1.105174,0.36187,61.70895,0.104792,84.5
country_4,2005-01-31,2.184675,0.583475,1.493625,-0.360292,54.464117,0.093526,84.5
country_4,2005-02-28,2.184675,0.390221,1.668279,-0.814471,55.718969,0.086864,84.5
country_4,2005-03-31,2.184675,0.330909,1.725791,0.647003,58.567903,0.04868,84.5
country_4,2005-04-30,2.184675,0.498827,1.576873,1.066385,49.75635,0.079461,84.75
country_4,2005-05-31,2.184675,0.722355,1.347645,-0.248732,64.773481,0.13756,84.75
country_4,2005-06-30,2.184675,0.393833,1.668467,-1.463086,88.765982,0.147559,84.25
country_4,2005-07-31,2.184675,0.414047,1.658853,-1.951923,63.033984,0.167903,84.5
country_4,2005-08-31,2.184675,0.275828,1.785072,-1.431729,92.448891,0.045316,83.5
country_4,2005-09-30,2.184675,0.276998,1.817102,-2.009715,136.387772,0.07302,83.5
country_4,2005-10-31,2.184675,0.369368,1.697732,-2.952345,51.30233,0.060327,83.0
country_4,2005-11-30,2.184675,0.347391,1.738509,-4.03401,63.219512,0.030498,82.75
country_4,2005-12-31,2.184675,0.197622,2.078078,-4.298321,91.426299,0.068989,82.0
country_4,2006-01-31,3.079225,1.010296,1.316104,-4.148825,62.97194,0.113881,82.5
country_4,2006-02-28,3.079225,1.267455,1.082045,-4.31586,42.526556,0.101888,82.25
country_4,2006-03-31,3.079225,1.577493,0.942507,-4.339195,72.211109,0.068867,82.0
country_4,2006-04-30,3.079225,1.405202,1.223098,-3.307985,63.239728,0.043872,82.25
country_4,2006-05-31,3.079225,1.200005,1.376795,-1.659154,64.86725,0.080802,82.5
country_4,2006-06-30,3.079225,1.351773,1.345927,-0.087916,43.095779,0.075554,82.5
country_4,2006-07-31,3.079225,1.501278,1.312522,0.058841,50.626061,0.050819,81.75
country_4,2006-08-31,3.079225,1.591181,1.377119,-0.097485,81.282072,0.087133,82.25
country_4,2006-09-30,3.079225,2.189489,0.851511,-0.126361,66.495279,0.094096,82.25
country_4,2006-10-31,3.079225,2.601105,0.677095,-0.097819,60.658211,0.065486,84.75
country_4,2006-11-30,3.079225,2.555228,0.772472,0.649734,63.470439,0.066798,84.75
country_4,2006-12-31,3.079225,2.547935,0.953165,1.179853,54.089048,0.074768,84.0
country_4,2007-01-31,4.277608,2.134291,1.428909,0.933188,41.773651,0.07412,84.0
country_4,2007-02-28,4.277608,2.075558,1.493942,1.636563,60.576001,0.052805,84.75
country_4,2007-03-31,4.277608,1.893514,1.797386,1.828244,54.282545,0.057827,85.75
country_4,2007-04-30,4.277608,1.995403,1.824097,1.789225,39.743548,0.054484,85.75
country_4,2007-05-31,4.277608,1.991313,1.799187,0.711917,27.213361,0.074627,85.75
country_4,2007-06-30,4.277608,2.208263,1.747437,0.136879,52.393983,0.085589,85.75
country_4,2007-07-31,4.277608,2.604283,1.458917,0.09801,44.426219,0.058266,85.75
country_4,2007-08-31,4.277608,2.944416,1.102984,-0.429352,43.615803,0.044435,85.75
country_4,2007-09-30,4.277608,2.721637,1.306963,0.145985,69.878799,0.071947,85.75
country_4,2007-10-31,4.277608,2.329619,1.611781,0.783315,46.823645,0.077233,85.5
country_4,2007-11-30,4.277608,2.094109,1.927991,1.085681,55.9381,0.047934,85.25
country_4,2007-12-31,4.277608,2.014081,1.865019,0.33317,48.031054,0.051849,85.0
country_4,2008-01-31,4.634234,1.995953,2.025847,0.92456,99.930555,0.06228,85.0
country_4,2008-02-29,4.634234,1.779407,2.248493,0.608738,85.310907,0.047678,85.0
country_4,2008-03-31,4.634234,1.946996,2.144004,1.436335,62.390469,0.052641,85.0
country_4,2008-04-30,4.634234,1.955764,2.031036,1.535638,75.823656,0.050671,85.25
country_4,2008-05-31,4.634234,1.683588,2.326112,1.191053,49.913987,0.048848,85.25
country_4,2008-06-30,4.634234,1.44201,2.56469,1.288811,63.660379,0.150052,85.5
country_4,2008-07-31,4.634234,0.981321,3.209479,1.625379,67.924254,0.056145,85.5
country_4,2008-08-31,4.634234,1.071982,3.226918,0.646805,96.767946,0.046715,85.75
country_4,2008-09-30,4.634234,1.202173,3.071127,-0.680272,162.135513,0.07811,85.5
country_4,2008-10-31,4.634234,1.035365,2.784435,-2.448266,145.636533,0.021868,84.5
country_4,2008-11-30,4.634234,0.894047,2.256153,-3.289792,136.903195,0.040546,84.5
country_4,2008-12-31,4.634234,0.541097,1.945303,-0.429729,177.261845,0.05593,84.75
country_4,2009-01-31,1.228358,-0.116363,1.928563,-0.389826,175.239762,0.041467,84.25
country_4,2009-02-28,1.228358,-0.703907,1.961007,-0.487948,230.898508,0.030084,83.0
country_4,2009-03-31,1.228358,-0.91353,1.97553,-0.344432,158.524059,0.048574,82.25
country_4,2009-04-30,1.228358,-0.980958,1.822858,-1.198516,130.250174,0.046992,83.0
country_4,2009-05-31,1.228358,-0.811392,1.593492,-0.181818,105.509812,0.061133,83.75
country_4,2009-06-30,1.228358,-0.719727,1.417727,0.694043,84.092085,0.067682,79.5
country_4,2009-07-31,1.228358,0.168122,0.189478,-0.366124,109.17284,0.064955,80.0
country_4,2009-08-31,1.228358,0.069382,0.278118,0.827653,120.766775,0.028009,80.25
country_4,2009-09-30,1.228358,-0.013406,0.376606,2.485323,137.890504,0.045525,80.25
country_4,2009-10-31,1.228358,-0.340756,0.699456,4.730605,99.423985,0.053339,80.0
country_4,2009-11-30,1.228358,-0.607067,0.969467,4.942471,104.486277,0.049556,80.5
country_4,2009-12-31,1.228358,-0.756636,1.111236,1.373222,117.316804,0.245394,81.0
country_4,2010-01-31,0.81095,-0.473286,0.817286,-0.088054,107.267841,0.181153,81.0
country_4,2010-02-28,0.81095,-0.482079,0.822679,-0.970874,111.442673,0.080102,81.25
country_4,2010-03-31,0.81095,-0.664958,1.012658,-2.707373,88.353911,0.071273,82.5
country_4,2010-04-30,0.81095,-0.777947,1.131247,-3.109656,91.953219,0.081862,82.5
country_4,2010-05-31,0.81095,-0.610361,0.954261,-5.522002,181.537289,0.040944,81.5
country_4,2010-06-30,0.81095,-0.471237,0.825537,-7.074478,132.092371,0.02752,81.5
country_4,2010-07-31,0.81095,-1.131983,1.613083,-5.318635,118.136723,0.063304,81.75
country_4,2010-08-31,0.81095,-1.060976,1.486576,-5.639788,149.886444,0.090114,81.0
country_4,2010-09-30,0.81095,-1.124418,1.578018,-6.081726,181.912883,0.056267,81.25
country_4,2010-10-31,0.81095,-0.875326,1.576626,-4.88779,111.495138,0.049319,82.25
country_4,2010-11-30,0.81095,-0.96352,1.55612,-5.596339,122.373886,0.073373,82.25
country_4,2010-12-31,0.81095,-1.433516,1.931616,-5.931301,93.052097,0.090638,81.5
country_4,2011-01-31,1.3906,-1.195525,1.854525,-5.121426,114.761174,0.047064,82.0
country_4,2011-02-28,1.3906,-1.189471,1.896571,-3.267974,76.094983,0.073492,83.0
country_4,2011-03-31,1.3906,-1.18286,1.84156,-2.141306,84.444738,0.053236,82.25
country_4,2011-04-30,1.3906,-1.075603,2.041703,-0.407393,75.60087,0.067981,82.0
country_4,2011-05-31,1.3906,-1.128703,2.162103,1.16692,79.227865,0.042843,81.75
country_4,2011-06-30,1.3906,-1.026655,2.150655,2.297311,111.90159,0.064811,82.0
country_4,2011-07-31,1.3906,-1.944189,2.955989,1.35839,76.859299,0.051622,82.0
country_4,2011-08-31,1.3906,-2.056596,2.962396,1.709139,199.527569,0.044966,82.25
country_4,2011-09-30,1.3906,-1.688688,2.694188,0.426959,233.731106,0.024858,82.25
country_4,2011-10-31,1.3906,-1.688832,2.648432,-1.289742,123.093897,0.010536,82.25
country_4,2011-11-30,1.3906,-1.665988,2.455988,-1.019996,172.268847,0.028465,82.0
country_4,2011-12-31,1.3906,-1.790774,2.417774,-0.565727,135.12001,0.102693,82.0
country_4,2012-01-31,0.573183,-2.094924,2.474924,-1.610073,134.682289,0.037147,81.5
country_4,2012-02-29,0.573183,-2.112487,2.478087,-1.730139,124.587419,0.102838,81.5
country_4,2012-03-31,0.573183,-2.125645,2.482345,-2.379752,157.768842,0.051728,81.25
country_4,2012-04-30,0.573183,-2.006965,2.352065,-3.372244,98.854018,0.030355,81.25
country_4,2012-05-31,0.573183,-1.789981,2.126981,-3.650953,129.719489,0.046965,81.0
country_4,2012-06-30,0.573183,-1.805437,2.137437,-3.957704,134.404834,0.063592,77.75
country_4,2012-07-31,0.573183,-2.112695,2.296895,-4.33293,91.631298,0.05391,77.0
country_4,2012-08-31,0.573183,-2.151287,2.261387,-4.719259,107.850986,0.037369,77.5
country_4,2012-09-30,0.573183,-2.217425,2.316725,-2.884907,143.821383,0.032984,78.75
country_4,2012-10-31,0.573183,-2.785476,2.876176,-2.116884,107.489205,0.04187,79.0
country_4,2012-11-30,0.573183,-2.68985,2.76835,-2.020202,192.690889,0.021289,80.5
country_4,2012-12-31,0.573183,-2.818986,2.892386,-0.1862,175.365782,0.069897,81.0
country_4,2013-01-31,0.220667,-2.899401,2.968401,2.066506,159.446277,0.154123,80.75
country_4,2013-02-28,0.220667,-2.931244,2.998944,2.260652,160.56737,0.035524,80.0
country_4,2013-03-31,0.220667,-2.856366,2.923366,1.342836,158.423268,0.028367,79.75
country_4,2013-04-30,0.220667,-2.518563,2.599563,1.559112,212.294403,0.04118,79.5
country_4,2013-05-31,0.220667,-2.691268,2.769968,2.352696,143.621645,0.050509,79.5
country_4,2013-06-30,0.220667,-2.791272,2.877472,3.52312,202.514539,0.079912,79.5
country_4,2013-07-31,0.220667,-2.973428,3.066528,4.760902,92.528428,0.074615,79.5
country_4,2013-08-31,0.220667,-2.731538,2.813538,5.470483,161.313762,0.053568,79.25
country_4,2013-09-30,0.220667,-2.359733,2.440033,3.908693,133.505399,0.084661,79.0
country_4,2013-10-31,0.220667,-1.458761,1.552061,3.362997,92.306867,0.021701,79.25
country_4,2013-11-30,0.220667,-1.36248,1.46558,3.384359,101.505262,0.02651,79.75
country_4,2013-12-31,0.220667,-1.484976,1.653576,3.523681,96.39314,0.041632,80.25
country_4,2014-01-31,0.209933,-1.219482,1.415582,2.487153,104.979942,0.05106,80.75
country_4,2014-02-28,0.209933,-0.899277,1.055977,1.803178,87.280551,0.066363,80.75
country_4,2014-03-31,0.209933,-0.629768,0.821668,3.067985,99.60996,0.215814,80.75
country_4,2014-04-30,0.209933,-0.942006,1.195906,2.978853,74.540321,0.094648,80.75
country_4,2014-05-31,0.209933,-0.582885,0.830885,2.196908,80.014317,0.041392,81.25
country_4,2014-06-30,0.209933,-0.85992,0.93572,0.921706,78.62324,0.071383,81.25
country_4,2014-07-31,0.209933,-0.864416,0.907716,0.703801,70.459469,0.447164,81.25
country_4,2014-08-31,0.209933,-0.941405,0.959305,-0.220286,120.922642,0.157246,81.25
country_4,2014-09-30,0.209933,-0.881571,0.888171,-0.973016,130.823541,0.104367,81.25
country_4,2014-10-31,0.209933,-1.057132,1.052632,-1.621784,101.987441,0.03802,81.0
country_4,2014-11-30,0.209933,-0.967759,0.956159,-1.430298,68.560938,0.072426,81.0
country_4,2014-12-31,0.209933,-0.731605,0.701505,-1.811993,122.886218,0.060962,81.0
country_4,2015-01-31,-0.019367,-0.0506,0.0,-3.910951,78.789196,0.058634,79.5
country_4,2015-02-28,-0.019367,-0.157741,0.121741,-5.04353,62.053102,0.027367,79.75
country_4,2015-03-31,-0.019367,-0.412609,0.362209,-7.021361,95.141076,0.04531,79.5
country_4,2015-04-30,-0.019367,-0.615311,0.540811,-7.355119,43.446724,0.051014,79.5
country_4,2015-05-31,-0.019367,-1.211217,1.105417,-5.583201,76.004413,0.03848,79.75
country_4,2015-06-30,-0.019367,-1.116082,0.997582,-4.636692,106.169201,0.051966,79.75
country_4,2015-07-31,-0.019367,-1.067225,0.949525,-4.902157,109.463503,0.060609,79.75
country_4,2015-08-31,-0.019367,-0.831442,0.710142,-3.421977,103.431488,0.122514,80.25
country_4,2015-09-30,-0.019367,-0.675916,0.540216,-1.914506,108.093297,0.082652,80.75
country_4,2015-10-31,-0.019367,-0.709813,0.570913,-1.882568,69.645511,0.04866,81.5
country_4,2015-11-30,-0.019367,-0.739234,0.604534,-3.443695,61.8276,0.187215,81.5
country_4,2015-12-31,-0.019367,-0.885522,0.686522,-2.824225,99.419107,0.073775,82.75
country_4,2016-01-31,-0.263692,-0.809255,0.570555,-0.490503,105.062066,0.092696,82.5
country_4,2016-02-29,-0.263692,-0.858497,0.618097,1.4227,67.054387,0.063607,82.75
country_4,2016-03-31,-0.263692,-0.849104,0.561404,2.46756,98.400134,0.190123,82.5
country_4,2016-04-30,-0.263692,-0.347761,0.009961,2.941176,63.915726,0.079007,82.75
country_4,2016-05-31,-0.263692,-0.308182,-0.029818,1.865711,61.335462,0.063732,82.5
country_4,2016-06-30,-0.263692,-0.362431,0.029931,1.010314,99.892012,0.080238,82.5
country_4,2016-07-31,-0.263692,-0.091176,-0.237624,1.102362,79.836398,0.108039,82.5
country_4,2016-08-31,-0.263692,-0.527498,0.188698,0.415628,91.870828,0.072359,82.5
country_4,2016-09-30,-0.263692,-0.412652,0.069652,-0.506042,103.034391,0.085703,82.5
country_4,2016-10-31,-0.263692,-0.764885,0.418285,-0.114084,52.981423,0.073623,82.75
country_4,2016-11-30,-0.263692,-0.989661,0.640961,1.439306,80.042556,0.061535,82.75
country_4,2016-12-31,-0.263692,-1.333053,0.982653,-0.104921,91.349042,0.085878,82.75
country_4,2017-01-31,-0.32905,-2.012932,1.661432,-0.388044,91.484632,0.075972,82.75
country_4,2017-02-28,-0.32905,-2.155418,1.802618,-1.298836,78.253254,0.093623,82.25
country_4,2017-03-31,-0.32905,-1.480008,1.126508,-0.975711,104.774849,0.115362,82.25
country_4,2017-04-30,-0.32905,-1.930605,1.573705,-1.221532,48.856414,0.099821,83.25
country_4,2017-05-31,-0.32905,-1.42273,1.06383,-0.475993,58.010793,0.086312,83.25
country_4,2017-06-30,-0.32905,-1.465821,1.107121,0.385497,84.568708,0.067079,83.25
country_4,2017-07-31,-0.32905,-1.699317,1.339817,1.609553,27.63242,0.047687,82.75
country_4,2017-08-31,-0.32905,-1.733675,1.377875,1.997103,78.868464,0.053407,83.0
country_4,2017-09-30,-0.32905,-1.809825,1.451725,1.899523,92.739543,0.079892,83.0
country_4,2017-10-31,-0.32905,-1.68797,1.32897,1.75475,64.023312,0.052755,83.25
country_4,2017-11-30,-0.32905,-1.851837,1.502637,2.034429,89.513141,0.088369,83.75
country_4,2017-12-31,-0.32905,-1.593417,1.251117,2.604768,72.423795,0.05483,84.0
country_4,2018-01-31,-0.322092,-1.827273,1.464873,3.137503,57.683597,0.086768,83.5
country_4,2018-02-28,-0.322092,-1.571545,1.206845,3.43194,52.178665,0.027899,83.5
country_4,2018-03-31,-0.322092,-1.379279,1.015379,3.039832,91.343785,0.068125,83.25
country_4,2018-04-30,-0.322092,-1.47376,1.10806,3.364075,48.799938,0.034553,83.5
country_4,2018-05-31,-0.322092,-2.103769,1.741269,1.757122,67.967463,0.109253,84.25
country_4,2018-06-30,-0.322092,-2.068419,1.706619,1.079398,67.669605,0.066086,83.75
country_4,2018-07-31,-0.322092,-2.488759,2.125159,1.195708,35.090111,0.046962,83.75
country_4,2018-08-31,-0.322092,-2.441822,2.082722,0.476819,85.364523,0.098535,83.75
country_4,2018-09-30,-0.322092,-2.244499,1.881799,0.763981,94.995459,0.067199,84.0
country_4,2018-10-31,-0.322092,-2.470336,2.104336,0.510204,54.571814,0.107102,84.0
country_4,2018-11-30,-0.322092,-2.390712,2.029412,0.276074,48.090217,0.05934,83.5
country_4,2018-12-31,-0.322092,-2.321861,1.961361,0.419695,81.924878,0.070406,83.0
country_4,2019-01-31,-0.356333,-2.557139,2.190139,0.163332,89.803888,0.114747,83.25
country_4,2019-02-28,-0.356333,-2.966941,2.599941,-0.081425,113.967712,0.151072,83.25
country_4,2019-03-31,-0.356333,-3.197997,2.830097,-0.264496,82.06652,0.108451,83.5
country_4,2019-04-30,-0.356333,-3.247419,2.880419,-0.486667,84.895711,0.049243,83.25
country_4,2019-05-31,-0.356333,-2.803266,2.436666,0.316747,51.313334,0.073068,83.75
country_4,2019-06-30,-0.356333,-3.019214,2.657614,0.92412,79.221117,0.07766,83.25
country_4,2019-07-31,-0.356333,-2.879266,2.512466,-0.252474,70.266557,0.035395,83.25
country_4,2019-08-31,-0.356333,-3.206028,2.844828,0.444265,96.212375,0.030971,83.25
country_4,2019-09-30,-0.356333,-3.048703,2.645503,-0.586332,130.314937,0.093007,83.25
country_4,2019-10-31,-0.356333,-3.27199,2.722393,0.030457,92.972275,0.054654,83.0
country_4,2019-11-30,-0.356333,-3.095122,2.555972,-0.193739,74.89669,0.057218,82.75
country_4,2019-12-31,-0.356333,-3.26214,2.721939,-0.366972,95.471384,0.08737,82.75
country_4,2020-01-31,-0.42515,-2.382688,1.845267,-1.487974,57.253988,0.167659,82.75
country_4,2020-02-29,-0.42515,-2.129154,1.590931,-1.487216,42.556238,0.057958,82.5
country_4,2020-03-31,-0.42515,-1.940203,1.404574,0.815993,228.696261,0.111168,82.75
country_4,2020-04-30,-0.42515,-1.723251,1.187783,1.141111,150.606406,0.055708,76.75
country_4,2020-05-31,-0.42515,-1.710666,1.170474,1.07965,137.346503,0.054074,75.75
country_4,2020-06-30,-0.42515,-2.122318,1.577853,1.760098,147.175368,0.050757,76.5
country_4,2020-07-31,-0.42515,-2.224018,1.674462,2.875367,115.588882,0.040506,77.0
country_4,2020-08-31,-0.42515,-1.25992,0.707833,2.472859,119.433525,0.084599,77.0
country_4,2020-09-30,-0.42515,-1.658837,1.105904,3.315029,205.574785,0.147876,76.5
country_4,2020-10-31,-0.42515,-1.777112,1.222471,3.430427,134.727684,0.050618,76.5
country_4,2020-11-30,-0.42515,-1.380727,0.82451,2.973028,98.757338,0.073418,76.75
country_4,2020-12-31,-0.42515,-1.539495,0.983146,3.75486,78.308883,0.047214,76.75
country_4,2021-01-31,-0.548767,-2.122809,1.557044,3.848541,271.756537,0.017692,76.0
country_4,2021-02-28,-0.548767,-2.373348,1.809827,3.877572,195.106815,0.067659,76.0
country_4,2021-03-31,-0.548767,-2.454267,1.890501,1.406313,212.04869,0.052402,76.25
country_4,2021-04-30,-0.548767,-2.447926,1.881871,1.349854,193.922328,0.03259,76.25
country_4,2021-05-31,-0.548767,-2.691969,2.127263,1.440951,173.125153,0.063607,82.25
country_4,2021-06-30,-0.548767,-2.573241,2.009115,0.209958,170.973378,0.092833,82.5
country_4,2021-07-31,-0.548767,-1.983396,1.416874,-1.515599,189.078655,0.076185,82.5
country_4,2021-08-31,-0.548767,-2.954117,2.386017,-1.883461,201.281625,0.072411,82.5
country_4,2021-09-30,-0.548767,-3.266802,2.697442,-1.781496,211.947869,0.065543,82.5
country_4,2021-10-31,-0.548767,-3.990713,3.420301,-2.031204,187.239843,0.080656,82.5
country_4,2021-11-30,-0.548767,-5.740043,5.166806,-0.932632,229.32188,0.127932,81.0
country_4,2021-12-31,-0.548767,-6.288009,5.711637,-1.222759,258.409284,0.113552,80.25
country_4,2022-01-31,0.341567,-7.000205,6.42074,-0.647539,221.703667,0.252085,80.25
country_4,2022-02-28,0.341567,-6.747467,6.171134,-0.806291,175.822588,0.251686,80.5
country_4,2022-03-31,0.341567,-10.304901,9.727198,1.277063,298.188365,0.3948,80.5
country_4,2022-04-30,0.341567,-10.139304,9.555596,-0.357817,269.50296,0.221626,80.0
country_4,2022-05-31,0.341567,-9.345933,8.761191,-1.817821,275.87421,0.090544,79.75
country_4,2022-06-30,0.341567,-9.135556,8.552932,-1.935548,248.019355,0.194255,79.75
country_4,2022-07-31,0.341567,-10.858645,10.287581,-1.119217,292.80633,0.191704,78.75
country_4,2022-08-31,0.341567,-12.053825,11.959173,0.279944,235.831551,0.106585,78.5
country_4,2022-09-30,0.341567,-14.277413,14.531997,2.405051,248.854905,0.129602,78.5
country_4,2022-10-31,0.341567,-13.669813,14.325192,2.964744,265.082456,0.119278,79.25
country_4,2022-11-30,0.341567,-8.612324,9.878943,0.430646,311.348867,0.114032,79.75
country_4,2022-12-31,0.341567,-8.082914,9.586878,1.347709,239.854289,0.08059,80.75
country_4,2023-01-31,3.4306,-5.677488,7.5788,-0.040108,217.199179,0.195855,80.5
country_4,2023-02-28,3.4306,-5.763269,7.963911,0.561967,242.140833,0.133422,80.5
country_4,2023-03-31,3.4306,-1.894784,4.403147,-1.280662,313.653036,0.082557,80.25
country_4,2023-04-30,3.4306,-2.275779,5.17486,1.456359,255.37935,0.123217,80.25
country_4,2023-05-31,3.4306,-3.00997,6.056279,2.903683,211.346131,0.121168,80.25
country_4,2023-06-30,3.4306,-2.490496,5.695086,3.27602,221.458467,0.079516,80.25
country_4,2023-07-31,3.4306,-1.170233,4.573497,4.173825,191.731262,0.136612,80.0
country_4,2023-08-31,3.4306,0.584953,3.025413,2.751745,175.505155,0.157748,80.0
country_4,2023-09-30,3.4306,3.499739,0.212783,-0.127214,200.638478,0.07865,80.5
country_4,2023-10-31,3.4306,4.306519,-0.405458,-0.583658,190.443809,0.119424,80.25
country_4,2023-11-30,3.4306,2.254171,1.648573,1.396091,207.972104,0.075099,80.25
country_4,2023-12-31,3.4306,2.694862,1.20858,-0.088652,223.0237,0.199537,80.75
country_4,2024-01-31,3.736115,0.737322,3.165327,2.216872,239.697468,0.344482,80.875
country_4,2024-02-29,3.736115,1.096301,2.812374,1.536773,167.97191,0.189753,81.0
country_4,2024-03-31,3.736115,0.812378,3.094933,2.115557,179.48344,0.092206,81.25
country_4,2024-04-30,3.736115,1.202144,2.706134,0.875037,171.262734,0.120246,81.25
country_4,2024-05-31,3.736115,1.190346,2.716617,1.071674,184.164421,0.128456,81.25
country_4,2024-06-30,3.736115,0.543562,3.24247,1.18215,173.434379,0.120467,81.25
country_4,2024-07-31,3.736115,-0.026048,3.689137,1.076834,229.011641,0.073901,81.25
country_4,2024-08-31,3.736115,0.109148,3.555208,1.339026,191.11852,0.050639,80.75
country_4,2024-09-30,3.736115,0.092564,3.499528,1.851852,202.177624,0.026023,80.75
country_4,2024-10-31,3.736115,-0.17515,3.546543,1.575342,204.928419,0.105107,80.75
country_4,2024-11-30,3.736115,-0.854021,4.018987,1.180173,282.59266,0.107046,80.75
country_4,2024-12-31,3.736115,-0.993794,4.096481,0.89717,327.575037,0.097364,80.75
country_5,2000-01-31,6.187457,4.238494,1.114206,5.430682,53.748451,0.692405,85.5
country_5,2000-02-29,6.187457,4.589061,1.251739,4.111829,58.396511,0.731389,85.5
country_5,2000-03-31,6.187457,4.793812,0.968188,1.464866,61.960393,0.541976,85.25
country_5,2000-04-30,6.187457,4.970513,0.964187,3.010441,114.010429,0.530703,85.25
country_5,2000-05-31,6.187457,4.950662,0.961538,0.218984,46.368325,0.988833,85.0
country_5,2000-06-30,6.187457,4.665236,1.237964,-2.539683,133.216401,0.667087,84.25
country_5,2000-07-31,6.187457,4.743606,1.243094,-0.555084,73.7067,0.598998,84.5
country_5,2000-08-31,6.187457,4.920413,0.964187,-0.237675,42.748376,0.595097,84.0
country_5,2000-09-30,6.187457,4.752274,1.373626,-2.930292,55.577872,0.581802,83.5
country_5,2000-10-31,6.187457,4.439874,1.373626,-1.0437,55.821765,0.794655,82.75
country_5,2000-11-30,6.187457,4.472184,1.508916,-2.526696,68.991032,0.511694,83.5
country_5,2000-12-31,6.187457,4.50711,1.23119,-3.274766,66.450175,0.435333,83.5
country_5,2001-01-31,5.04343,4.681131,1.239669,-5.501305,38.407834,0.558627,83.25
country_5,2001-02-28,5.04343,4.608436,1.236264,-5.759593,56.693271,0.890911,82.8
country_5,2001-03-31,5.04343,4.168823,1.232877,-4.36123,91.642865,0.714618,83.25
country_5,2001-04-30,5.04343,3.815218,1.500682,-5.105061,100.989274,0.404065,84.5
country_5,2001-05-31,5.04343,3.615538,1.904762,-2.712477,98.256231,0.683371,84.75
country_5,2001-06-30,5.04343,2.877426,1.902174,-0.038778,74.842736,0.824699,84.75
country_5,2001-07-31,5.04343,3.657192,1.637108,0.186061,66.383725,0.699476,83.5
country_5,2001-08-31,5.04343,2.758215,2.046385,-1.544728,105.132699,0.729245,84.0
country_5,2001-09-30,5.04343,3.226584,1.626016,0.848051,205.256975,5.994583,84.25
country_5,2001-10-31,5.04343,3.106785,1.490515,-2.13218,158.7216,5.901983,83.0
country_5,2001-11-30,5.04343,2.359884,1.216216,-0.601759,146.115312,2.809365,83.0
country_5,2001-12-31,5.04343,3.232749,1.351351,-0.162325,108.114125,2.154141,83.5
country_5,2002-01-31,4.060289,1.999793,1.768707,1.506666,85.506579,1.635101,83.5
country_5,2002-02-28,4.060289,2.293492,1.763908,2.30177,70.793483,1.456326,84.0
country_5,2002-03-31,4.060289,2.283966,1.759134,0.746914,76.32832,1.485665,83.75
country_5,2002-04-30,4.060289,2.139097,1.612903,0.42102,78.088183,1.595092,83.75
country_5,2002-05-31,4.060289,2.725698,1.201602,-1.285626,67.406354,1.717211,83.75
country_5,2002-06-30,4.060289,2.433933,1.066667,-2.048258,86.879204,1.502252,83.25
country_5,2002-07-31,4.060289,2.38449,1.47651,-0.294049,88.472571,1.212754,82.75
country_5,2002-08-31,4.060289,2.800202,1.336898,0.757162,93.723995,1.306957,82.75
country_5,2002-09-30,4.060289,2.537767,1.333333,0.655763,127.272731,2.34351,82.75
country_5,2002-10-31,4.060289,2.486264,1.602136,1.380059,108.429754,1.964741,82.5
country_5,2002-11-30,4.060289,2.049964,1.602136,0.690779,115.099583,1.903247,82.25
country_5,2002-12-31,4.060289,2.661967,1.733333,0.348405,118.642592,2.055518,82.0
country_5,2003-01-31,3.735161,2.333812,1.470588,-1.002487,146.059413,2.747596,82.0
country_5,2003-02-28,3.735161,2.257633,1.466667,-2.490496,178.738873,3.599808,85.0
country_5,2003-03-31,3.735161,2.323855,1.595745,-3.660059,174.972735,5.559713,83.25
country_5,2003-04-30,3.735161,2.031698,1.587302,-4.891304,153.506448,3.620147,84.5
country_5,2003-05-31,3.735161,2.368239,1.319261,-5.154558,93.713759,2.00731,85.5
country_5,2003-06-30,3.735161,2.466165,1.187335,-2.550495,125.006475,1.7085,85.25
country_5,2003-07-31,3.735161,1.969549,1.322751,-5.23865,80.936638,1.4571,85.0
country_5,2003-08-31,3.735161,2.186039,1.319261,-5.748373,83.362627,1.466977,83.75
country_5,2003-09-30,3.735161,2.202111,1.315789,-6.499578,65.412855,1.365107,83.75
country_5,2003-10-31,3.735161,2.04094,1.31406,-5.63628,62.298289,1.097331,83.75
country_5,2003-11-30,3.735161,2.23424,1.31406,-4.378324,78.44788,1.486564,84.0
country_5,2003-12-31,3.735161,2.467184,1.310616,-3.726564,46.291194,1.306065,84.0
country_5,2004-01-31,4.637821,2.266625,1.449275,-0.408195,24.035942,1.294518,84.25
country_5,2004-02-29,4.637821,2.641834,1.445466,3.365691,57.130154,1.183396,83.5
country_5,2004-03-31,4.637821,2.72599,1.17801,4.495747,61.884704,1.758701,83.25
country_5,2004-04-30,4.637821,2.849733,1.041667,5.159184,38.552354,1.665872,84.0
country_5,2004-05-31,4.637821,2.770708,1.432292,6.187443,42.882165,1.22631,84.25
country_5,2004-06-30,4.637821,2.798263,1.564537,5.624644,49.439137,1.370067,84.5
country_5,2004-07-31,4.637821,3.026269,1.436031,6.289926,52.617274,1.260669,84.5
country_5,2004-08-31,4.637821,3.197708,1.432292,6.016768,39.393721,1.407423,84.0
country_5,2004-09-30,4.637821,3.562569,1.168831,3.828183,49.166224,1.570305,84.0
country_5,2004-10-31,4.637821,3.432683,1.297017,1.588459,67.129161,1.139226,84.0
country_5,2004-11-30,4.637821,3.18438,1.55642,1.007658,68.726026,1.501006,78.25
country_5,2004-12-31,4.637821,3.080041,1.681759,2.227921,44.909516,0.990759,78.0
country_5,2005-01-31,4.760168,3.071588,1.688312,-1.261133,43.989647,1.025765,78.25
country_5,2005-02-28,4.760168,3.132062,1.683938,-2.940497,39.645349,1.206447,81.75
country_5,2005-03-31,4.760168,2.821308,1.940492,-2.232558,34.07871,0.99937,81.75
country_5,2005-04-30,4.760168,2.87951,1.93299,-1.249806,69.057126,0.838753,81.75
country_5,2005-05-31,4.760168,2.782354,1.925546,-1.557996,71.77109,1.085526,80.75
country_5,2005-06-30,4.760168,2.867954,1.925546,-2.123894,59.403875,0.761888,80.75
country_5,2005-07-31,4.760168,2.437998,2.316602,-4.831253,47.414013,3.10468,81.0
country_5,2005-08-31,4.760168,2.266845,2.310655,-3.473407,48.541706,1.699359,81.25
country_5,2005-09-30,4.760168,1.982506,2.567394,-1.089531,70.332477,1.32313,81.5
country_5,2005-10-31,4.760168,1.991822,2.432778,-1.172716,40.613034,0.950876,81.5
country_5,2005-11-30,4.760168,2.374663,2.171137,-1.197127,47.559237,0.969837,80.75
country_5,2005-12-31,4.760168,2.47525,2.16285,-2.822201,33.106582,0.931356,79.25
country_5,2006-01-31,4.849209,2.311763,2.171137,-2.235172,44.04005,1.206525,79.75
country_5,2006-02-28,4.849209,2.259895,2.165605,-2.902689,37.132062,1.241761,79.5
country_5,2006-03-31,4.849209,2.509743,2.030457,-3.671107,42.456447,1.038737,79.75
country_5,2006-04-30,4.849209,2.217199,2.275601,-4.590834,37.086608,0.977719,79.75
country_5,2006-05-31,4.849209,2.116353,2.392947,-0.728021,74.022674,1.044441,80.25
country_5,2006-06-30,4.849209,1.926364,2.644836,-1.415206,59.820569,1.26326,80.0
country_5,2006-07-31,4.849209,2.030177,2.515723,1.311635,47.543782,1.689747,80.0
country_5,2006-08-31,4.849209,2.167719,2.634881,2.698795,67.213229,2.149288,79.75
country_5,2006-09-30,4.849209,2.286071,2.503129,2.227011,56.234483,1.38109,79.5
country_5,2006-10-31,4.849209,2.3255,2.5,3.519535,65.25508,1.247209,80.0
country_5,2006-11-30,4.849209,2.2468,2.75,4.006462,59.490589,1.008046,80.75
country_5,2006-12-31,4.849209,2.220141,2.864259,5.106486,64.4887,1.001235,80.75
country_5,2007-01-31,6.002207,2.5981,2.625,6.662856,49.232184,0.917233,80.25
country_5,2007-02-28,6.002207,2.575158,2.743142,6.232133,53.071934,1.042904,80.25
country_5,2007-03-31,6.002207,2.318125,2.985075,5.498395,77.055228,1.090036,80.25
country_5,2007-04-30,6.002207,2.572093,2.719407,5.948752,60.964843,0.830075,80.25
country_5,2007-05-31,6.002207,3.017775,2.460025,1.960941,66.573947,1.015574,80.25
country_5,2007-06-30,6.002207,3.155312,2.453988,2.735465,53.468607,1.077791,80.25
country_5,2007-07-31,6.002207,3.88021,1.96319,2.972908,48.757679,1.443693,80.75
country_5,2007-08-31,6.002207,3.95671,1.95599,0.351947,77.388683,0.917256,81.25
country_5,2007-09-30,6.002207,3.870998,1.953602,-1.2337,132.265755,0.93531,81.25
country_5,2007-10-31,6.002207,3.579978,2.195122,-1.988459,91.69292,0.881032,81.25
country_5,2007-11-30,6.002207,3.477764,2.311436,-3.595837,131.623218,0.955691,80.75
country_5,2007-12-31,6.002207,3.296158,2.300242,-6.224576,150.873214,1.111507,80.75
country_5,2008-01-31,5.511412,3.068846,2.436054,-10.579499,138.572895,0.691309,80.5
country_5,2008-02-29,5.511412,2.662297,2.669903,-10.695064,145.784886,0.705636,80.5
country_5,2008-03-31,5.511412,2.771568,2.536232,-10.743544,168.749419,0.644082,80.5
country_5,2008-04-30,5.511412,2.071576,3.008424,-12.605957,129.510885,0.627059,80.5
country_5,2008-05-31,5.511412,1.670055,3.361345,-12.117895,112.518076,0.543428,80.25
country_5,2008-06-30,5.511412,1.320025,3.712575,-12.52911,107.009988,0.877479,80.25
country_5,2008-07-31,5.511412,0.798107,4.211793,-12.7435,113.386428,0.898312,78.75
country_5,2008-08-31,5.511412,0.560549,4.436451,-13.155639,143.644647,0.750776,78.0
country_5,2008-09-30,5.511412,0.102081,4.790419,-13.257965,191.059635,0.758315,77.0
country_5,2008-10-31,5.511412,0.234889,4.176611,-13.008195,242.23438,0.656045,75.75
country_5,2008-11-30,5.511412,-1.020394,3.804994,-17.119149,169.549055,0.72645,75.75
country_5,2008-12-31,5.511412,-1.424423,3.076923,-20.608938,123.492293,0.8315,74.5
country_5,2009-01-31,1.213653,-1.646652,2.972652,-19.030905,129.445902,0.794775,74.0
country_5,2009-02-28,1.213653,-2.175986,3.073286,-15.738269,129.952846,0.530235,73.5
country_5,2009-03-31,1.213653,-2.304455,2.826855,-16.503497,111.896808,0.697384,73.5
country_5,2009-04-30,1.213653,-1.809726,2.219626,-13.276384,111.689082,0.903702,74.0
country_5,2009-05-31,1.213653,-1.677292,2.090592,-11.208967,116.610891,0.629315,73.5
country_5,2009-06-30,1.213653,-1.316302,1.732102,-7.463614,154.186357,0.691859,74.0
country_5,2009-07-31,1.213653,-1.199328,1.616628,-7.506893,128.961455,0.74125,74.5
country_5,2009-08-31,1.213653,-0.955727,1.377727,-6.70376,117.748322,0.576184,72.25
country_5,2009-09-30,1.213653,-0.484086,0.914286,-7.829019,100.07635,1.149513,72.75
country_5,2009-10-31,1.213653,-0.812823,1.260023,-9.694531,107.542404,0.824977,73.0
country_5,2009-11-30,1.213653,-1.038218,1.489118,-1.924572,107.572001,0.728091,73.25
country_5,2009-12-31,1.213653,-1.61739,2.06659,3.474227,135.977822,0.885027,74.0
country_5,2010-01-31,0.699774,-2.085916,2.540416,6.671601,148.265562,1.134977,73.75
country_5,2010-02-28,0.699774,-1.59702,2.06422,2.207009,143.342396,0.946659,73.75
country_5,2010-03-31,0.699774,-1.934198,2.405498,0.95268,160.088689,0.74328,74.0
country_5,2010-04-30,0.699774,-2.270257,2.742857,1.467269,161.004459,0.754556,74.0
country_5,2010-05-31,0.699774,-2.018644,2.502844,-0.971847,243.538578,0.818889,74.75
country_5,2010-06-30,0.699774,-1.896655,2.383655,-2.714108,184.018279,0.925353,75.5
country_5,2010-07-31,0.699774,-1.782727,2.272727,-2.067506,142.861633,0.931983,76.0
country_5,2010-08-31,0.699774,-1.887256,2.378256,-0.269334,165.984225,0.634551,76.75
country_5,2010-09-30,0.699774,-1.877256,2.378256,0.346089,127.902621,0.618934,77.25
country_5,2010-10-31,0.699774,-1.980388,2.488688,0.324083,177.802865,0.766095,77.25
country_5,2010-11-30,0.699774,-2.087337,2.595937,0.099108,153.248433,1.048181,77.25
country_5,2010-12-31,0.699774,-2.632306,3.149606,0.567899,122.778992,1.042335,77.0
country_5,2011-01-31,0.87458,-2.872478,3.378378,0.38656,123.680148,0.724061,77.25
country_5,2011-02-28,0.87458,-3.199465,3.707865,2.49925,119.121279,1.001818,77.25
country_5,2011-03-31,0.87458,-3.064018,3.579418,4.231048,131.422538,1.916486,76.75
country_5,2011-04-30,0.87458,-3.25798,3.78198,1.355041,97.93699,1.059072,76.75
country_5,2011-05-31,0.87458,-3.251885,3.773585,1.537839,94.244069,1.049663,76.75
country_5,2011-06-30,0.87458,-3.127437,3.658537,-2.16877,122.697666,0.867749,77.0
country_5,2011-07-31,0.87458,-3.366089,3.888889,-2.680676,149.028294,0.844395,77.0
country_5,2011-08-31,0.87458,-3.333681,3.871681,-2.874228,177.753123,0.906809,76.5
country_5,2011-09-30,0.87458,-3.986798,4.535398,-0.886874,153.327644,0.696023,76.25
country_5,2011-10-31,0.87458,-3.768836,4.304636,1.706037,149.690907,0.684811,75.5
country_5,2011-11-30,0.87458,-3.645718,4.180418,1.009901,209.898493,0.81836,74.5
country_5,2011-12-31,0.87458,-3.078591,3.598691,1.90212,140.627979,0.859577,73.75
country_5,2012-01-31,0.827251,-2.643341,3.159041,1.125592,137.261554,0.83581,73.75
country_5,2012-02-29,0.827251,-2.642628,3.141928,-0.107286,132.020228,1.055037,74.25
country_5,2012-03-31,0.827251,-2.533758,3.023758,1.930156,103.729637,0.92765,74.25
country_5,2012-04-30,0.827251,-2.30061,2.78671,4.010775,109.312692,1.088977,74.25
country_5,2012-05-31,0.827251,-2.082045,2.566845,5.400558,151.785179,0.762283,74.25
country_5,2012-06-30,0.827251,-1.760089,2.245989,5.421201,169.649076,0.931433,74.75
country_5,2012-07-31,0.827251,-1.888341,2.352941,7.03259,129.983231,0.866418,74.75
country_5,2012-08-31,0.827251,-1.892918,2.342918,5.481629,98.178688,0.698804,74.75
country_5,2012-09-30,0.827251,-1.583482,2.010582,5.736727,124.435433,0.597376,74.75
country_5,2012-10-31,0.827251,-2.000462,2.433862,5.121588,153.992291,0.77111,74.75
country_5,2012-11-30,0.827251,-2.003122,2.428722,4.107038,162.100964,0.777064,74.75
country_5,2012-12-31,0.827251,-1.990153,2.421053,3.33463,140.643899,0.733924,73.75
country_5,2013-01-31,0.512661,-2.019022,2.428722,1.78676,187.770221,1.097207,73.75
country_5,2013-02-28,0.512661,-1.989866,2.415966,-1.093536,97.381306,0.714427,73.75
country_5,2013-03-31,0.512661,-2.080423,2.515723,-2.118106,108.963345,0.811999,73.5
country_5,2013-04-30,0.512661,-1.750181,2.189781,-2.388489,101.408147,0.86478,73.75
country_5,2013-05-31,0.512661,-1.964732,2.398332,-3.374929,72.982437,0.970488,74.0
country_5,2013-06-30,0.512661,-2.08526,2.51046,-1.844772,90.508136,0.88664,74.0
country_5,2013-07-31,0.512661,-1.973244,2.403344,-4.289216,68.187995,0.820767,74.0
country_5,2013-08-31,0.512661,-1.96634,2.39334,-2.984372,91.647729,1.209107,74.25
country_5,2013-09-30,0.512661,-1.955992,2.385892,-1.015515,94.262174,1.177557,74.25
country_5,2013-10-31,0.512661,-1.634816,2.066116,-0.698706,110.996373,0.784838,74.25
country_5,2013-11-30,0.512661,-1.42567,1.85567,0.197721,82.074792,0.905132,74.5
country_5,2013-12-31,0.512661,-1.531224,1.952724,1.458275,89.423936,0.595337,76.5
country_5,2014-01-31,0.542949,-1.323877,1.752577,4.345324,103.998733,0.683425,76.5
country_5,2014-02-28,0.542949,-1.221326,1.641026,7.98618,117.695532,0.593115,76.5
country_5,2014-03-31,0.542949,-1.117842,1.533742,8.585959,111.047896,1.510698,76.5
country_5,2014-04-30,0.542949,-1.210653,1.632653,7.930425,71.126232,0.792681,76.5
country_5,2014-05-31,0.542949,-1.002362,1.425662,8.071617,90.164919,0.726246,76.5
country_5,2014-06-30,0.542949,-1.411635,1.836735,8.72529,68.777371,0.955742,78.0
country_5,2014-07-31,0.542949,-1.204353,1.632653,11.149414,62.335446,1.416019,78.0
country_5,2014-08-31,0.542949,-1.10159,1.52439,8.549248,132.473332,1.29107,78.0
country_5,2014-09-30,0.542949,-0.885223,1.317123,5.709129,176.283712,1.537412,78.0
country_5,2014-10-31,0.542949,-0.884989,1.315789,5.714557,95.969213,1.007528,78.0
country_5,2014-11-30,0.542949,-0.68086,1.11336,3.890246,86.566503,0.98982,78.0
country_5,2014-12-31,0.542949,-0.277645,0.705645,3.171365,121.591087,0.814283,78.75
country_5,2015-01-31,0.574149,-0.071086,0.506586,2.509653,135.730436,1.105667,78.75
country_5,2015-02-28,0.574149,0.047467,0.403633,4.177713,119.08362,1.094691,79.75
country_5,2015-03-31,0.574149,0.154685,0.302115,4.674442,131.498648,0.947399,79.25
country_5,2015-04-30,0.574149,0.156195,0.301205,3.277793,170.473333,0.777962,79.25
country_5,2015-05-31,0.574149,-0.040008,0.502008,4.209669,140.91246,0.564368,81.75
country_5,2015-06-30,0.574149,0.155999,0.300601,4.003583,148.816561,0.740516,81.75
country_5,2015-07-31,0.574149,0.053294,0.401606,4.324324,136.100106,1.099615,82.0
country_5,2015-08-31,0.574149,0.0586,0.4004,6.016449,86.143683,0.706814,82.25
country_5,2015-09-30,0.574149,0.2544,0.2,4.601006,135.075006,1.061423,82.0
country_5,2015-10-31,0.574149,0.2624,0.1998,4.182407,89.914531,1.005636,82.0
country_5,2015-11-30,0.574149,0.0632,0.4004,6.955499,120.862145,1.579909,82.0
country_5,2015-12-31,0.574149,-0.043001,0.500501,4.413086,82.872787,1.303364,80.25
country_5,2016-01-31,0.498992,-0.239745,0.705645,0.789167,135.632317,1.024286,79.75
country_5,2016-02-29,0.498992,-0.137315,0.603015,-3.588979,190.816715,0.949212,80.0
country_5,2016-03-31,0.498992,-0.338613,0.803213,-5.009651,290.929521,0.96872,79.5
country_5,2016-04-30,0.498992,-0.234401,0.700701,-5.712774,197.170798,0.896965,79.25
country_5,2016-05-31,0.498992,-0.236001,0.699301,-5.056033,246.754909,1.010607,79.5
country_5,2016-06-30,0.498992,-0.439301,0.899101,-7.750603,503.942492,1.038373,77.75
country_5,2016-07-31,0.498992,-0.4423,0.9,-14.813556,558.223642,1.085302,77.5
country_5,2016-08-31,0.498992,-0.649508,0.897308,-16.426343,311.364832,0.7546,77.5
country_5,2016-09-30,0.498992,-1.084405,1.297405,-14.527491,209.637938,0.851986,77.5
country_5,2016-10-31,0.498992,-1.084112,1.296112,-18.613485,270.023492,0.780406,77.0
country_5,2016-11-30,0.498992,-1.284713,1.495513,-17.809725,358.828409,0.72304,77.5
country_5,2016-12-31,0.498992,-1.580329,1.792829,-14.246363,196.343694,0.724599,78.0
country_5,2017-01-31,0.358952,-1.688402,1.901902,-13.195124,257.848397,0.815438,78.0
country_5,2017-02-28,0.358952,-2.087102,2.297702,-10.366797,194.044705,0.903183,78.0
country_5,2017-03-31,0.358952,-2.081337,2.290837,-10.205967,232.459726,0.927706,77.75
country_5,2017-04-30,0.358952,-2.373093,2.584493,-7.274427,169.176036,0.835347,78.0
country_5,2017-05-31,0.358952,-2.465971,2.678571,-8.381371,159.401445,0.995126,77.75
country_5,2017-06-30,0.358952,-2.263148,2.475248,-8.551158,318.99116,1.573787,77.75
country_5,2017-07-31,0.358952,-2.364409,2.576809,-2.263436,183.658951,0.688815,77.5
country_5,2017-08-31,0.358952,-2.553598,2.766798,-2.693976,151.204298,0.972015,77.75
country_5,2017-09-30,0.358952,-2.546321,2.758621,-1.206151,140.778816,1.153443,77.75
country_5,2017-10-31,0.358952,-2.544906,2.755906,4.518935,184.030051,0.982063,77.5
country_5,2017-11-30,0.358952,-2.399423,2.848723,2.140138,214.970081,0.500757,77.5
country_5,2017-12-31,0.358952,-2.277826,2.739726,0.441678,160.722304,0.625971,77.5
country_5,2018-01-31,0.722836,-2.189159,2.652259,2.767528,123.159997,0.715835,77.25
country_5,2018-02-28,0.722836,-1.978006,2.441406,2.081641,109.748733,0.67423,77.25
country_5,2018-03-31,0.722836,-1.873204,2.336904,3.384077,116.605403,1.550854,77.5
country_5,2018-04-30,0.722836,-1.766982,2.228682,2.641928,102.28703,1.658532,78.0
country_5,2018-05-31,0.722836,-1.865941,2.318841,0.109857,121.543696,1.374065,78.0
country_5,2018-06-30,0.722836,-1.868141,2.318841,1.919151,105.486768,1.057371,78.0
country_5,2018-07-31,0.722836,-1.864341,2.318841,1.693532,129.622642,1.114289,78.0
country_5,2018-08-31,0.722836,-1.712746,2.403846,2.913729,121.629748,1.173467,77.75
country_5,2018-09-30,0.722836,-1.503977,2.205177,1.831315,157.315821,0.676187,78.0
country_5,2018-10-31,0.722836,-1.501965,2.203065,1.908048,183.252666,0.848575,77.75
country_5,2018-11-30,0.722836,-1.399542,2.101242,1.370001,191.966457,0.928241,77.75
country_5,2018-12-31,0.722836,-1.2974,2.0,-1.209274,239.69103,1.05609,76.75
country_5,2019-01-31,0.80785,-1.112882,1.818182,-0.768003,309.97245,0.777731,77.5
country_5,2019-02-28,0.80785,-1.105149,1.811249,0.169104,196.959465,1.015013,77.5
country_5,2019-03-31,0.80785,-1.102502,1.807802,1.402845,212.782542,0.709101,77.75
country_5,2019-04-30,0.80785,-1.282421,1.990521,-0.422438,135.51848,0.814755,78.25
country_5,2019-05-31,0.80785,-1.179174,1.888574,0.498803,158.682606,1.306628,78.0
country_5,2019-06-30,0.80785,-1.180074,1.888574,-1.211939,149.805601,0.99232,78.0
country_5,2019-07-31,0.80785,-1.274003,1.983003,-2.447833,202.04378,1.234404,78.0
country_5,2019-08-31,0.80785,-0.980041,1.690141,-3.143577,238.915712,1.150341,77.75
country_5,2019-09-30,0.80785,-0.978755,1.688555,-1.828354,187.410116,0.956641,78.25
country_5,2019-10-31,0.80785,-0.788731,1.499531,-0.776815,233.311564,1.097284,77.75
country_5,2019-11-30,0.80785,-0.786226,1.496726,1.073239,205.597074,0.805458,77.75
country_5,2019-12-31,0.80785,-0.59709,1.30719,3.965604,271.304062,0.810601,78.25
country_5,2020-01-31,0.295,-1.074414,1.785714,2.784199,198.156491,1.685418,78.5
country_5,2020-02-29,0.295,-0.974993,1.685393,2.204568,139.621922,0.82033,78.75
country_5,2020-03-31,0.295,-1.176127,1.495327,-3.463501,281.207271,0.842312,77.75
country_5,2020-04-30,0.295,-0.863468,0.929368,-0.838595,185.352083,0.612785,72.5
country_5,2020-05-31,0.295,-0.581349,0.648749,-1.330157,230.75636,0.599315,72.25
country_5,2020-06-30,0.295,-0.769506,0.834106,0.030417,167.697864,0.664452,72.25
country_5,2020-07-31,0.295,-1.051211,1.111111,1.758536,189.961939,0.661596,72.25
country_5,2020-08-31,0.295,-0.405481,0.461681,4.23385,176.548843,0.578833,72.25
country_5,2020-09-30,0.295,-0.683307,0.738007,1.119479,184.516752,0.734899,72.25
country_5,2020-10-31,0.295,-0.777225,0.831025,-0.311151,189.124774,0.662252,72.25
country_5,2020-11-30,0.295,-0.499295,0.552995,-1.474781,214.461654,0.637819,72.25
country_5,2020-12-31,0.295,-0.780293,0.829493,-2.880218,207.606508,0.443815,72.25
country_5,2021-01-31,0.09,-0.873961,0.923361,-1.730882,112.639057,0.5573,77.25
country_5,2021-02-28,0.09,-0.688048,0.736648,-0.825884,138.009946,0.705587,77.25
country_5,2021-03-31,0.09,-0.964291,1.012891,5.102145,142.405944,0.733624,77.75
country_5,2021-04-30,0.09,-1.608859,1.657459,2.825589,95.280677,0.800782,77.75
country_5,2021-05-31,0.09,-2.160445,2.209945,4.859155,98.111935,0.890504,77.75
country_5,2021-06-30,0.09,-2.339906,2.389706,5.899047,90.334938,0.728741,78.0
country_5,2021-07-31,0.09,-1.964052,2.014652,5.214755,88.283767,0.54226,77.25
country_5,2021-08-31,0.09,-2.982688,3.033088,4.520958,79.109104,0.955829,77.5
country_5,2021-09-30,0.09,-2.880403,2.930403,4.730274,78.700929,1.029963,77.5
country_5,2021-10-31,0.09,-3.795954,3.846154,5.859847,103.989792,0.7035,77.5
country_5,2021-11-30,0.09,-4.536151,4.582951,4.690151,75.317495,1.004501,77.5
country_5,2021-12-31,0.09,-4.730507,4.844607,5.08967,174.83134,1.184893,76.0
country_5,2022-01-31,2.000833,-4.653239,4.849039,5.065181,88.199174,1.716114,76.5
country_5,2022-02-28,2.000833,-5.064561,5.484461,3.046929,80.715154,2.90446,76.75
country_5,2022-03-31,2.000833,-5.636424,6.198724,0.696258,170.045039,3.914299,77.0
country_5,2022-04-30,2.000833,-7.099255,7.789855,1.770682,123.435147,2.397061,76.75
country_5,2022-05-31,2.000833,-6.922038,7.837838,-0.80591,105.195124,1.692038,76.75
country_5,2022-06-30,2.000833,-7.092061,8.168761,-1.761103,118.81206,1.607017,76.25
country_5,2022-07-31,2.000833,-7.606327,8.797127,-1.421573,184.272491,1.132799,76.25
country_5,2022-08-31,2.000833,-7.030988,8.652988,-1.604125,124.289079,1.154666,75.75
country_5,2022-09-30,2.000833,-6.950929,8.807829,-4.583894,230.059405,1.354934,75.0
country_5,2022-10-31,2.000833,-7.426293,9.611993,-3.614229,399.80611,1.260934,75.75
country_5,2022-11-30,2.000833,-6.517839,9.377739,-1.849204,220.10556,1.094703,76.75
country_5,2022-12-31,2.000833,-6.0636,9.2415,-0.495757,167.631009,1.035274,76.75
country_5,2023-01-31,4.960834,-5.473024,8.900524,-3.419208,140.06709,1.080364,73.5
country_5,2023-02-28,4.960834,-5.283342,9.185442,-2.852253,121.210555,1.047365,73.0
country_5,2023-03-31,4.960834,-4.838102,8.841202,-0.979545,132.894919,0.908126,73.5
country_5,2023-04-30,4.960834,-3.637726,7.815126,-0.142613,132.916629,0.985733,74.25
country_5,2023-05-31,4.960834,-3.500166,7.852966,3.38524,118.001926,1.078396,74.5
country_5,2023-06-30,4.960834,-2.798692,7.385892,6.098987,118.061623,1.107101,73.75
country_5,2023-07-31,4.960834,-1.505444,6.435644,6.430868,118.847582,1.02459,73.75
country_5,2023-08-31,4.960834,-1.078837,6.239737,5.58952,116.075905,1.110302,73.5
country_5,2023-09-30,4.960834,-1.19236,6.37776,8.893141,130.476448,1.179745,74.0
country_5,2023-10-31,4.960834,0.440519,4.746581,5.456878,107.933823,2.233236,73.75
country_5,2023-11-30,4.960834,1.020833,4.166667,4.107993,115.962012,1.445647,73.5
country_5,2023-12-31,4.960834,1.03696,4.15004,3.8421,120.871183,1.609166,73.75
country_5,2024-01-31,5.135833,1.020833,4.166667,6.276356,100.653447,1.878993,75.375
country_5,2024-02-29,5.135833,1.378776,3.809524,6.204737,114.040669,1.648891,77.0
country_5,2024-03-31,5.135833,1.403611,3.785489,5.819028,135.563948,1.38923,76.75
country_5,2024-04-30,5.135833,2.158149,3.039751,3.475198,102.665847,1.999873,76.75
country_5,2024-05-31,5.135833,2.411464,2.788536,2.104968,144.783289,1.253976,76.5
country_5,2024-06-30,5.135833,2.417929,2.782071,1.239669,146.597574,1.223688,77.5
country_5,2024-07-31,5.135833,2.176744,3.023256,1.208459,183.282138,1.065402,78.75
country_5,2024-08-31,5.135833,1.85881,3.09119,0.928224,119.10125,1.588809,78.25
country_5,2024-09-30,5.135833,2.336626,2.613374,2.839438,202.177624,1.639451,78.25
country_5,2024-10-31,5.135833,1.800998,3.149002,4.575653,204.928419,1.452949,78.25
country_5,2024-11-30,5.135833,1.209138,3.538462,4.076493,282.59266,1.517537,78.25
country_5,2024-12-31,5.135833,1.175096,3.524904,3.358553,327.575037,1.530009,78.25
country_6,2000-01-31,4.391766,0.164648,2.878252,-2.871266,65.061983,0.062946,75.0
country_6,2000-02-29,4.391766,0.31289,2.96281,-2.859261,59.253423,0.051592,76.25
country_6,2000-03-31,4.391766,0.593219,2.917181,-2.923355,61.726902,0.035584,75.75
country_6,2000-04-30,4.391766,0.720699,2.964301,-2.661678,64.590236,0.038978,78.0
country_6,2000-05-31,4.391766,0.781282,3.138718,-2.969872,85.762419,0.051147,77.0
country_6,2000-06-30,4.391766,0.865708,3.428792,-1.12202,89.099355,0.057261,77.5
country_6,2000-07-31,4.391766,0.700541,3.608059,-1.224753,67.232284,0.068203,79.0
country_6,2000-08-31,4.391766,0.817714,3.601386,-2.580783,54.394554,0.04145,79.5
country_6,2000-09-30,4.391766,0.920768,3.669732,-3.01179,60.644905,0.05874,78.75
country_6,2000-10-31,4.391766,0.788867,3.973833,-3.48775,68.777395,0.074241,78.25
country_6,2000-11-30,4.391766,0.76377,4.06533,-2.331606,104.664265,0.063962,78.5
country_6,2000-12-31,4.391766,0.870155,3.956645,-0.412326,100.708759,0.058662,79.0
country_6,2001-01-31,4.261783,1.103564,3.652336,0.790471,66.006069,0.046311,79.75
country_6,2001-02-28,4.261783,1.146699,3.845801,1.210073,108.940409,0.060026,80.5
country_6,2001-03-31,4.261783,0.909814,3.871586,1.905388,79.77207,0.038332,79.75
country_6,2001-04-30,4.261783,1.085534,3.978666,2.031627,67.670934,0.036185,80.75
country_6,2001-05-31,4.261783,0.454898,4.198702,1.889503,67.174599,0.045558,80.75
country_6,2001-06-30,4.261783,0.305201,4.234299,0.360065,50.170448,0.148863,80.25
country_6,2001-07-31,4.261783,0.64623,3.85927,0.793996,49.44587,0.04705,80.25
country_6,2001-08-31,4.261783,0.81571,3.67559,2.747674,35.77347,0.074794,80.5
country_6,2001-09-30,4.261783,0.591853,3.394647,3.757321,196.933409,0.397231,80.25
country_6,2001-10-31,4.261783,0.948121,3.023179,3.957433,168.528109,0.344742,80.25
country_6,2001-11-30,4.261783,0.816678,2.690622,2.984085,110.790603,0.267559,80.75
country_6,2001-12-31,4.261783,0.631294,2.707606,1.786882,122.910453,0.149992,80.5
country_6,2002-01-31,3.318592,0.763278,2.530322,-0.290073,139.735284,0.13702,80.5
country_6,2002-02-28,3.318592,1.000004,2.282996,-0.398535,150.680042,0.147516,80.25
country_6,2002-03-31,3.318592,0.568598,2.695402,-0.053729,106.650279,0.13901,80.75
country_6,2002-04-30,3.318592,-0.236322,3.552522,1.270046,131.068987,0.254601,79.75
country_6,2002-05-31,3.318592,-0.223703,3.533703,3.079926,99.061961,0.208327,80.75
country_6,2002-06-30,3.318592,0.158161,3.190339,4.457491,175.968217,0.141896,81.0
country_6,2002-07-31,3.318592,1.077888,2.223812,3.722888,158.253606,0.16149,81.0
country_6,2002-08-31,3.318592,1.023522,2.269178,2.354571,119.65258,0.106493,80.25
country_6,2002-09-30,3.318592,0.653225,2.665375,2.502929,221.495337,0.113643,80.75
country_6,2002-10-31,3.318592,-0.49083,3.79123,3.614843,269.596749,0.109308,80.75
country_6,2002-11-30,3.318592,-0.724497,4.028797,4.603992,180.914732,0.091332,80.75
country_6,2002-12-31,3.318592,-0.903048,3.997548,4.774138,113.49376,0.166491,80.75
country_6,2003-01-31,2.333467,-0.92528,3.71208,5.742916,189.441964,0.27982,80.75
country_6,2003-02-28,2.333467,-1.07902,3.84252,6.326376,346.012376,0.536142,80.75
country_6,2003-03-31,2.333467,-0.95655,3.70555,6.364907,394.06051,0.795433,80.25
country_6,2003-04-30,2.333467,-0.587777,3.148277,5.962376,407.419391,0.259415,80.25
country_6,2003-05-31,2.333467,-0.125954,2.683054,6.123093,172.037552,0.251271,80.0
country_6,2003-06-30,2.333467,-0.534082,2.747382,5.058285,93.484643,0.150661,81.0
country_6,2003-07-31,2.333467,-0.737648,2.815948,3.870162,138.289745,0.098163,81.0
country_6,2003-08-31,2.333467,-0.895499,2.993599,3.788904,63.752926,0.121212,81.0
country_6,2003-09-30,2.333467,-0.894273,2.915173,3.501663,112.590889,0.14416,80.0
country_6,2003-10-31,2.333467,-0.577553,2.592353,3.776886,80.709037,0.202211,80.0
country_6,2003-11-30,2.333467,-0.7955,2.7685,3.734482,86.323006,0.147453,80.0
country_6,2003-12-31,2.333467,-0.546566,2.603266,4.260319,73.476941,0.14972,79.75
country_6,2004-01-31,2.106325,-0.283377,2.304777,3.42368,52.90179,0.101414,79.25
country_6,2004-02-29,2.106325,-0.103727,2.135227,2.908869,80.387356,0.083207,79.25
country_6,2004-03-31,2.106325,-0.134069,2.139769,1.930658,97.98275,1.14959,79.0
country_6,2004-04-30,2.106325,-0.625228,2.703228,1.614845,59.874213,0.661581,77.25
country_6,2004-05-31,2.106325,-1.389137,3.404337,1.199564,76.004253,0.275773,78.5
country_6,2004-06-30,2.106325,-1.471178,3.498878,1.26808,56.015403,0.185064,79.75
country_6,2004-07-31,2.106325,-1.294081,3.361781,1.752804,124.97376,0.171909,79.75
country_6,2004-08-31,2.106325,-1.303168,3.343668,2.106108,50.746967,0.164149,79.75
country_6,2004-09-30,2.106325,-1.168903,3.220703,2.399357,48.163436,0.182454,79.5
country_6,2004-10-31,2.106325,-1.471904,3.583304,2.310591,154.418315,0.163155,79.25
country_6,2004-11-30,2.106325,-1.420601,3.505601,2.739591,95.498155,0.156105,80.0
country_6,2004-12-31,2.106325,-1.174225,3.227725,1.822636,42.320652,0.088914,79.25
country_6,2005-01-31,2.184675,-1.003977,3.081077,1.142857,47.837894,0.132746,79.25
country_6,2005-02-28,2.184675,-1.241995,3.300495,0.859854,59.987,0.096516,79.0
country_6,2005-03-31,2.184675,-1.339333,3.396033,1.913923,55.907289,0.085906,79.0
country_6,2005-04-30,2.184675,-1.392568,3.468268,2.378837,93.476901,0.114777,79.0
country_6,2005-05-31,2.184675,-0.988692,3.058692,1.175549,79.149247,0.089713,78.75
country_6,2005-06-30,2.184675,-1.073235,3.135535,0.215222,89.306827,0.075285,78.0
country_6,2005-07-31,2.184675,-1.215392,3.288292,0.068904,76.366737,0.726562,78.0
country_6,2005-08-31,2.184675,-1.224808,3.285708,0.2652,81.791323,0.113291,78.0
country_6,2005-09-30,2.184675,-1.640934,3.735034,0.147059,134.616983,0.096387,78.0
country_6,2005-10-31,2.184675,-1.447103,3.514203,-0.542793,70.409711,0.089055,78.0
country_6,2005-11-30,2.184675,-1.325721,3.411621,-1.328456,57.400557,0.082345,77.75
country_6,2005-12-31,2.184675,-1.46002,3.73572,-1.308825,36.824392,0.087805,77.0
country_6,2006-01-31,3.079225,-1.865795,4.192195,-0.311709,80.97428,0.083102,77.25
country_6,2006-02-28,3.079225,-1.623325,3.972825,-0.411563,44.470359,0.108256,77.25
country_6,2006-03-31,3.079225,-1.366999,3.886999,-0.330836,85.262806,0.106169,77.25
country_6,2006-04-30,3.079225,-1.227874,3.856174,0.086772,50.497694,0.081477,78.25
country_6,2006-05-31,3.079225,-1.455104,4.031904,1.268397,91.51164,0.062846,78.5
country_6,2006-06-30,3.079225,-1.249478,3.947178,2.489262,74.430091,0.096709,79.0
country_6,2006-07-31,3.079225,-1.151231,3.965031,2.596892,73.433983,0.114344,79.0
country_6,2006-08-31,3.079225,-0.752899,3.721199,2.155172,42.752131,0.164585,78.75
country_6,2006-09-30,3.079225,0.122154,2.918846,1.820852,40.591937,0.127485,78.75
country_6,2006-10-31,3.079225,0.770184,2.508016,1.52032,57.947818,0.083346,78.75
country_6,2006-11-30,3.079225,0.721457,2.606243,2.0,64.621896,0.094125,78.75
country_6,2006-12-31,3.079225,0.835083,2.666017,2.233057,52.117359,0.081269,78.75
country_6,2007-01-31,4.277608,1.171558,2.391642,1.455931,33.975384,0.071032,78.0
country_6,2007-02-28,4.277608,1.157546,2.411954,1.958083,23.31752,0.118812,77.75
country_6,2007-03-31,4.277608,1.227012,2.463888,1.845163,41.883731,0.078066,77.75
country_6,2007-04-30,4.277608,1.38493,2.43457,1.666506,35.205168,0.054484,77.75
country_6,2007-05-31,4.277608,1.443455,2.347045,0.898747,34.046153,0.068138,77.75
country_6,2007-06-30,4.277608,1.575343,2.380357,0.371464,39.644134,0.139479,77.25
country_6,2007-07-31,4.277608,1.820641,2.242559,0.42186,42.00608,0.132716,77.25
country_6,2007-08-31,4.277608,1.872341,2.175059,0.393172,76.182937,0.066652,77.5
country_6,2007-09-30,4.277608,1.34949,2.67911,1.047976,178.958721,0.096972,77.5
country_6,2007-10-31,4.277608,0.356342,3.585058,2.102333,68.95203,0.065791,77.5
country_6,2007-11-30,4.277608,-0.047643,4.069743,2.515543,58.106376,0.095869,77.5
country_6,2007-12-31,4.277608,-0.341118,4.220218,2.260588,81.576644,0.110179,77.5
country_6,2008-01-31,4.634234,-0.254115,4.275915,2.610036,129.913798,0.087192,76.5
country_6,2008-02-29,4.634234,-0.33994,4.36784,2.248601,119.030498,0.095356,76.25
country_6,2008-03-31,4.634234,-0.410216,4.501216,3.096242,100.893965,0.086703,76.0
country_6,2008-04-30,4.634234,-0.19987,4.18667,3.117301,92.037759,0.03167,76.25
country_6,2008-05-31,4.634234,-0.59238,4.60208,2.899649,57.071782,0.070218,76.0
country_6,2008-06-30,4.634234,-1.004646,5.011346,3.093566,85.610467,0.078288,75.75
country_6,2008-07-31,4.634234,-1.083435,5.274235,3.083827,70.77664,0.085868,75.5
country_6,2008-08-31,4.634234,-0.604627,4.903527,1.872194,78.428012,0.056725,75.75
country_6,2008-09-30,4.634234,-0.265161,4.538461,0.799239,126.784484,0.087873,75.5
country_6,2008-10-31,4.634234,0.263774,3.556026,-0.846183,140.951277,0.084349,75.0
country_6,2008-11-30,4.634234,0.767285,2.382915,-1.87535,119.732495,0.084471,74.75
country_6,2008-12-31,4.634234,1.0532,1.4332,-0.251842,66.902033,0.059659,75.0
country_6,2009-01-31,1.228358,1.004855,0.807345,-0.77905,95.446417,0.079478,72.5
country_6,2009-02-28,1.228358,0.596163,0.660937,-0.981595,110.529376,0.06769,71.25
country_6,2009-03-31,1.228358,1.122823,-0.060823,-1.58066,89.280483,0.048574,70.5
country_6,2009-04-30,1.228358,1.001626,-0.159726,-2.315538,62.792371,0.075911,71.0
country_6,2009-05-31,1.228358,1.645458,-0.863358,-1.961507,57.232003,0.061133,71.25
country_6,2009-06-30,1.228358,1.694728,-0.996728,-1.242636,64.308744,0.075202,71.5
country_6,2009-07-31,1.228358,1.726673,-1.369073,-1.380013,54.374781,0.053492,72.0
country_6,2009-08-31,1.228358,1.158969,-0.811469,-0.028129,63.112129,0.028009,72.25
country_6,2009-09-30,1.228358,1.387833,-1.024633,0.906173,89.888901,0.068288,72.0
country_6,2009-10-31,1.228358,1.019558,-0.660858,2.332638,70.379993,0.053339,71.75
country_6,2009-11-30,1.228358,0.059369,0.303031,3.052201,83.553931,0.045744,72.0
country_6,2009-12-31,1.228358,-0.439883,0.794483,0.579764,74.963878,0.080457,71.75
country_6,2010-01-31,0.81095,-0.68437,1.02837,-0.170277,136.53505,0.033273,70.75
country_6,2010-02-28,0.81095,-0.493018,0.833618,-1.029454,104.347983,0.061897,71.0
country_6,2010-03-31,0.81095,-1.067491,1.415191,-1.94615,83.579664,0.040728,70.75
country_6,2010-04-30,0.81095,-1.151384,1.504684,-2.191704,107.892709,0.096099,70.75
country_6,2010-05-31,0.81095,-1.421067,1.764967,-3.541236,162.265207,0.122833,69.0
country_6,2010-06-30,0.81095,-1.145447,1.499747,-4.818716,130.798785,0.079119,68.25
country_6,2010-07-31,0.81095,-1.434482,1.915582,-3.690834,130.476739,0.09144,68.75
country_6,2010-08-31,0.81095,-1.391641,1.817241,-3.864191,158.805039,0.063831,68.0
country_6,2010-09-30,0.81095,-1.675034,2.128634,-4.050514,114.105442,0.07385,68.5
country_6,2010-10-31,0.81095,-1.630537,2.331837,-3.039288,72.417656,0.039456,69.0
country_6,2010-11-30,0.81095,-1.740463,2.333063,-3.589223,133.342596,0.1153,68.75
country_6,2010-12-31,0.81095,-2.48934,2.98744,-3.467832,118.321172,0.094414,67.75
country_6,2011-01-31,1.3906,-2.610568,3.269568,-2.47323,120.284546,0.057925,70.0
country_6,2011-02-28,1.3906,-2.882394,3.589494,-0.741597,61.842588,0.073492,70.0
country_6,2011-03-31,1.3906,-2.936674,3.595374,0.163792,106.348446,0.139744,70.0
country_6,2011-04-30,1.3906,-2.812939,3.779039,1.509906,161.90647,0.078715,69.75
country_6,2011-05-31,1.3906,-2.48202,3.51542,2.278703,98.418303,0.078546,69.75
country_6,2011-06-30,1.3906,-2.06097,3.18497,2.820212,139.968638,0.061211,69.5
country_6,2011-07-31,1.3906,-2.081256,3.093056,1.413944,185.045261,0.04056,68.25
country_6,2011-08-31,1.3906,-2.055222,2.961022,1.6,183.241509,0.048713,68.25
country_6,2011-09-30,1.3906,-2.135689,3.141189,1.062689,192.514781,0.042614,68.25
country_6,2011-10-31,1.3906,-2.053844,3.013444,-0.296254,103.962063,0.05619,67.25
country_6,2011-11-30,1.3906,-2.08256,2.87256,-0.095703,181.497894,0.064046,66.5
country_6,2011-12-31,1.3906,-1.750524,2.377524,-0.240778,102.097068,0.144531,67.75
country_6,2012-01-31,0.573183,-1.61832,1.99832,-1.593471,133.000098,0.152303,66.75
country_6,2012-02-29,0.573183,-1.608848,1.974448,-1.853289,130.870508,0.087602,66.75
country_6,2012-03-31,0.573183,-1.541828,1.898528,-2.481724,154.327415,0.079316,66.5
country_6,2012-04-30,0.573183,-1.714959,2.060059,-2.889626,187.697559,0.075887,66.5
country_6,2012-05-31,0.573183,-1.605958,1.942958,-2.989622,172.196932,0.046965,66.25
country_6,2012-06-30,0.573183,-1.564086,1.896086,-3.295238,200.259859,0.05611,66.0
country_6,2012-07-31,0.573183,-2.022473,2.206673,-3.442308,106.847345,0.05391,65.5
country_6,2012-08-31,0.573183,-2.544372,2.654472,-3.36086,108.708377,0.04858,66.0
country_6,2012-09-30,0.573183,-3.31288,3.41218,-1.263747,165.153373,0.047643,66.5
country_6,2012-10-31,0.573183,-3.384584,3.475284,-1.035177,135.095678,0.059316,66.75
country_6,2012-11-30,0.573183,-2.851403,2.929903,-1.379442,107.88867,0.035482,66.75
country_6,2012-12-31,0.573183,-2.794882,2.868282,-0.135161,131.570987,0.046598,67.25
country_6,2013-01-31,0.220667,-2.614104,2.683104,1.461295,119.645298,0.047705,67.25
country_6,2013-02-28,0.220667,-2.686393,2.754093,1.73999,80.58384,0.059207,67.0
country_6,2013-03-31,0.220667,-2.360335,2.427335,0.78911,189.022566,0.024821,68.25
country_6,2013-04-30,0.220667,-1.304557,1.385557,0.146341,124.013748,0.059898,68.25
country_6,2013-05-31,0.220667,-1.643654,1.722354,0.89312,75.458638,0.03247,68.25
country_6,2013-06-30,0.220667,-1.976923,2.063123,2.117392,112.615114,0.026637,68.25
country_6,2013-07-31,0.220667,-1.680927,1.774027,2.619,87.576619,0.051052,67.75
country_6,2013-08-31,0.220667,-1.437328,1.519328,3.189587,76.765249,0.026784,67.75
country_6,2013-09-30,0.220667,-0.261332,0.341632,1.143136,143.334791,0.069268,68.25
country_6,2013-10-31,0.220667,0.192799,-0.099499,1.065375,147.516109,0.047018,68.5
country_6,2013-11-30,0.220667,-0.129023,0.232123,1.534726,66.086085,0.030297,68.5
country_6,2013-12-31,0.220667,-0.083548,0.252148,1.517788,106.257544,0.029142,69.0
country_6,2014-01-31,0.209933,-0.002415,0.198515,1.002336,119.880549,0.043205,69.25
country_6,2014-02-28,0.209933,0.173851,-0.017151,0.621903,111.675402,0.05392,69.25
country_6,2014-03-31,0.209933,0.338183,-0.146283,1.732237,61.949903,0.085581,72.0
country_6,2014-04-30,0.209933,-0.112979,0.366879,1.841208,78.977157,0.078874,72.0
country_6,2014-05-31,0.209933,0.042041,0.205959,1.342412,95.902019,0.037629,72.0
country_6,2014-06-30,0.209933,-0.010047,0.085847,0.057865,88.375286,0.071383,71.75
country_6,2014-07-31,0.209933,0.384189,-0.340889,-0.533721,59.815141,0.082372,71.75
country_6,2014-08-31,0.209933,0.510731,-0.492831,-1.521425,89.232562,0.128279,71.0
country_6,2014-09-30,0.209933,0.160879,-0.154279,-1.816074,107.065151,0.072254,71.0
country_6,2014-10-31,0.209933,0.09094,-0.09544,-2.482032,112.006958,0.079842,70.75
country_6,2014-11-30,0.209933,0.360675,-0.372275,-2.688223,120.053101,0.04426,70.75
country_6,2014-12-31,0.209933,1.011788,-1.041888,-3.428245,129.952514,0.07838,70.5
country_6,2015-01-31,-0.019367,1.268835,-1.319435,-4.990847,144.161187,0.167525,69.5
country_6,2015-02-28,-0.019367,1.037573,-1.073573,-5.765331,97.265733,0.145959,70.0
country_6,2015-03-31,-0.019367,0.613431,-0.663831,-7.118807,75.976364,0.065906,71.25
country_6,2015-04-30,-0.019367,0.560168,-0.634668,-7.384733,145.759668,0.07227,72.25
country_6,2015-05-31,-0.019367,0.077471,-0.183271,-5.893646,71.119955,0.042755,72.75
country_6,2015-06-30,-0.019367,-0.174693,0.056193,-4.828916,118.882485,0.08661,72.75
country_6,2015-07-31,-0.019367,-0.186111,0.068411,-5.004878,86.441631,0.064938,72.75
country_6,2015-08-31,-0.019367,0.300324,-0.421624,-4.03833,104.774735,0.108378,73.25
country_6,2015-09-30,-0.019367,0.743598,-0.879298,-3.030303,134.976499,0.091352,73.5
country_6,2015-10-31,-0.019367,0.567576,-0.706476,-2.820362,144.227275,0.06488,73.5
country_6,2015-11-30,-0.019367,0.139203,-0.273903,-3.588282,103.762018,0.109589,73.0
country_6,2015-12-31,-0.019367,-0.217055,0.018055,-2.751208,160.607429,0.098367,74.0
country_6,2016-01-31,-0.263692,0.048902,-0.287602,-0.8417,276.35989,0.055617,73.5
country_6,2016-02-29,-0.263692,0.6033,-0.8437,0.143472,226.057962,0.078286,73.5
country_6,2016-03-31,-0.263692,0.552813,-0.840513,0.973589,124.947884,0.108642,73.5
country_6,2016-04-30,-0.263692,0.716888,-1.054688,1.580252,177.816467,0.046475,73.5
country_6,2016-05-31,-0.263692,0.649056,-0.987056,0.764994,146.10414,0.068284,73.75
country_6,2016-06-30,-0.263692,0.462458,-0.794958,0.21268,265.205606,0.108557,73.75
country_6,2016-07-31,-0.263692,0.265241,-0.594041,0.759988,172.03853,0.17188,74.5
country_6,2016-08-31,-0.263692,-0.2048,-0.134,0.275117,89.169139,0.10337,75.0
country_6,2016-09-30,-0.263692,-0.521488,0.178488,-0.162338,120.588926,0.060496,75.0
country_6,2016-10-31,-0.263692,-1.024968,0.678368,0.40449,145.937362,0.142338,75.0
country_6,2016-11-30,-0.263692,-1.024698,0.675998,1.590701,225.259001,0.056407,75.25
country_6,2016-12-31,-0.263692,-1.918879,1.568479,0.872034,168.207476,0.048307,74.75
country_6,2017-01-31,-0.32905,-3.326191,2.974691,1.411332,178.569505,0.035454,75.0
country_6,2017-02-28,-0.32905,-3.32052,2.96772,0.409333,106.147163,0.077101,75.25
country_6,2017-03-31,-0.32905,-2.643538,2.290038,0.523131,128.626742,0.043261,75.5
country_6,2017-04-30,-0.32905,-2.910106,2.553206,0.122013,152.616622,0.068299,75.25
country_6,2017-05-31,-0.32905,-2.293697,1.934797,0.536492,51.342247,0.066003,75.5
country_6,2017-06-30,-0.32905,-1.868466,1.509766,0.798383,104.002212,0.092879,75.5
country_6,2017-07-31,-0.32905,-1.908264,1.548764,1.681786,60.909952,0.07418,75.75
country_6,2017-08-31,-0.32905,-1.975605,1.619805,2.001829,42.259581,0.453963,75.75
country_6,2017-09-30,-0.32905,-2.150612,1.792512,2.022358,75.145875,0.119838,75.5
country_6,2017-10-31,-0.32905,-1.92964,1.57064,1.853157,282.247968,0.162324,74.5
country_6,2017-11-30,-0.32905,-2.014512,1.665312,2.047576,170.100441,0.113617,74.75
country_6,2017-12-31,-0.32905,-1.454417,1.112117,2.110977,116.492306,0.05026,74.5
country_6,2018-01-31,-0.322092,-0.93733,0.57493,1.684147,122.71492,0.056399,74.75
country_6,2018-02-28,-0.322092,-1.438246,1.073546,2.782307,112.329893,0.037199,75.0
country_6,2018-03-31,-0.322092,-1.577718,1.213818,2.826531,130.560934,0.052096,75.0
country_6,2018-04-30,-0.322092,-1.444968,1.079268,2.884127,74.0253,0.017276,75.25
country_6,2018-05-31,-0.322092,-2.414083,2.051583,2.094241,155.579823,0.100849,75.25
country_6,2018-06-30,-0.322092,-2.636362,2.274562,1.824744,127.339846,0.132171,75.5
country_6,2018-07-31,-0.322092,-2.609564,2.245964,1.533681,102.05102,0.05977,75.75
country_6,2018-08-31,-0.322092,-2.547715,2.188615,1.225344,73.525714,0.08062,75.5
country_6,2018-09-30,-0.322092,-2.622466,2.259766,1.783046,64.674131,0.050399,75.5
country_6,2018-10-31,-0.322092,-2.628042,2.262042,1.13715,132.825099,0.082386,75.5
country_6,2018-11-30,-0.322092,-2.047328,1.686028,0.236058,156.253063,0.067817,75.25
country_6,2018-12-31,-0.322092,-1.544581,1.184081,-0.019689,138.215251,0.028162,75.0
country_6,2019-01-31,-0.356333,-1.346539,0.979539,-0.565308,131.974415,0.101997,74.75
country_6,2019-02-28,-0.356333,-1.457378,1.090378,-1.090729,99.718371,0.179398,75.5
country_6,2019-03-31,-0.356333,-1.705526,1.337626,-1.16106,124.912497,0.058397,76.0
country_6,2019-04-30,-0.356333,-1.888104,1.521104,-1.164742,146.169527,0.076104,75.75
country_6,2019-05-31,-0.356333,-1.176472,0.809872,-0.86785,72.539416,0.120347,76.0
country_6,2019-06-30,-0.356333,-0.790152,0.428552,-1.073257,147.694229,0.073345,76.75
country_6,2019-07-31,-0.356333,-0.893693,0.526893,-1.895547,114.530933,0.101761,76.75
country_6,2019-08-31,-0.356333,-0.688916,0.327716,-2.09625,161.165599,0.061941,76.5
country_6,2019-09-30,-0.356333,-0.486712,0.083512,-3.014289,226.465212,0.062005,75.5
country_6,2019-10-31,-0.356333,-0.678346,0.128748,-2.366054,166.655646,0.075675,75.75
country_6,2019-11-30,-0.356333,-0.947219,0.408069,-2.021391,163.588478,0.101232,75.75
country_6,2019-12-31,-0.356333,-1.328252,0.788051,-1.949586,156.240906,0.053393,75.75
country_6,2020-01-31,-0.42515,-1.634328,1.096907,-1.875125,95.31673,0.052945,76.0
country_6,2020-02-29,-0.42515,-1.269166,0.730942,-1.984962,94.255729,0.111458,76.0
country_6,2020-03-31,-0.42515,-0.518042,-0.017587,-0.592369,246.822493,0.175304,74.75
country_6,2020-04-30,-0.42515,0.181353,-0.716822,-0.629182,187.672483,0.143912,68.0
country_6,2020-05-31,-0.42515,0.375649,-0.915841,-0.905292,175.462789,0.085616,68.0
country_6,2020-06-30,-0.42515,-0.202723,-0.341742,-0.02986,156.528032,0.036914,68.5
country_6,2020-07-31,-0.42515,0.070379,-0.619935,0.543424,146.590999,0.07201,69.25
country_6,2020-08-31,-0.42515,-0.032766,-0.519322,1.276639,152.859956,0.093504,68.25
country_6,2020-09-30,-0.42515,-0.183075,-0.369858,1.745711,206.876224,0.049292,68.25
country_6,2020-10-31,-0.42515,0.254505,-0.809146,1.301823,198.728934,0.067491,68.0
country_6,2020-11-30,-0.42515,0.258698,-0.814914,1.231848,155.946695,0.096361,67.75
country_6,2020-12-31,-0.42515,-0.024234,-0.532115,1.988351,181.137234,0.089707,67.75
country_6,2021-01-31,-0.548767,-1.022826,0.457062,2.470014,145.955214,0.053076,67.5
country_6,2021-02-28,-0.548767,-0.547058,-0.016463,1.70809,126.63815,0.028997,73.5
country_6,2021-03-31,-0.548767,-1.905618,1.341851,0.999899,116.828672,0.069869,74.0
country_6,2021-04-30,-0.548767,-2.79516,2.229104,1.628141,114.832528,0.060524,74.25
country_6,2021-05-31,-0.548767,-3.281928,2.717222,1.957635,99.316852,0.02726,74.25
country_6,2021-06-30,-0.548767,-3.296499,2.732373,1.085225,92.59267,0.088192,74.0
country_6,2021-07-31,-0.548767,-3.448111,2.881589,0.170153,120.405122,0.017926,74.0
country_6,2021-08-31,-0.548767,-3.869891,3.301791,-0.694789,92.02339,0.077239,73.25
country_6,2021-09-30,-0.548767,-4.57659,4.007229,-0.198354,114.69096,0.08427,73.25
country_6,2021-10-31,-0.548767,-5.937196,5.366783,0.336101,124.524188,0.085137,73.5
country_6,2021-11-30,-0.548767,-6.089458,5.516221,0.108825,141.156183,0.042644,73.0
country_6,2021-12-31,-0.548767,-7.126307,6.549935,0.620323,123.904463,0.034559,73.0
country_6,2022-01-31,0.341567,-6.711724,6.132258,-0.069438,147.945907,0.169672,72.75
country_6,2022-02-28,0.341567,-8.199436,7.623103,1.33749,111.448497,0.140944,73.25
country_6,2022-03-31,0.341567,-10.396085,9.818382,1.93,180.638296,0.25999,73.25
country_6,2022-04-30,0.341567,-8.928398,8.344691,-0.899921,147.643579,0.221626,72.25
country_6,2022-05-31,0.341567,-9.312082,8.727341,-1.053564,168.222496,0.135816,73.0
country_6,2022-06-30,0.341567,-10.799025,10.216401,0.325027,175.449346,0.417942,73.0
country_6,2022-07-31,0.341567,-11.341259,10.770195,0.179856,202.77798,0.191704,72.0
country_6,2022-08-31,0.341567,-10.643735,10.549083,-0.129935,138.13104,0.065135,71.75
country_6,2022-09-30,0.341567,-8.617354,8.871938,-2.017291,195.269521,0.094256,71.75
country_6,2022-10-31,0.341567,-6.609524,7.264902,-3.172414,261.407779,0.102238,72.0
country_6,2022-11-30,0.341567,-5.542995,6.809614,-2.401423,124.027745,0.091225,72.75
country_6,2022-12-31,0.341567,-4.203695,5.70766,-2.583423,146.535569,0.142583,72.75
country_6,2023-01-31,3.4306,-3.989551,5.890863,-1.86619,159.705457,0.15163,72.75
country_6,2023-02-28,3.4306,-3.833624,6.034266,-1.627468,110.74118,0.113409,72.75
country_6,2023-03-31,3.4306,-0.787347,3.295711,-2.737173,170.694116,0.064866,71.5
country_6,2023-04-30,3.4306,-1.196847,4.095928,-0.319329,84.988835,0.116732,71.75
country_6,2023-05-31,3.4306,-0.146935,3.193244,-0.796099,134.037507,0.072701,71.75
country_6,2023-06-30,3.4306,1.311996,1.892595,-1.286079,122.220467,0.103982,71.25
country_6,2023-07-31,3.4306,1.077528,2.325735,0.85777,89.039712,0.099354,71.25
country_6,2023-08-31,3.4306,0.994859,2.615508,1.120897,92.938718,0.091008,71.75
country_6,2023-09-30,3.4306,0.196428,3.516094,2.109533,113.098999,0.0968,72.0
country_6,2023-10-31,3.4306,0.43322,3.46784,2.462352,128.021417,0.14928,72.5
country_6,2023-11-30,3.4306,0.671297,3.231447,2.146618,138.67884,0.10639,72.5
country_6,2023-12-31,3.4306,0.801538,3.101905,1.21547,76.672148,0.17379,72.5
country_6,2024-01-31,3.736115,0.496007,3.406642,1.901679,122.86732,0.031317,72.25
country_6,2024-02-29,3.736115,1.104801,2.803875,1.180268,112.882208,0.124321,72.0
country_6,2024-03-31,3.736115,0.70061,3.206701,1.936655,79.391501,0.208999,73.5
country_6,2024-04-30,3.736115,0.598889,3.30939,1.331465,85.793984,0.170875,73.25
country_6,2024-05-31,3.736115,0.275569,3.631394,1.725349,66.321607,0.165158,73.25
country_6,2024-06-30,3.736115,0.352165,3.433867,1.044257,148.018104,0.114126,73.25
country_6,2024-07-31,3.736115,0.894372,2.768717,-0.138449,81.712295,0.117009,73.25
country_6,2024-08-31,3.736115,1.403635,2.260721,-0.039588,72.254676,0.050639,73.25
country_6,2024-09-30,3.736115,2.126737,1.465355,-0.228447,202.177624,0.078069,73.25
country_6,2024-10-31,3.736115,1.568014,1.80338,-0.238332,204.928419,0.098924,73.25
country_6,2024-11-30,3.736115,0.755051,2.409916,-0.446075,282.59266,0.125937,73.25
country_6,2024-12-31,3.736115,0.255524,2.847163,-0.387058,327.575037,0.062591,73.25
country_7,2000-01-31,6.455833,2.657043,2.792957,0.33264,88.988694,1.198969,84.25
country_7,2000-02-29,6.455833,2.512028,3.217972,0.709658,73.3652,1.232133,80.25
country_7,2000-03-31,6.455833,2.087864,3.762136,0.071109,73.298624,1.010046,80.0
country_7,2000-04-30,6.455833,3.006136,3.013864,0.866286,70.599742,1.031422,80.0
country_7,2000-05-31,6.455833,3.13747,3.13253,3.525084,118.143208,1.392322,80.75
country_7,2000-06-30,6.455833,2.79506,3.73494,2.133496,109.584229,1.27405,84.5
country_7,2000-07-31,6.455833,2.94072,3.59928,2.01519,86.658348,0.957803,84.75
country_7,2000-08-31,6.455833,3.148713,3.351287,3.717739,58.906461,0.820109,84.25
country_7,2000-09-30,6.455833,3.063504,3.456496,5.474227,73.550992,1.104864,84.0
country_7,2000-10-31,6.455833,3.059673,3.450327,7.547365,89.913447,1.710295,83.75
country_7,2000-11-30,6.455833,3.065819,3.444181,7.85124,166.184032,0.951083,83.5
country_7,2000-12-31,6.455833,2.963981,3.436019,6.80455,149.4485,0.981815,82.0
country_7,2001-01-31,3.686667,2.258795,3.721205,7.469954,142.614125,1.024632,82.0
country_7,2001-02-28,3.686667,1.960588,3.529412,6.791258,128.625655,1.172085,82.3
country_7,2001-03-31,3.686667,2.327544,2.982456,7.887524,137.374157,1.19103,81.75
country_7,2001-04-30,3.686667,1.581744,3.218256,8.174194,148.758003,1.136809,82.5
country_7,2001-05-31,3.686667,0.646916,3.563084,5.527043,117.436255,1.275626,82.5
country_7,2001-06-30,3.686667,0.776039,3.193961,7.132199,93.461232,1.512445,82.5
country_7,2001-07-31,3.686667,1.048518,2.721482,7.226524,120.294591,1.317399,82.5
country_7,2001-08-31,3.686667,0.928518,2.721482,4.828676,95.39997,1.349414,82.5
country_7,2001-09-30,3.686667,0.477834,2.592166,4.17359,272.764469,13.22901,83.25
country_7,2001-10-31,3.686667,0.36234,2.12766,2.878321,247.29425,13.100196,79.25
country_7,2001-11-30,3.686667,0.195626,1.894374,2.854406,172.488828,7.890069,78.25
country_7,2001-12-31,3.686667,0.216334,1.603666,3.553447,149.70893,6.047551,79.0
country_7,2002-01-31,1.725833,0.5341,1.1959,4.174299,148.449731,4.232385,79.5
country_7,2002-02-28,1.725833,0.603636,1.136364,3.987759,104.609426,3.621983,79.0
country_7,2002-03-31,1.725833,0.367138,1.362862,2.070004,97.512996,3.863307,80.25
country_7,2002-04-30,1.725833,0.106009,1.643991,1.102186,106.164649,3.840491,79.75
country_7,2002-05-31,1.725833,0.509165,1.240835,-0.187056,98.64004,4.089164,78.75
country_7,2002-06-30,1.725833,0.680782,1.069218,-2.042711,111.149948,3.673885,79.0
country_7,2002-07-31,1.725833,0.264386,1.465614,-3.647473,139.661117,2.954308,77.5
country_7,2002-08-31,1.725833,-0.007463,1.747463,-0.800678,136.119066,3.130244,76.25
country_7,2002-09-30,1.725833,0.233998,1.516002,-0.722462,149.848207,4.386019,76.0
country_7,2002-10-31,1.725833,-0.277027,2.027027,-0.280715,128.973613,4.156507,75.5
country_7,2002-11-30,1.725833,-0.913521,2.253521,-2.02086,162.221406,3.697484,75.75
country_7,2002-12-31,1.725833,-1.240271,2.480271,-2.496494,160.411315,4.328755,77.5
country_7,2003-01-31,1.150833,-1.517456,2.757456,-4.756617,185.591627,4.968297,76.25
country_7,2003-02-28,1.150833,-1.886067,3.146067,-5.04874,161.759767,5.824158,76.75
country_7,2003-03-31,1.150833,-1.77521,3.02521,-4.950221,224.647203,9.00474,73.75
country_7,2003-04-30,1.150833,-0.915125,2.175125,-5.681818,176.579867,6.587385,75.5
country_7,2003-05-31,1.150833,-0.63415,1.89415,-7.74925,122.30983,4.000343,76.75
country_7,2003-06-30,1.150833,-0.728775,1.948775,-6.691943,110.695542,3.549583,77.0
country_7,2003-07-31,1.150833,-1.045556,2.055556,-4.390853,103.748247,3.411148,75.75
country_7,2003-08-31,1.150833,-1.186066,2.216066,-4.216124,91.714177,3.356643,75.75
country_7,2003-09-30,1.150833,-1.368319,2.378319,-5.717796,109.55396,2.818476,76.0
country_7,2003-10-31,1.150833,-1.031943,2.041943,-8.529605,78.585987,2.644918,75.75
country_7,2003-11-30,1.150833,-0.928375,1.928375,-8.012546,78.6961,2.870813,75.75
country_7,2003-12-31,1.150833,-1.055204,2.035204,-8.793633,90.34359,3.160041,77.0
country_7,2004-01-31,1.563333,-1.026287,2.026287,-8.909833,88.277596,2.693432,76.75
country_7,2004-02-29,1.563333,-0.678453,1.688453,-8.552058,88.901485,2.816728,77.0
country_7,2004-03-31,1.563333,-0.740076,1.740076,-7.215595,84.330896,3.165661,77.25
country_7,2004-04-30,1.563333,-1.292576,2.292576,-5.602899,79.72692,3.546311,77.5
country_7,2004-05-31,1.563333,-1.897758,2.897758,-0.192991,97.208038,2.880948,77.75
country_7,2004-06-30,1.563333,-2.137668,3.167668,-0.86347,85.27449,3.360993,78.75
country_7,2004-07-31,1.563333,-1.679575,2.939575,-2.853985,88.956501,3.1758,78.5
country_7,2004-08-31,1.563333,-1.117425,2.547425,-4.094379,84.449878,3.450163,77.25
country_7,2004-09-30,1.563333,-0.929168,2.539168,-3.578589,108.50958,3.50851,77.25
country_7,2004-10-31,1.563333,-1.430914,3.190914,-2.503078,118.341453,2.939661,77.5
country_7,2004-11-30,1.563333,-1.691622,3.621622,-4.525728,96.695767,2.974993,77.75
country_7,2004-12-31,1.563333,-1.182318,3.342318,-4.426454,66.532877,2.584866,77.0
country_7,2005-01-31,3.511667,-0.564874,2.844874,-2.304,66.734328,2.455801,77.25
country_7,2005-02-28,3.511667,-0.553026,3.053026,-2.806609,51.695687,2.622012,77.5
country_7,2005-03-31,3.511667,-0.576841,3.206841,-4.170586,49.30864,2.121872,77.25
country_7,2005-04-30,3.511667,-0.571793,3.361793,-3.559199,78.395873,1.942376,75.75
country_7,2005-05-31,3.511667,0.130712,2.869288,-5.15978,75.090765,2.281698,75.5
country_7,2005-06-30,3.511667,0.498973,2.541027,-3.371247,82.005589,1.930316,75.75
country_7,2005-07-31,3.511667,0.19284,3.06716,-1.820627,71.939547,3.486278,76.0
country_7,2005-08-31,3.511667,-0.146934,3.646934,-2.904693,59.617232,2.48592,76.0
country_7,2005-09-30,3.511667,-1.121834,4.741834,-1.756939,105.769856,2.362941,75.5
country_7,2005-10-31,3.511667,-0.570105,4.350105,0.589226,79.83,2.013789,75.25
country_7,2005-11-30,3.511667,0.66145,3.33855,3.409091,60.067852,1.765836,75.25
country_7,2005-12-31,3.511667,0.82145,3.33855,3.828383,70.026756,2.129261,75.0
country_7,2006-01-31,5.153333,0.271211,4.018789,2.085381,75.079238,2.191443,74.75
country_7,2006-02-28,5.153333,0.851746,3.638254,2.0486,69.491745,2.225619,74.75
country_7,2006-03-31,5.153333,1.172082,3.417918,2.781414,55.008073,2.192252,74.5
country_7,2006-04-30,5.153333,1.176164,3.613836,1.086723,81.651724,2.043183,75.0
country_7,2006-05-31,5.153333,0.962727,3.977273,-0.9765,67.809799,2.002095,74.75
country_7,2006-06-30,5.153333,0.808276,4.181724,-0.604454,82.586283,2.342168,75.0
country_7,2006-07-31,5.153333,1.135331,4.104669,-1.274892,84.474456,2.976115,75.25
country_7,2006-08-31,5.153333,1.323432,3.926568,-0.979453,71.515095,3.03353,74.75
country_7,2006-09-30,5.153333,3.237928,2.012072,-1.978836,61.751346,2.479891,75.0
country_7,2006-10-31,5.153333,3.843672,1.406328,-3.3159,55.629511,2.592648,75.0
country_7,2006-11-30,5.153333,3.281297,1.968703,-4.437467,49.599131,1.961439,74.25
country_7,2006-12-31,5.153333,2.716022,2.523978,-4.386523,51.039039,2.060984,74.25
country_7,2007-01-31,5.268333,3.174235,2.075765,-2.203209,74.510027,2.368746,75.25
country_7,2007-02-28,5.268333,2.839739,2.420261,-2.594768,50.860025,2.30363,74.75
country_7,2007-03-31,5.268333,2.461803,2.798197,-3.098801,72.529866,1.954548,74.5
country_7,2007-04-30,5.268333,2.657075,2.592925,-3.810538,59.841394,1.769117,74.25
country_7,2007-05-31,5.268333,2.540114,2.709886,-2.470741,71.13732,1.992213,74.0
country_7,2007-06-30,5.268333,2.557235,2.692765,-4.096874,68.759233,2.180942,74.0
country_7,2007-07-31,5.268333,2.942109,2.317891,-5.538954,44.782751,2.392128,73.75
country_7,2007-08-31,5.268333,3.122552,1.897448,-4.870444,90.007297,1.936078,73.5
country_7,2007-09-30,5.268333,2.106174,2.833826,-5.851236,109.892655,2.180305,72.75
country_7,2007-10-31,5.268333,1.149302,3.610698,-7.692308,90.640076,2.348465,72.75
country_7,2007-11-30,5.268333,0.116733,4.373267,-7.961888,106.566165,1.953324,73.0
country_7,2007-12-31,5.268333,0.131187,4.108813,-6.438387,116.990897,2.145241,73.0
country_7,2008-01-31,2.965,-0.354696,4.294696,-8.245844,177.042207,1.837262,72.75
country_7,2008-02-29,2.965,-1.162959,4.142959,-9.274282,108.314737,1.770446,75.25
country_7,2008-03-31,2.965,-1.364904,3.974904,-10.743621,114.474576,1.634979,76.0
country_7,2008-04-30,2.965,-1.623761,3.903761,-10.069713,98.197699,1.630986,76.5
country_7,2008-05-31,2.965,-2.108414,4.088414,-9.011111,88.673434,1.615021,76.5
country_7,2008-06-30,2.965,-2.935966,4.935966,-8.321282,89.136883,1.85608,77.0
country_7,2008-07-31,2.965,-3.487512,5.497512,-7.445486,115.102724,2.037716,76.5
country_7,2008-08-31,2.965,-3.308017,5.308017,-5.549277,81.163078,1.955354,77.25
country_7,2008-09-30,2.965,-3.14332,4.95332,-2.155716,238.171874,2.034108,76.25
country_7,2008-10-31,2.965,-2.761058,3.731058,5.64932,241.772278,1.380818,75.5
country_7,2008-11-30,2.965,-0.709917,1.099917,8.376963,162.713384,1.760373,76.0
country_7,2008-12-31,2.965,0.182228,-0.022228,6.076039,157.828677,1.924009,76.0
country_7,2009-01-31,0.555833,0.263586,-0.113586,7.84267,184.81783,1.765783,74.75
country_7,2009-02-28,0.555833,0.211537,0.008463,12.288545,202.547967,1.583183,73.75
country_7,2009-03-31,0.555833,0.626479,-0.446479,14.687117,167.991219,1.637638,73.75
country_7,2009-04-30,0.555833,0.726324,-0.576324,12.304663,107.927248,1.995373,74.25
country_7,2009-05-31,0.555833,1.195761,-1.015761,8.316034,125.944621,2.078539,74.5
country_7,2009-06-30,0.555833,1.439175,-1.229175,7.219998,112.472635,1.759729,74.75
country_7,2009-07-31,0.555833,2.118761,-1.958761,7.385254,104.355107,1.925722,74.75
country_7,2009-08-31,0.555833,1.643836,-1.483836,3.805193,111.174339,1.692542,74.5
country_7,2009-09-30,0.555833,1.527943,-1.377943,0.773468,99.009636,2.204181,74.0
country_7,2009-10-31,0.555833,0.343968,-0.223968,-5.968493,86.24176,2.105114,73.25
country_7,2009-11-30,0.555833,-1.794587,1.914587,-7.586737,99.779269,1.738269,73.5
country_7,2009-12-31,0.555833,-2.694123,2.814123,-6.085306,108.396087,2.208544,73.25
country_7,2010-01-31,0.311667,-2.511111,2.621111,-6.741821,136.863857,2.055529,76.75
country_7,2010-02-28,0.311667,-2.021336,2.151336,-8.361132,116.721557,1.809576,77.25
country_7,2010-03-31,0.311667,-2.126171,2.286171,-9.404087,124.687509,1.663046,77.75
country_7,2010-04-30,0.311667,-2.006771,2.206771,-7.724334,123.702205,1.971811,77.75
country_7,2010-05-31,0.311667,-1.803549,2.003549,-2.209696,147.763257,2.033574,77.25
country_7,2010-06-30,0.311667,-0.941561,1.121561,-1.120416,129.732198,2.119023,77.0
country_7,2010-07-31,0.311667,-1.160778,1.340778,-2.409912,196.947247,1.624815,76.75
country_7,2010-08-31,0.311667,-0.960178,1.150178,-2.051873,127.228173,1.730935,77.25
country_7,2010-09-30,0.311667,-0.928312,1.118312,-2.372369,186.741248,1.547334,77.25
country_7,2010-10-31,0.311667,-0.976695,1.166695,-4.129306,154.762741,1.43355,77.0
country_7,2010-11-30,0.311667,-0.894545,1.084545,-3.516692,175.044284,2.033472,76.75
country_7,2010-12-31,0.311667,-1.257793,1.437793,-2.853406,151.55333,2.114883,77.0
country_7,2011-01-31,0.303333,-1.530783,1.700783,-4.112349,111.492825,1.527768,77.0
country_7,2011-02-28,0.303333,-1.964898,2.124898,-5.77736,104.56237,1.802499,77.0
country_7,2011-03-31,0.303333,-2.479242,2.619242,-5.668399,153.841729,2.937947,77.0
country_7,2011-04-30,0.303333,-2.977234,3.077234,-6.388031,124.846587,1.917779,75.75
country_7,2011-05-31,0.303333,-3.368972,3.458972,-8.934748,84.549161,2.295691,75.75
country_7,2011-06-30,0.303333,-3.412318,3.502318,-9.62573,139.037898,1.796709,76.0
country_7,2011-07-31,0.303333,-3.509881,3.579881,-8.631334,207.160307,1.570796,76.0
country_7,2011-08-31,0.303333,-3.654996,3.754996,-7.190773,283.665575,1.70495,76.25
country_7,2011-09-30,0.303333,-3.732622,3.812622,-3.53782,214.426105,1.637074,76.5
country_7,2011-10-31,0.303333,-3.452268,3.522268,0.25843,137.839252,1.53468,76.25
country_7,2011-11-30,0.303333,-3.371432,3.451432,0.714198,143.714563,1.739904,74.0
country_7,2011-12-31,0.303333,-2.992067,3.062067,0.477298,183.088607,1.833257,75.5
country_7,2012-01-31,0.2825,-2.928766,3.008766,1.124706,154.418021,1.775632,75.5
country_7,2012-02-29,0.2825,-2.798178,2.898178,0.324028,119.43544,1.908208,76.0
country_7,2012-03-31,0.2825,-2.452875,2.582875,1.690035,98.748105,1.910477,76.0
country_7,2012-04-30,0.2825,-2.133163,2.273163,3.450025,96.969671,1.965472,76.0
country_7,2012-05-31,0.2825,-1.577943,1.737943,5.101912,135.879851,1.625723,76.75
country_7,2012-06-30,0.2825,-1.49387,1.65387,6.623607,197.460979,1.488797,76.5
country_7,2012-07-31,0.2825,-1.257511,1.417511,6.629271,180.803542,1.698179,76.25
country_7,2012-08-31,0.2825,-1.555935,1.685935,5.325894,142.955301,1.737668,76.5
country_7,2012-09-30,0.2825,-1.809717,1.949717,1.012596,182.107185,1.56857,76.5
country_7,2012-10-31,0.2825,-1.995678,2.155678,-0.184117,166.128404,1.563154,76.5
country_7,2012-11-30,0.2825,-1.63602,1.79602,-0.379019,205.86466,1.568321,76.75
country_7,2012-12-31,0.2825,-1.599505,1.759505,-1.936663,214.951949,1.564927,75.75
country_7,2013-01-31,0.166667,-1.544062,1.684062,-1.368858,199.358942,1.757734,75.75
country_7,2013-02-28,0.166667,-1.86814,2.01814,1.10559,128.562513,1.839353,75.75
country_7,2013-03-31,0.166667,-1.378747,1.518747,1.292626,146.115862,1.641728,75.75
country_7,2013-04-30,0.166667,-0.988808,1.138808,0.294262,135.440592,2.219976,75.75
country_7,2013-05-31,0.166667,-1.280389,1.390389,-0.758853,109.028043,1.767804,76.25
country_7,2013-06-30,0.166667,-1.625794,1.715794,-1.342202,126.625869,1.864607,76.0
country_7,2013-07-31,0.166667,-1.795472,1.885472,-0.143472,91.43749,1.433396,76.25
country_7,2013-08-31,0.166667,-1.458809,1.538809,0.24079,108.758378,2.058542,76.25
country_7,2013-09-30,0.166667,-1.014734,1.094734,1.295844,179.889736,2.362811,75.5
country_7,2013-10-31,0.166667,-0.786799,0.876799,0.46729,225.373307,1.56606,75.5
country_7,2013-11-30,0.166667,-1.15287,1.23287,0.773196,89.915173,1.757243,75.5
country_7,2013-12-31,0.166667,-1.422838,1.512838,1.925227,115.020738,1.631973,75.5
country_7,2014-01-31,0.124167,-1.487759,1.557759,2.800496,107.705129,1.696779,75.5
country_7,2014-02-28,0.124167,-1.050475,1.120475,2.027276,93.369298,1.455827,75.25
country_7,2014-03-31,0.124167,-1.532695,1.612695,1.288284,101.018732,2.701395,75.25
country_7,2014-04-30,0.124167,-1.925125,2.015125,1.687042,96.993431,2.109871,75.25
country_7,2014-05-31,0.124167,-2.076948,2.166948,0.861755,102.015043,1.802446,77.0
country_7,2014-06-30,0.124167,-1.958982,2.058982,0.385264,85.968468,2.1296,76.75
country_7,2014-07-31,0.124167,-1.884238,1.974238,-0.454981,78.505987,2.918334,76.75
country_7,2014-08-31,0.124167,-1.625098,1.715098,0.42037,63.877336,2.797318,76.75
country_7,2014-09-30,0.124167,-1.594051,1.684051,2.124065,86.216602,2.90623,76.5
country_7,2014-10-31,0.124167,-1.519542,1.609542,4.528764,113.334583,1.771728,76.25
country_7,2014-11-30,0.124167,-1.141525,1.231525,5.151626,93.185943,1.762363,77.0
country_7,2014-12-31,0.124167,-0.533121,0.653121,6.958323,87.415328,1.776617,77.25
country_7,2015-01-31,0.226667,0.339931,-0.229931,7.823047,120.54423,2.102442,77.25
country_7,2015-02-28,0.226667,0.197031,-0.087031,9.055877,87.609469,2.417442,76.0
country_7,2015-03-31,0.226667,0.132031,-0.022031,10.919126,95.978963,2.49619,77.0
country_7,2015-04-30,0.226667,0.224031,-0.104031,10.519356,103.544957,2.440165,77.75
country_7,2015-05-31,0.226667,0.084967,0.035033,10.132371,102.318697,1.667451,77.5
country_7,2015-06-30,0.226667,-0.049572,0.179572,10.817942,115.880287,1.909752,77.5
country_7,2015-07-31,0.226667,-0.095686,0.225686,12.905942,98.734793,2.454652,77.75
country_7,2015-08-31,0.226667,-0.101304,0.241304,13.850018,156.50363,1.861276,78.0
country_7,2015-09-30,0.226667,0.131157,0.008843,12.916568,171.932678,2.28815,78.0
country_7,2015-10-31,0.226667,-0.007617,0.127617,10.796253,110.701938,2.039658,78.25
country_7,2015-11-30,0.226667,-0.316318,0.436318,11.130415,89.58371,3.16895,78.0
country_7,2015-12-31,0.226667,-0.398725,0.638725,9.855304,101.963433,3.3494,78.25
country_7,2016-01-31,0.644167,-0.897503,1.237503,10.38569,154.857331,2.507416,79.25
country_7,2016-02-29,0.644167,-0.467278,0.847278,7.497792,148.321789,2.245817,79.5
country_7,2016-03-31,0.644167,-0.531616,0.891616,3.559065,130.490159,2.448961,79.5
country_7,2016-04-30,0.644167,-0.802626,1.172626,2.784728,96.413416,2.012362,79.25
country_7,2016-05-31,0.644167,-0.708476,1.078476,4.698427,96.222333,1.921063,79.25
country_7,2016-06-30,0.644167,-0.699287,1.079287,4.361472,233.956103,1.774673,79.25
country_7,2016-07-31,0.644167,-0.478363,0.868363,3.16395,164.458401,2.460345,79.25
country_7,2016-08-31,0.644167,-0.655316,1.055316,0.829919,106.885623,2.150093,79.25
country_7,2016-09-30,0.644167,-1.148645,1.548645,1.109367,86.343538,2.611413,78.5
country_7,2016-10-31,0.644167,-1.285925,1.685925,2.927499,108.064125,1.997644,78.5
country_7,2016-11-30,0.644167,-1.274333,1.684333,3.856175,254.101328,1.91785,79.25
country_7,2016-12-31,0.644167,-1.510799,2.050799,4.915993,161.424786,2.297246,79.0
country_7,2017-01-31,1.1525,-1.860393,2.510393,2.643306,195.04063,2.572933,79.0
country_7,2017-02-28,1.1525,-2.150362,2.810362,2.547509,177.777717,3.023461,78.5
country_7,2017-03-31,1.1525,-1.651196,2.441196,3.708346,154.609695,2.143818,78.25
country_7,2017-04-30,1.1525,-1.276223,2.176223,4.296751,157.676523,3.078701,77.25
country_7,2017-05-31,1.1525,-0.946343,1.856343,2.421206,129.888058,2.518278,77.5
country_7,2017-06-30,1.1525,-0.600566,1.640566,0.425179,120.638462,2.858617,77.5
country_7,2017-07-31,1.1525,-0.575107,1.725107,-1.414705,141.138335,2.622794,77.25
country_7,2017-08-31,1.1525,-0.768122,1.928122,-1.781621,137.859704,3.556932,77.0
country_7,2017-09-30,1.1525,-1.030565,2.180565,-3.146672,116.620017,2.88111,76.75
country_7,2017-10-31,1.1525,-0.870758,2.020758,-2.423247,125.865844,2.098044,76.75
country_7,2017-11-30,1.1525,-1.012494,2.172494,-4.656297,111.282686,2.17556,76.75
country_7,2017-12-31,1.1525,-0.829931,2.129931,-6.702254,140.350182,2.001279,77.5
country_7,2018-01-31,2.188333,-0.741319,2.151319,-8.53478,160.967205,2.203905,76.75
country_7,2018-02-28,2.188333,-0.843469,2.263469,-8.153862,114.755558,1.590254,77.25
country_7,2018-03-31,2.188333,-0.82095,2.33095,-7.151491,187.09589,2.749058,77.0
country_7,2018-04-30,2.188333,-0.780996,2.470996,-6.210046,139.035386,3.360256,77.25
country_7,2018-05-31,2.188333,-1.081922,2.781922,-2.893825,162.276697,3.319607,78.0
country_7,2018-06-30,2.188333,-0.987551,2.807551,0.072284,134.402771,2.622775,78.25
country_7,2018-07-31,2.188333,-0.944125,2.854125,1.77019,176.205078,2.685395,78.25
country_7,2018-08-31,2.188333,-0.732924,2.642924,3.56423,114.961371,2.808259,77.75
country_7,2018-09-30,2.188333,-0.382055,2.332055,4.32831,120.985191,1.818564,78.25
country_7,2018-10-31,2.188333,-0.302032,2.492032,3.293697,136.114653,2.389191,78.0
country_7,2018-11-30,2.188333,0.052671,2.147329,4.241659,164.942202,1.945492,77.75
country_7,2018-12-31,2.188333,0.267619,2.002381,4.418309,226.576888,2.234217,77.75
country_7,2019-01-31,2.2075,0.912411,1.487589,5.059331,284.135938,2.248194,77.25
country_7,2019-02-28,2.2075,0.881138,1.518862,5.911223,123.639288,2.43131,77.5
country_7,2019-03-31,2.2075,0.526814,1.883186,5.977435,180.6317,1.877033,77.5
country_7,2019-04-30,2.2075,0.419417,2.000583,6.04782,109.686373,1.938401,77.5
country_7,2019-05-31,2.2075,0.594089,1.795911,4.008395,160.858154,2.776584,77.5
country_7,2019-06-30,2.2075,0.708805,1.671195,1.898669,207.991372,2.8691,77.75
country_7,2019-07-31,2.2075,0.573669,1.826331,1.255661,207.745462,2.375896,77.5
country_7,2019-08-31,2.2075,0.392359,1.737641,2.407047,282.522931,2.747545,77.25
country_7,2019-09-30,2.2075,0.355502,1.684498,2.550707,186.640697,2.334027,77.25
country_7,2019-10-31,2.2075,0.096026,1.733974,1.283619,159.511393,2.467838,77.0
country_7,2019-11-30,2.2075,-0.54229,2.09229,-0.161551,170.480341,1.738556,77.5
country_7,2019-12-31,2.2075,-0.769527,2.319527,-0.436327,190.504925,1.723134,77.75
country_7,2020-01-31,0.533636,-1.049768,2.599768,0.266968,164.755306,3.622325,77.5
country_7,2020-02-29,0.533636,-0.761317,2.341317,1.699104,216.191212,1.515827,77.5
country_7,2020-03-31,0.533636,-0.84404,1.49404,4.841847,425.77917,1.710279,77.25
country_7,2020-04-30,0.533636,-0.263047,0.313047,6.52928,400.944743,1.531962,70.75
country_7,2020-05-31,0.533636,-0.148201,0.198201,4.832526,503.963337,1.707823,70.0
country_7,2020-06-30,0.533636,-0.636656,0.716656,3.058228,300.240173,1.651901,70.25
country_7,2020-07-31,0.533636,-0.906865,0.996865,2.907095,427.915366,1.539223,69.5
country_7,2020-08-31,0.533636,-1.18107,1.28107,-0.040008,263.471434,1.455986,69.25
country_7,2020-09-30,0.533636,-1.301023,1.391023,-0.859055,252.587843,1.698333,70.25
country_7,2020-10-31,0.533636,-1.140386,1.230386,-0.865017,305.766627,1.661956,70.25
country_7,2020-11-30,0.533636,-1.085745,1.175745,-1.870955,327.609605,1.312348,69.75
country_7,2020-12-31,0.533636,-1.230419,1.320419,-3.108439,326.61663,1.435316,69.25
country_7,2021-01-31,0.114167,-1.283844,1.373844,-3.102919,261.306133,1.901897,70.0
country_7,2021-02-28,0.114167,-1.589817,1.669817,-3.817335,187.519616,1.575488,70.25
country_7,2021-03-31,0.114167,-2.597819,2.667819,-5.526264,166.785532,1.759825,70.75
country_7,2021-04-30,0.114167,-4.063077,4.133077,-7.278299,141.300166,1.978677,74.0
country_7,2021-05-31,0.114167,-4.858257,4.918257,-7.400635,172.096209,2.017265,74.25
country_7,2021-06-30,0.114167,-5.215633,5.295633,-4.500344,149.131269,1.698849,74.0
country_7,2021-07-31,0.114167,-5.145169,5.245169,-2.647175,182.17141,1.250336,74.0
country_7,2021-08-31,0.114167,-5.062015,5.152015,-1.160696,157.195214,2.148202,73.5
country_7,2021-09-30,0.114167,-5.271216,5.351216,-0.574307,171.300448,1.919476,73.5
country_7,2021-10-31,0.114167,-6.155042,6.235042,0.953734,136.920239,1.644486,72.75
country_7,2021-11-30,0.114167,-6.82197,6.90197,3.380398,175.87288,1.862118,72.25
country_7,2021-12-31,0.114167,-7.09434,7.17434,6.258546,201.433665,2.4784,72.25
country_7,2022-01-31,2.2275,-7.478806,7.558806,6.637075,155.279659,3.315881,71.75
country_7,2022-02-28,2.2275,-7.857279,7.937279,6.148016,140.442502,4.87768,71.75
country_7,2022-03-31,2.2275,-8.372205,8.572205,5.880529,229.244742,6.899374,72.0
country_7,2022-04-30,2.2275,-7.901751,8.231751,6.558562,168.827747,3.96594,72.0
country_7,2022-05-31,2.2275,-7.768171,8.538171,10.372064,190.453018,3.146398,72.25
country_7,2022-06-30,2.2275,-7.769361,8.979361,10.536063,152.810574,2.878502,71.75
country_7,2022-07-31,2.2275,-6.782577,8.462577,10.805601,222.789938,2.585105,71.75
country_7,2022-08-31,2.2275,-5.892579,8.222579,10.052642,183.034827,3.132402,71.25
country_7,2022-09-30,2.2275,-5.632107,8.192107,12.758411,201.738489,2.927835,71.5
country_7,2022-10-31,2.2275,-4.678814,7.758814,13.567839,207.275335,3.402249,71.5
country_7,2022-11-30,2.2275,-3.342856,7.122856,9.849467,210.374894,2.696847,71.75
country_7,2022-12-31,2.2275,-2.3046,6.4046,6.365076,150.037124,2.554088,71.75
country_7,2023-01-31,5.1775,-1.997179,6.327179,4.767096,161.427114,2.407127,71.75
country_7,2023-02-28,5.1775,-1.387821,5.957821,5.335714,152.967281,2.975317,72.25
country_7,2023-03-31,5.1775,-0.267719,4.917719,4.285017,200.489936,2.62413,70.5
country_7,2023-04-30,5.1775,-0.12008,4.95008,2.713967,165.417559,2.444877,69.75
country_7,2023-05-31,5.1775,0.928149,4.131851,0.536723,205.176458,2.508179,69.75
country_7,2023-06-30,5.1775,2.009383,3.070617,-0.148934,179.308044,2.458866,70.0
country_7,2023-07-31,5.1775,1.832251,3.287749,-2.701218,132.71063,2.483855,69.75
country_7,2023-08-31,5.1775,1.607495,3.722505,-0.901481,76.844224,2.159932,70.0
country_7,2023-09-30,5.1775,1.642793,3.687207,-1.914263,117.698777,2.22034,70.25
country_7,2023-10-31,5.1775,2.078734,3.251266,-2.238938,133.594075,4.424673,70.5
country_7,2023-11-30,5.1775,2.196654,3.133346,-1.579091,140.677204,3.729896,70.5
country_7,2023-12-31,5.1775,2.01409,3.31591,-0.725919,107.001579,3.424305,70.75
country_7,2024-01-31,5.054167,2.241657,3.088343,1.636553,131.273679,3.851935,70.875
country_7,2024-02-29,5.054167,2.172926,3.157074,1.741832,106.512873,3.39593,71.0
country_7,2024-03-31,5.054167,1.843165,3.486835,1.460127,116.711503,2.944431,71.75
country_7,2024-04-30,5.054167,1.969205,3.360795,3.529301,139.412017,4.018733,71.5
country_7,2024-05-31,5.054167,2.085721,3.244279,2.594362,123.607521,3.107414,71.25
country_7,2024-06-30,5.054167,2.359742,2.970258,3.514496,144.178424,2.688308,71.25
country_7,2024-07-31,5.054167,2.388524,2.941476,3.896104,138.449463,2.093854,71.0
country_7,2024-08-31,5.054167,2.722856,2.607144,1.494477,133.995409,3.209267,71.25
country_7,2024-09-30,5.054167,2.553517,2.426483,-0.320689,202.177624,2.973131,71.25
country_7,2024-10-31,5.054167,2.251156,2.578844,-0.398298,204.928419,3.029554,71.25
country_7,2024-11-30,5.054167,1.890528,2.719472,3.752882,282.59266,3.167307,71.25
country_7,2024-12-31,5.054167,1.534309,2.870691,6.356051,327.575037,3.28952,71.25
country_8,2000-01-31,4.391766,1.493432,1.549468,-6.269153,73.23399,0.113902,82.5
country_8,2000-02-29,4.391766,1.728077,1.547623,-6.676676,97.358429,0.169949,83.25
country_8,2000-03-31,4.391766,1.962777,1.547623,-6.923626,96.091505,0.153286,83.25
country_8,2000-04-30,4.391766,2.618647,1.066353,-7.226212,69.447952,0.125929,84.0
country_8,2000-05-31,4.391766,2.972128,0.947872,-7.962128,135.287133,0.215952,83.25
country_8,2000-06-30,4.391766,2.992716,1.301784,-5.324474,58.290117,0.163193,84.25
country_8,2000-07-31,4.391766,3.012949,1.295651,-5.47485,75.235766,0.154197,85.0
country_8,2000-08-31,4.391766,3.239856,1.179244,-7.716635,76.062932,0.133231,85.0
country_8,2000-09-30,4.391766,2.935652,1.654848,-7.876901,68.369328,0.148248,83.5
country_8,2000-10-31,4.391766,3.105881,1.656819,-8.971314,84.144102,0.17048,83.25
country_8,2000-11-30,4.391766,3.294267,1.534833,-7.694442,91.131136,0.100114,83.25
country_8,2000-12-31,4.391766,2.826807,1.999993,-4.105106,91.888474,0.098799,84.25
country_8,2001-01-31,4.261783,3.347455,1.408445,-2.671649,109.331417,0.086833,83.75
country_8,2001-02-28,4.261783,3.116771,1.875729,-1.675026,134.368205,0.145326,84.5
country_8,2001-03-31,4.261783,2.905671,1.875729,-0.623083,180.830436,0.169756,84.0
country_8,2001-04-30,4.261783,2.719536,2.344664,-0.193517,92.082721,0.117601,84.25
country_8,2001-05-31,4.261783,1.836698,2.816902,-0.146958,73.977578,0.193622,84.5
country_8,2001-06-30,4.261783,2.086233,2.453267,-2.893674,69.78983,0.232226,83.75
country_8,2001-07-31,4.261783,2.412486,2.093014,-2.026703,106.677406,0.238386,83.75
country_8,2001-08-31,4.261783,2.393394,2.097906,1.233722,88.27507,0.171404,83.5
country_8,2001-09-30,4.261783,2.126039,1.860461,2.913104,248.305236,1.552814,84.25
country_8,2001-10-31,4.261783,2.108685,1.862615,3.643115,276.723707,1.213492,84.25
country_8,2001-11-30,4.261783,1.995681,1.511619,2.204188,177.751693,0.849208,83.5
country_8,2001-12-31,4.261783,1.724135,1.614765,0.731351,108.11981,0.523376,83.75
country_8,2002-01-31,3.318592,1.210263,2.083337,-1.612439,95.479482,0.37452,84.0
country_8,2002-02-28,3.318592,1.441795,1.841205,-1.674687,86.479424,0.364081,83.25
country_8,2002-03-31,3.318592,1.19265,2.07135,-1.466191,73.089765,0.373588,83.25
country_8,2002-04-30,3.318592,1.827078,1.489122,-1.444498,106.962792,0.383436,82.5
country_8,2002-05-31,3.318592,2.054296,1.255704,0.932104,80.444552,0.425583,82.75
country_8,2002-06-30,3.318592,2.20825,1.14025,3.514504,120.43538,0.394842,82.75
country_8,2002-07-31,3.318592,2.162749,1.138951,3.980392,124.330256,0.281815,82.75
country_8,2002-08-31,3.318592,2.036996,1.255704,1.992456,107.22741,0.322706,82.75
country_8,2002-09-30,3.318592,2.062896,1.255704,1.60371,115.539947,0.589717,83.5
country_8,2002-10-31,3.318592,2.043248,1.257152,1.665537,96.346489,0.41481,83.5
country_8,2002-11-30,3.318592,2.158825,1.145475,2.764435,103.23679,0.438984,83.5
country_8,2002-12-31,3.318592,1.959427,1.135073,2.846079,128.241453,0.47706,82.75
country_8,2003-01-31,2.333467,1.76639,1.02041,4.731246,84.128324,0.827553,81.75
country_8,2003-02-28,2.333467,1.520565,1.242935,6.068912,230.909568,1.292484,82.75
country_8,2003-03-31,2.333467,1.621605,1.127395,6.000979,230.063009,1.593637,82.0
country_8,2003-04-30,2.333467,1.657561,0.902939,6.177454,155.815824,0.979363,82.0
country_8,2003-05-31,2.333467,1.993403,0.563697,6.726937,120.439693,0.511107,81.75
country_8,2003-06-30,2.333467,1.311379,0.901921,5.805279,78.666076,0.409799,82.0
country_8,2003-07-31,2.333467,1.064785,1.013515,3.733736,59.33775,0.230068,82.25
country_8,2003-08-31,2.333467,0.970705,1.127395,3.404457,59.890293,0.332556,81.75
country_8,2003-09-30,2.333467,1.006242,1.014658,3.232861,89.456357,0.458959,81.75
country_8,2003-10-31,2.333467,0.886133,1.128667,4.409944,87.126705,0.401726,81.75
country_8,2003-11-30,2.333467,0.727238,1.245762,4.206811,106.287788,0.445367,81.25
country_8,2003-12-31,2.333467,0.934366,1.122334,5.158133,61.571723,0.375892,81.25
country_8,2004-01-31,2.106325,0.899066,1.122334,4.433681,59.477986,0.268448,81.75
country_8,2004-02-29,2.106325,1.250243,0.781257,3.433001,83.925871,0.298931,82.25
country_8,2004-03-31,2.106325,1.002354,1.003346,2.364241,117.33881,0.591953,82.25
country_8,2004-04-30,2.106325,0.400161,1.677839,1.602742,104.879604,0.411253,82.25
country_8,2004-05-31,2.106325,-0.114846,2.130046,0.37344,126.78747,0.296309,82.25
country_8,2004-06-30,2.106325,0.239994,1.787706,-0.470035,104.788954,0.534296,82.25
country_8,2004-07-31,2.106325,0.28398,1.78372,0.445374,57.157735,0.217149,82.25
country_8,2004-08-31,2.106325,0.1453,1.8952,1.183052,60.641838,0.28878,82.25
country_8,2004-09-30,2.106325,0.266089,1.785711,1.261859,65.458063,0.385846,82.25
country_8,2004-10-31,2.106325,0.214085,1.897315,0.583835,115.984369,0.314861,82.25
country_8,2004-11-30,2.106325,0.18344,1.90156,1.437202,68.121672,0.564378,78.75
country_8,2004-12-31,2.106325,-0.166254,2.219754,0.912997,54.962205,0.362008,78.75
country_8,2005-01-31,2.184675,0.634267,1.442833,-1.079201,48.379837,0.280577,78.75
country_8,2005-02-28,2.184675,0.397384,1.661116,-1.713062,53.162431,0.534054,82.5
country_8,2005-03-31,2.184675,0.290699,1.766001,-0.072176,40.669957,0.280625,82.5
country_8,2005-04-30,2.184675,0.86557,1.21013,-0.100301,34.602836,0.244269,82.5
country_8,2005-05-31,2.184675,0.862539,1.207461,-1.116152,66.39905,0.376794,82.25
country_8,2005-06-30,2.184675,0.745072,1.317228,-2.424848,95.04406,0.25597,81.5
country_8,2005-07-31,2.184675,0.539492,1.533408,-2.379875,80.359677,0.409073,81.5
country_8,2005-08-31,2.184675,0.529158,1.531742,-2.0484,68.518013,0.417557,81.25
country_8,2005-09-30,2.184675,0.230059,1.864041,-2.337639,202.564335,0.376785,81.25
country_8,2005-10-31,2.184675,0.205101,1.861999,-3.110829,83.171997,0.24131,81.25
country_8,2005-11-30,2.184675,0.329592,1.756308,-4.214421,140.065542,0.253134,82.5
country_8,2005-12-31,2.184675,0.864187,1.411513,-5.23328,63.615405,0.329267,82.75
country_8,2006-01-31,3.079225,0.466438,1.859962,-3.967181,88.123404,0.517082,83.25
country_8,2006-02-28,3.079225,0.497642,1.851858,-3.694626,76.186717,0.359792,83.25
country_8,2006-03-31,3.079225,1.110018,1.409982,-3.99061,94.212904,0.266858,83.25
country_8,2006-04-30,3.079225,0.671775,1.956525,-2.51004,79.127503,0.2695,83.0
country_8,2006-05-31,3.079225,0.841434,1.735366,-1.376526,71.288546,0.40401,83.25
country_8,2006-06-30,3.079225,0.855874,1.841826,0.632911,105.836632,0.371725,83.5
country_8,2006-07-31,3.079225,0.979922,1.833878,0.6396,98.154166,0.428789,83.5
country_8,2006-08-31,3.079225,1.459678,1.508622,-0.05552,59.319845,0.45503,85.75
country_8,2006-09-30,3.079225,1.964575,1.076425,0.074509,93.781333,0.476552,85.75
country_8,2006-10-31,3.079225,2.202932,1.075268,0.318263,54.061634,0.26492,85.75
country_8,2006-11-30,3.079225,1.925323,1.402377,1.121161,71.951942,0.200395,85.75
country_8,2006-12-31,3.079225,2.109233,1.391867,1.591164,84.137988,0.243807,85.75
country_8,2007-01-31,4.277608,1.84461,1.71859,1.47404,74.495671,0.240889,83.5
country_8,2007-02-28,4.277608,1.858274,1.711226,1.998303,47.327862,0.425743,83.5
country_8,2007-03-31,4.277608,1.765775,1.925125,1.927779,100.447657,0.277569,83.75
country_8,2007-04-30,4.277608,1.687317,2.132183,1.853759,69.167509,0.169861,83.75
country_8,2007-05-31,4.277608,1.658317,2.132183,0.856053,28.433985,0.259572,84.0
country_8,2007-06-30,4.277608,2.040815,1.914885,0.018498,45.653174,0.367717,84.5
country_8,2007-07-31,4.277608,2.050487,2.012713,0.350005,37.950648,0.239536,85.75
country_8,2007-08-31,4.277608,1.924271,2.123129,0.481437,117.566295,0.215825,85.75
country_8,2007-09-30,4.277608,1.366195,2.662405,1.265705,186.620852,0.28466,85.75
country_8,2007-10-31,4.277608,1.175447,2.765953,1.642251,141.720167,0.300352,85.75
country_8,2007-11-30,4.277608,0.724232,3.297868,2.291997,88.442462,0.254651,85.5
country_8,2007-12-31,4.277608,0.711204,3.167896,1.308273,116.040053,0.349979,85.5
country_8,2008-01-31,4.634234,1.170698,2.851102,1.128793,186.539098,0.199296,86.0
country_8,2008-02-29,4.634234,1.188778,2.839122,0.619166,127.348653,0.216141,86.25
country_8,2008-03-31,4.634234,0.943037,3.147963,1.90977,91.625206,0.145538,86.25
country_8,2008-04-30,4.634234,1.585951,2.400849,1.305267,78.179485,0.136179,86.0
country_8,2008-05-31,4.634234,0.982549,3.027151,1.254728,53.695785,0.186231,86.0
country_8,2008-06-30,4.634234,0.770785,3.235915,1.165156,114.425369,0.339248,86.0
country_8,2008-07-31,4.634234,0.867847,3.322953,0.798531,85.72582,0.452459,86.0
country_8,2008-08-31,4.634234,1.180388,3.118512,-0.488344,86.25925,0.370383,86.25
country_8,2008-09-30,4.634234,1.472465,2.800835,-1.617498,155.911751,0.335221,86.25
country_8,2008-10-31,4.634234,1.438845,2.380955,-3.203892,256.071784,0.171821,85.5
country_8,2008-11-30,4.634234,1.81137,1.33883,-4.472174,188.75669,0.185836,85.5
country_8,2008-12-31,4.634234,1.360507,1.125893,-1.409603,192.488444,0.108132,85.75
country_8,2009-01-31,1.228358,0.888174,0.924026,-1.198536,174.722743,0.141677,85.25
country_8,2009-02-28,1.228358,0.132359,1.124741,-0.780676,121.999325,0.184266,80.0
country_8,2009-03-31,1.228358,0.655081,0.406919,-1.403223,144.333109,0.145722,80.0
country_8,2009-04-30,1.228358,0.128347,0.713553,-1.996189,120.310985,0.224118,80.75
country_8,2009-05-31,1.228358,0.7821,0.0,-1.430524,112.802029,0.118671,81.0
country_8,2009-06-30,1.228358,0.596879,0.101121,-0.146252,136.320833,0.221846,81.25
country_8,2009-07-31,1.228358,0.860112,-0.502512,-0.528137,79.354016,0.145193,82.0
country_8,2009-08-31,1.228358,0.3475,0.0,1.157407,122.879162,0.136044,82.0
country_8,2009-09-30,1.228358,0.565023,-0.201823,2.083139,59.587851,0.629766,82.0
country_8,2009-10-31,1.228358,0.3587,0.0,4.087633,84.36805,0.252471,81.0
country_8,2009-11-30,1.228358,-0.044106,0.406506,4.319222,106.57058,0.236344,81.25
country_8,2009-12-31,1.228358,-0.45511,0.80971,0.97777,76.332856,0.22528,81.25
country_8,2010-01-31,0.81095,-0.368112,0.712112,-0.666728,105.571084,0.195941,80.5
country_8,2010-02-28,0.81095,-0.164972,0.505572,-2.240118,121.437007,0.265793,83.5
country_8,2010-03-31,0.81095,-0.8681,1.2158,-3.479938,116.470197,0.19685,83.0
country_8,2010-04-30,0.81095,-0.86127,1.21457,-3.814462,153.835547,0.27406,83.0
country_8,2010-05-31,0.81095,-0.8719,1.2158,-5.80514,156.380958,0.272963,81.75
country_8,2010-06-30,0.81095,-0.554782,0.909082,-7.634566,143.119467,0.257998,81.25
country_8,2010-07-31,0.81095,-0.629997,1.111097,-6.435372,193.895432,0.235633,82.25
country_8,2010-08-31,0.81095,-0.582464,1.008064,-6.700229,146.926273,0.187737,81.5
country_8,2010-09-30,0.81095,-0.759742,1.213342,-6.92716,111.593239,0.207483,85.25
country_8,2010-10-31,0.81095,-0.613163,1.314463,-5.767654,116.379759,0.345236,86.25
country_8,2010-11-30,0.81095,-0.925618,1.518218,-6.178594,137.213818,0.387827,83.5
country_8,2010-12-31,0.81095,-0.807124,1.305224,-7.0887,179.4143,0.354998,82.75
country_8,2011-01-31,1.3906,-1.058166,1.717166,-5.919642,140.945842,0.257041,83.5
country_8,2011-02-28,1.3906,-1.204359,1.911459,-3.588675,93.271114,0.309442,83.25
country_8,2011-03-31,1.3906,-1.343301,2.002001,-2.216514,123.785679,0.52903,83.25
country_8,2011-04-30,1.3906,-0.933901,1.900001,-0.635287,80.169268,0.2433,82.75
country_8,2011-05-31,1.3906,-0.968601,2.002001,0.569185,93.211036,0.235639,82.5
country_8,2011-06-30,1.3906,-0.978109,2.102109,1.793855,172.594683,0.259245,82.75
country_8,2011-07-31,1.3906,-1.086109,2.097909,0.136973,184.012304,0.173304,82.5
country_8,2011-08-31,1.3906,-1.190005,2.095805,0.569018,280.614751,0.23607,82.5
country_8,2011-09-30,1.3906,-1.392114,2.397614,0.167142,377.843793,0.184659,82.25
country_8,2011-10-31,1.3906,-1.335812,2.295412,-1.373042,217.819268,0.143986,81.75
country_8,2011-11-30,1.3906,-1.602822,2.392822,-0.867024,327.948393,0.266856,81.75
country_8,2011-12-31,1.3906,-1.35517,1.98217,-0.894701,203.206144,0.285258,81.75
country_8,2012-01-31,0.573183,-1.705399,2.085399,-1.803409,193.761675,0.245171,81.5
country_8,2012-02-29,0.573183,-1.806172,2.171772,-2.190139,127.258274,0.293277,82.75
country_8,2012-03-31,0.573183,-1.802274,2.158974,-2.957486,112.182056,0.175874,82.75
country_8,2012-04-30,0.573183,-1.617618,1.962718,-3.874843,139.848639,0.356669,82.75
country_8,2012-05-31,0.573183,-1.625718,1.962718,-3.883685,169.596484,0.289017,82.5
country_8,2012-06-30,0.573183,-1.334661,1.666661,-4.439685,202.490058,0.273071,82.5
country_8,2012-07-31,0.573183,-1.67489,1.85909,-4.924279,237.981558,0.223343,82.75
country_8,2012-08-31,0.573183,-2.040432,2.150532,-5.04341,161.606183,0.160688,83.25
country_8,2012-09-30,0.573183,-1.949477,2.048777,-3.425599,227.422593,0.186909,83.75
country_8,2012-10-31,0.573183,-1.958077,2.048777,-3.460784,174.702715,0.240754,84.0
country_8,2012-11-30,0.573183,-1.868918,1.947418,-3.449292,214.81981,0.198701,84.25
country_8,2012-12-31,0.573183,-1.967413,2.040813,-1.527778,170.515224,0.240758,84.0
country_8,2013-01-31,0.220667,-1.584691,1.653691,0.49445,198.884183,0.260541,84.0
country_8,2013-02-28,0.220667,-1.478191,1.545891,0.662717,152.420189,0.32761,84.0
country_8,2013-03-31,0.220667,-1.373932,1.440932,-0.230576,201.003036,0.195022,83.75
country_8,2013-04-30,0.220667,-1.073952,1.154952,-0.090698,131.464744,0.232105,83.75
country_8,2013-05-31,0.220667,-1.461239,1.539939,1.147208,65.217128,0.194819,84.0
country_8,2013-06-30,0.220667,-1.746009,1.832209,2.618441,126.394724,0.323452,84.0
country_8,2013-07-31,0.220667,-1.828139,1.921239,3.86394,160.844495,0.200283,84.0
country_8,2013-08-31,0.220667,-1.449108,1.531108,4.448325,131.176863,0.286971,84.0
country_8,2013-09-30,0.220667,-1.353733,1.434033,3.099909,130.391036,0.338644,84.0
country_8,2013-10-31,0.220667,-1.149533,1.242833,3.249721,209.007059,0.318276,84.75
country_8,2013-11-30,0.220667,-1.234055,1.337155,3.745547,110.15919,0.484757,84.75
country_8,2013-12-31,0.220667,-1.25997,1.42857,3.868628,166.102377,0.241465,85.25
country_8,2014-01-31,0.209933,-1.143624,1.339724,2.851692,106.185802,0.298507,85.25
country_8,2014-02-28,0.209933,-1.08022,1.23692,2.603491,134.598723,0.447947,85.25
country_8,2014-03-31,0.209933,-0.849764,1.041664,3.989148,130.778356,0.986046,85.5
country_8,2014-04-30,0.209933,-1.078166,1.332066,3.853137,93.582229,0.512679,86.0
country_8,2014-05-31,0.209933,-0.605082,0.853082,2.669879,129.217997,0.507996,86.0
country_8,2014-06-30,0.209933,-0.965864,1.041664,1.221207,70.298324,0.416402,86.0
country_8,2014-07-31,0.209933,-0.804958,0.848258,0.939943,105.196354,0.874716,86.0
country_8,2014-08-31,0.209933,-0.830358,0.848258,-0.108193,142.967789,0.806919,85.75
country_8,2014-09-30,0.209933,-0.841658,0.848258,-0.975946,177.00503,0.606134,85.25
country_8,2014-10-31,0.209933,-0.759923,0.755423,-1.858955,150.627004,0.376397,84.75
country_8,2014-11-30,0.209933,-0.577102,0.565502,-1.991563,109.457277,0.402366,84.5
country_8,2014-12-31,0.209933,-0.217889,0.187789,-2.754607,152.419621,0.261267,84.5
country_8,2015-01-31,-0.019367,0.23269,-0.28329,-4.891145,201.272467,0.565398,83.0
country_8,2015-02-28,-0.019367,0.010563,-0.046563,-6.134552,161.298829,0.862069,83.75
country_8,2015-03-31,-0.019367,-0.225189,0.174789,-8.261668,80.555384,0.626107,83.25
country_8,2015-04-30,-0.019367,-0.940728,0.866228,-8.245921,105.491477,0.459125,83.25
country_8,2015-05-31,-0.019367,-1.26831,1.16251,-6.432691,113.397195,0.252255,83.5
country_8,2015-06-30,-0.019367,-0.996586,0.878086,-5.48308,212.824682,0.450372,83.5
country_8,2015-07-31,-0.019367,-0.913402,0.795702,-5.851794,176.398039,0.606087,83.25
country_8,2015-08-31,-0.019367,-0.917002,0.795702,-4.066562,158.680903,0.296862,83.75
country_8,2015-09-30,-0.019367,-0.730947,0.595247,-2.249876,165.866966,0.526362,84.0
country_8,2015-10-31,-0.019367,-1.016986,0.878086,-1.964322,187.636016,0.348729,83.5
country_8,2015-11-30,-0.019367,-0.309489,0.174789,-4.334334,193.554345,0.721461,83.0
country_8,2015-12-31,-0.019367,-0.373789,0.174789,-3.590664,127.086072,0.536101,84.5
country_8,2016-01-31,-0.263692,-0.746311,0.507611,-0.359269,203.99564,0.477382,84.25
country_8,2016-02-29,-0.263692,-0.3412,0.1008,1.242879,181.860909,0.660534,84.5
country_8,2016-03-31,-0.263692,-0.588633,0.300933,2.643775,190.581825,0.475307,84.25
country_8,2016-04-30,-0.263692,-0.238016,-0.099784,3.482587,124.168178,0.306734,84.75
country_8,2016-05-31,-0.263692,-0.53727,0.19927,2.800125,131.461197,0.400601,85.0
country_8,2016-06-30,-0.263692,-0.631355,0.298855,1.795351,454.005453,0.358711,85.0
country_8,2016-07-31,-0.263692,-0.825834,0.497034,2.228006,331.668177,0.648235,85.0
country_8,2016-08-31,-0.263692,-0.736348,0.397548,0.84163,223.127356,0.346289,85.0
country_8,2016-09-30,-0.263692,-0.94061,0.59761,0.193502,219.077368,0.272232,84.5
country_8,2016-10-31,-0.263692,-1.143479,0.796879,0.245349,148.260539,0.348483,84.5
country_8,2016-11-30,-0.263692,-1.151154,0.802454,1.757874,322.220335,0.410235,85.0
country_8,2016-12-31,-0.263692,-1.854944,1.504544,0.444858,246.814251,0.687027,85.0
country_8,2017-01-31,-0.32905,-1.967695,1.616195,-0.535696,335.641495,0.455835,85.0
country_8,2017-02-28,-0.32905,-2.266227,1.913427,-1.483376,170.400454,0.622315,84.5
country_8,2017-03-31,-0.32905,-1.753466,1.399966,-0.892766,222.123027,0.331667,84.75
country_8,2017-04-30,-0.32905,-2.055218,1.698318,-1.2991,204.838831,0.457077,84.5
country_8,2017-05-31,-0.32905,-1.551743,1.192843,-0.711454,151.384413,0.487409,84.5
country_8,2017-06-30,-0.32905,-1.748935,1.390235,0.387399,192.22429,0.495356,84.5
country_8,2017-07-31,-0.32905,-1.744234,1.384734,1.700784,142.712363,0.720606,84.75
country_8,2017-08-31,-0.32905,-1.939992,1.584192,2.412214,104.730807,0.453963,84.75
country_8,2017-09-30,-0.32905,-2.041285,1.683185,2.104086,164.526791,0.494333,84.75
country_8,2017-10-31,-0.32905,-1.643568,1.284568,1.957985,142.697508,0.568136,84.75
country_8,2017-11-30,-0.32905,-1.941173,1.591973,2.282776,189.635588,0.298771,84.25
country_8,2017-12-31,-0.32905,-1.725666,1.383366,2.853023,110.69769,0.246733,84.0
country_8,2018-01-31,-0.322092,-1.754017,1.391617,3.169342,150.035579,0.425163,83.5
country_8,2018-02-28,-0.322092,-1.451673,1.086973,3.509865,97.528966,0.302241,84.5
country_8,2018-03-31,-0.322092,-1.843239,1.479339,3.810313,113.259399,0.70129,84.25
country_8,2018-04-30,-0.322092,-1.642697,1.276997,3.948596,127.536061,0.552844,84.75
country_8,2018-05-31,-0.322092,-2.425319,2.062819,2.415805,178.885448,0.924447,84.75
country_8,2018-06-30,-0.322092,-2.222705,1.860905,1.584239,209.002053,0.557598,84.0
country_8,2018-07-31,-0.322092,-2.217242,1.853642,1.251752,219.137164,0.674551,84.25
country_8,2018-08-31,-0.322092,-2.210936,1.851836,0.506857,174.676102,0.452367,84.0
country_8,2018-09-30,-0.322092,-2.310185,1.947485,1.294176,231.356674,0.239395,84.0
country_8,2018-10-31,-0.322092,-2.707463,2.341463,0.970194,193.907056,0.494315,84.0
country_8,2018-11-30,-0.322092,-2.418156,2.056856,0.522771,148.172754,0.364515,83.5
country_8,2018-12-31,-0.322092,-1.919987,1.559487,0.20028,225.897909,0.375499,83.0
country_8,2019-01-31,-0.356333,-1.739516,1.372516,-0.672623,168.08723,0.365491,82.75
country_8,2019-02-28,-0.356333,-1.833226,1.466226,-1.183788,155.946473,0.575961,83.25
country_8,2019-03-31,-0.356333,-1.631246,1.263346,-1.865151,248.374716,0.312839,83.5
country_8,2019-04-30,-0.356333,-2.403809,2.036809,-1.465603,198.250487,0.264124,83.5
country_8,2019-05-31,-0.356333,-1.810344,1.443744,-0.789605,145.924355,0.545861,84.0
country_8,2019-06-30,-0.356333,-1.996232,1.634632,-0.279916,171.369904,0.625593,83.25
country_8,2019-07-31,-0.356333,-2.090938,1.724138,-1.513203,246.241901,0.517653,83.25
country_8,2019-08-31,-0.356333,-1.796655,1.435455,-1.334915,314.258145,0.579595,83.25
country_8,2019-09-30,-0.356333,-1.644826,1.241626,-2.407862,207.234313,0.411887,83.0
country_8,2019-10-31,-0.356333,-1.693544,1.143946,-1.961367,210.185052,0.361557,83.25
country_8,2019-11-30,-0.356333,-1.594828,1.055678,-2.110211,181.504806,0.3125,83.0
country_8,2019-12-31,-0.356333,-2.075645,1.535444,-1.848891,207.246132,0.271818,83.0
country_8,2020-01-31,-0.42515,-2.278234,1.740813,-1.44532,131.507609,1.023605,83.0
country_8,2020-02-29,-0.42515,-2.191609,1.653385,-1.350254,304.094965,0.490415,82.5
country_8,2020-03-31,-0.42515,-2.001123,1.465494,1.3416,498.057439,0.320677,79.25
country_8,2020-04-30,-0.42515,-1.136699,0.601231,1.214206,374.946942,0.255327,78.0
country_8,2020-05-31,-0.42515,-0.950465,0.410273,0.916784,397.715993,0.315429,77.75
country_8,2020-06-30,-0.42515,-0.769498,0.225033,0.942356,278.872205,0.267626,79.0
country_8,2020-07-31,-0.42515,0.491325,-1.040881,0.582446,312.931601,0.20703,78.75
country_8,2020-08-31,-0.42515,0.302109,-0.854197,1.342954,215.738219,0.436351,78.75
country_8,2020-09-30,-0.42515,0.301264,-0.854197,1.792548,295.318504,0.631834,78.75
country_8,2020-10-31,-0.42515,0.194245,-0.748885,2.101647,443.742431,0.396507,78.75
country_8,2020-11-30,-0.42515,-0.361092,-0.195124,2.595014,387.494481,0.330381,78.5
country_8,2020-12-31,-0.42515,0.010759,-0.567108,2.728846,227.944004,0.396601,78.5
country_8,2021-01-31,-0.548767,-1.768226,1.202462,4.050867,210.232097,0.291919,78.25
country_8,2021-02-28,-0.548767,-2.061998,1.498477,4.137079,223.453629,0.401121,84.0
country_8,2021-03-31,-0.548767,-2.358372,1.794605,1.664828,263.663202,0.371179,83.5
country_8,2021-04-30,-0.548767,-2.558118,1.992062,1.529541,236.379017,0.474882,83.5
country_8,2021-05-31,-0.548767,-2.755918,2.191212,1.477488,168.612507,0.527033,83.25
country_8,2021-06-30,-0.548767,-2.952204,2.388078,0.556162,192.497674,0.3899,84.0
country_8,2021-07-31,-0.548767,-4.277703,3.711181,0.898562,346.434182,0.215112,84.5
country_8,2021-08-31,-0.548767,-4.379555,3.811455,-0.543908,364.099781,0.444123,83.25
country_8,2021-09-30,-0.548767,-4.681732,4.112371,-0.504551,361.967065,0.234082,83.0
country_8,2021-10-31,-0.548767,-4.974769,4.404356,-1.237011,304.225759,0.295739,83.25
country_8,2021-11-30,-0.548767,-5.387716,4.814479,-1.334396,395.571635,0.720208,82.75
country_8,2021-12-31,-0.548767,-5.486202,4.90983,-2.101298,597.936197,0.863984,82.5
country_8,2022-01-31,0.341567,-4.737888,4.158422,-3.31165,478.204526,1.241032,82.25
country_8,2022-02-28,0.341567,-4.907091,4.330758,-3.053661,394.119097,2.572234,82.25
country_8,2022-03-31,0.341567,-6.454291,5.876588,-2.939726,785.025607,2.662494,82.25
country_8,2022-04-30,0.341567,-6.83369,6.249983,-4.253643,707.874399,1.67386,81.0
country_8,2022-05-31,0.341567,-7.602339,7.017597,-4.053123,616.047268,1.046913,80.75
country_8,2022-06-30,0.341567,-7.288202,6.705578,-4.365432,589.16423,1.283259,80.75
country_8,2022-07-31,0.341567,-7.244122,6.673057,-5.333465,765.022211,0.894621,80.25
country_8,2022-08-31,0.341567,-7.051132,6.95648,-5.210301,742.738706,0.609901,78.25
country_8,2022-09-30,0.341567,-8.31957,8.574154,-3.917669,844.854721,0.989691,78.0
country_8,2022-10-31,0.341567,-8.165321,8.8207,-2.785571,753.229747,0.840623,78.25
country_8,2022-11-30,0.341567,-7.537195,8.803814,-1.160678,767.656978,0.701294,78.75
country_8,2022-12-31,0.341567,-6.614459,8.118423,-0.607472,584.185453,0.520736,79.25
country_8,2023-01-31,3.4306,-6.748891,8.650202,0.479103,520.125651,0.897144,79.25
country_8,2023-02-28,3.4306,-6.478592,8.679234,0.682977,472.109235,0.800534,79.25
country_8,2023-03-31,3.4306,-4.892216,7.40058,1.036691,572.473541,0.636868,79.25
country_8,2023-04-30,3.4306,-4.270023,7.169104,3.105718,403.133594,0.609598,79.0
country_8,2023-05-31,3.4306,-3.055691,6.102,2.440275,439.083041,0.617957,79.25
country_8,2023-06-30,3.4306,-3.170647,6.375237,3.707529,481.657455,0.69729,79.0
country_8,2023-07-31,3.4306,-2.761716,6.164979,5.87436,520.262046,0.707899,78.75
country_8,2023-08-31,3.4306,-2.532423,6.142789,6.105109,661.260914,0.479311,78.75
country_8,2023-09-30,3.4306,-0.812726,4.525248,4.439615,737.681932,0.453748,79.25
country_8,2023-10-31,3.4306,0.112531,3.78853,3.576582,669.56517,0.794172,78.5
country_8,2023-11-30,3.4306,0.736536,3.166208,2.665169,626.137039,0.325427,78.5
country_8,2023-12-31,3.4306,0.193187,3.710255,2.190078,672.517866,0.514933,78.25
country_8,2024-01-31,3.736115,1.015542,2.887107,1.846404,729.896908,0.538645,78.25
country_8,2024-02-29,3.736115,1.391334,2.517342,1.245317,596.115339,0.706668,78.25
country_8,2024-03-31,3.736115,1.754004,2.153307,1.247359,550.274706,0.657733,78.0
country_8,2024-04-30,3.736115,1.678464,2.229815,0.438859,640.374238,0.721473,79.75
country_8,2024-05-31,3.736115,1.503526,2.403437,0.850766,637.041287,0.477123,79.5
country_8,2024-06-30,3.736115,1.560036,2.225996,0.21908,667.667335,0.450165,79.75
country_8,2024-07-31,3.736115,1.357339,2.30575,-0.37516,849.168768,0.431088,80.25
country_8,2024-08-31,3.736115,1.792036,1.87232,-0.444884,524.978224,0.424104,80.0
country_8,2024-09-30,3.736115,1.97914,1.612953,-0.158541,202.177624,0.494438,80.0
country_8,2024-10-31,3.736115,1.334027,2.037367,0.109464,204.928419,0.550266,80.0
country_8,2024-11-30,3.736115,0.948459,2.216508,-0.547046,282.59266,0.698948,80.0
country_8,2024-12-31,3.736115,0.462125,2.640562,-0.41866,327.575037,0.535503,80.0
country_9,2000-01-31,0.23,0.734078,-0.713548,6.950187,78.492236,0.08093,83.75
country_9,2000-02-29,0.23,0.648632,-0.614132,5.48361,77.425889,0.066766,83.0
country_9,2000-03-31,0.23,0.532612,-0.511252,10.552214,78.065617,0.1396,82.0
country_9,2000-04-30,0.23,0.833878,-0.813878,12.052473,102.034318,0.08995,82.75
country_9,2000-05-31,0.23,0.733146,-0.712146,13.424505,87.658836,0.105135,83.25
country_9,2000-06-30,0.23,0.633152,-0.612242,13.014975,150.082825,0.154604,82.75
country_9,2000-07-31,0.23,0.5333,-0.5123,10.398958,96.959441,0.183851,83.25
country_9,2000-08-31,0.23,0.66594,-0.51072,5.514323,81.111462,0.08882,83.75
country_9,2000-09-30,0.23,1.166003,-0.916503,0.99356,63.244262,0.092305,83.5
country_9,2000-10-31,0.23,1.365548,-1.117928,-0.042774,75.110063,0.093489,83.5
country_9,2000-11-30,0.23,1.065499,-0.817999,-1.553527,94.625707,0.108457,83.5
country_9,2000-12-31,0.23,0.651688,-0.410258,-6.760045,112.469393,0.058662,83.75
country_9,2001-01-31,0.066167,0.556967,-0.308017,-8.406971,117.046643,0.07815,84.0
country_9,2001-02-28,0.066167,0.557379,-0.308959,-4.233007,146.875737,0.097937,83.3
country_9,2001-03-31,0.066167,0.723317,-0.616647,-10.738131,169.359338,0.15059,83.5
country_9,2001-04-30,0.066167,0.737949,-0.717949,-13.042683,149.768596,0.123632,84.5
country_9,2001-05-31,0.066167,0.735794,-0.717224,-10.802165,99.366272,0.122437,86.25
country_9,2001-06-30,0.066167,0.736316,-0.718696,-11.314649,98.741495,0.107181,85.75
country_9,2001-07-31,0.066167,0.733767,-0.720907,-11.598882,145.326014,0.175653,85.5
country_9,2001-08-31,0.066167,0.728696,-0.718696,-11.087802,126.470763,0.062329,85.5
country_9,2001-09-30,0.066167,0.724475,-0.719425,-10.955244,123.563369,1.236834,85.5
country_9,2001-10-31,0.066167,0.722565,-0.719425,-11.767942,103.802925,0.910119,85.75
country_9,2001-11-30,0.066167,0.930261,-0.927831,-12.255925,97.957601,0.520576,84.75
country_9,2001-12-31,0.066167,1.134695,-1.132855,-12.527053,114.177079,0.382958,84.25
country_9,2002-01-31,0.0055,1.339934,-1.338824,-11.878601,115.135993,0.347117,84.25
country_9,2002-02-28,0.0055,1.550591,-1.549591,-13.413901,139.728089,0.295032,83.5
country_9,2002-03-31,0.0055,1.243007,-1.240957,-8.525521,94.179321,0.165074,84.0
country_9,2002-04-30,0.0055,1.034537,-1.033057,-7.685296,81.777672,0.187117,83.5
country_9,2002-05-31,0.0055,0.826967,-0.825587,-7.006897,92.037037,0.285706,83.5
country_9,2002-06-30,0.0055,0.725289,-0.723889,-6.052052,98.716195,0.354741,83.25
country_9,2002-07-31,0.0055,0.831649,-0.829869,-1.334551,91.935453,0.221652,84.25
country_9,2002-08-31,0.0055,0.829154,-0.827294,-2.40805,113.455022,0.21944,84.75
country_9,2002-09-30,0.0055,0.729888,-0.724628,-5.612767,118.790655,0.387002,85.0
country_9,2002-10-31,0.0055,0.933583,-0.931673,-6.547495,148.949161,0.552146,85.0
country_9,2002-11-30,0.0055,0.418185,-0.416235,-4.660602,115.834436,0.31819,85.25
country_9,2002-12-31,0.0055,0.314449,-0.312499,-1.862902,103.372343,0.627541,85.25
country_9,2003-01-31,0.010917,0.419538,-0.417538,3.162777,93.465429,0.762064,85.25
country_9,2003-02-28,0.010917,0.210859,-0.209859,3.123072,95.257953,0.753151,85.75
country_9,2003-03-31,0.010917,0.106705,-0.104705,2.150212,122.305155,0.814833,86.5
country_9,2003-04-30,0.010917,0.105387,-0.104387,1.298899,112.279145,0.655824,86.75
country_9,2003-05-31,0.010917,0.209112,-0.208112,-0.548799,128.31769,0.305522,85.5
country_9,2003-06-30,0.010917,0.417658,-0.416658,-3.048736,108.61536,0.394733,85.5
country_9,2003-07-31,0.010917,0.211211,-0.209211,-5.709404,82.342243,0.377312,85.5
country_9,2003-08-31,0.010917,0.313825,-0.312825,-5.439807,66.898065,0.413364,86.0
country_9,2003-09-30,0.010917,0.210557,-0.208557,-1.539017,87.949519,0.264784,86.5
country_9,2003-10-31,0.010917,0.001,0.0,4.507711,99.723428,0.318145,86.5
country_9,2003-11-30,0.010917,0.523471,-0.522471,3.046095,83.992293,0.328007,86.25
country_9,2003-12-31,0.010917,0.418975,-0.417975,4.159869,65.484815,0.42686,87.0
country_9,2004-01-31,0.007083,0.314464,-0.314464,3.205837,71.462925,0.280379,87.0
country_9,2004-02-29,0.007083,0.001,0.0,4.015554,63.516403,0.338993,86.0
country_9,2004-03-31,0.007083,0.105825,-0.104825,1.823303,67.151446,0.285968,86.25
country_9,2004-04-30,0.007083,0.417975,-0.417975,3.719256,73.130291,0.509596,86.25
country_9,2004-05-31,0.007083,0.522381,-0.521381,-0.260999,75.444145,0.243502,86.25
country_9,2004-06-30,0.007083,0.001,0.0,3.326026,83.248362,0.325354,86.5
country_9,2004-07-31,0.007083,0.104825,-0.104825,2.483956,79.372747,0.199053,86.5
country_9,2004-08-31,0.007083,0.210211,-0.209211,1.195669,70.129002,0.197586,85.25
country_9,2004-09-30,0.007083,0.001,0.0,-1.100756,65.874425,0.257231,85.25
country_9,2004-10-31,0.007083,-0.521471,0.522471,-3.802497,64.160472,0.24044,84.5
country_9,2004-11-30,0.007083,-0.83934,0.84034,-1.609801,69.264883,0.189127,85.0
country_9,2004-12-31,0.007083,-0.208859,0.209859,-2.491635,78.245317,0.238163,85.0
country_9,2005-01-31,0.00125,-0.209301,0.210301,-1.928021,52.253912,0.211187,85.0
country_9,2005-02-28,0.00125,0.106155,-0.105155,-3.896477,70.41391,0.312068,84.5
country_9,2005-03-31,0.00125,0.002,0.0,-3.333819,49.709804,0.209037,84.5
country_9,2005-04-30,0.00125,-0.103935,0.104935,-5.443898,70.37361,0.164808,84.5
country_9,2005-05-31,0.00125,-0.103815,0.104815,-1.218692,70.237964,0.284091,84.25
country_9,2005-06-30,0.00125,0.524017,-0.523017,-4.367547,65.722717,0.222845,84.25
country_9,2005-07-31,0.00125,0.315794,-0.314794,-6.424046,59.568734,0.451812,84.25
country_9,2005-08-31,0.00125,0.315464,-0.314464,-5.692205,90.463955,0.229818,84.0
country_9,2005-09-30,0.00125,0.314478,-0.313478,-6.284781,66.427203,0.259953,84.0
country_9,2005-10-31,0.00125,0.832604,-0.831604,-9.609145,65.261177,0.135019,84.5
country_9,2005-11-30,0.00125,1.042666,-1.041666,-13.71896,79.819699,0.176889,84.5
country_9,2005-12-31,0.00125,0.41984,-0.41884,-13.513908,67.054934,0.100348,84.25
country_9,2006-01-31,0.252083,0.105935,-0.104935,-12.989661,68.104701,0.129271,84.25
country_9,2006-02-28,0.252083,0.106266,-0.105266,-12.956314,57.113824,0.152832,84.75
country_9,2006-03-31,0.252083,0.211859,-0.209859,-11.86747,71.638727,0.134864,84.5
country_9,2006-04-30,0.252083,0.106825,-0.104825,-11.438183,71.431499,0.13475,84.5
country_9,2006-05-31,0.252083,-0.084725,0.104725,-9.249167,66.429133,0.08978,85.25
country_9,2006-06-30,0.252083,-0.489767,0.525767,-9.814871,68.928419,0.256883,85.5
country_9,2006-07-31,0.252083,-0.160788,0.315788,-8.581326,68.136668,0.5876,85.0
country_9,2006-08-31,0.252083,-0.696368,0.946368,-8.604523,48.415317,0.164585,85.0
country_9,2006-09-30,0.252083,-0.367928,0.628928,-9.081552,62.329296,0.176051,85.25
country_9,2006-10-31,0.252083,-0.165289,0.419289,-7.571184,62.761965,0.872154,85.25
country_9,2006-11-30,0.252083,-0.058788,0.315788,-5.453935,66.103165,0.242903,85.25
country_9,2006-12-31,0.252083,-0.060456,0.315456,-6.137093,66.173488,0.230804,85.5
country_9,2007-01-31,0.576167,0.267,0.0,-9.430962,74.193406,0.169858,85.25
country_9,2007-02-28,0.576167,0.567744,-0.210744,-8.439326,71.66876,0.273927,84.75
country_9,2007-03-31,0.576167,0.614155,-0.105155,-6.664388,78.231609,0.185046,84.25
country_9,2007-04-30,0.576167,0.511,0.0,-7.994475,75.379157,0.141017,83.75
country_9,2007-05-31,0.576167,0.521,0.0,-12.860717,68.736069,0.110318,84.5
country_9,2007-06-30,0.576167,0.719211,-0.209211,-13.156332,65.70252,0.155329,83.75
country_9,2007-07-31,0.576167,0.499,0.0,-12.461247,86.502621,0.178034,83.75
country_9,2007-08-31,0.576167,0.693329,-0.208329,-7.836882,97.604006,0.180912,83.75
country_9,2007-09-30,0.576167,0.718329,-0.208329,-6.574937,86.518344,0.181431,83.25
country_9,2007-10-31,0.576167,0.297236,0.208764,-7.652926,89.107032,0.165909,84.75
country_9,2007-11-30,0.576167,-0.129599,0.629599,-4.597089,85.433347,0.140807,84.5
country_9,2007-12-31,0.576167,-0.131928,0.628928,-4.47882,94.557204,0.129622,84.0
country_9,2008-01-31,0.560667,-0.233305,0.735305,0.831562,128.331063,0.152586,84.0
country_9,2008-02-29,0.560667,-0.551965,1.055965,1.173268,106.318497,0.098535,84.0
country_9,2008-03-31,0.560667,-0.646897,1.157897,3.588429,151.555303,0.071221,82.75
country_9,2008-04-30,0.560667,-0.228523,0.734523,3.152857,104.243023,0.136179,82.5
country_9,2008-05-31,0.560667,-0.750225,1.255225,4.50804,93.74999,0.094642,83.0
country_9,2008-06-30,0.560667,-1.48261,1.99161,3.83864,96.07962,0.159838,82.75
country_9,2008-07-31,0.560667,-1.805504,2.308504,3.708805,103.308271,0.267512,81.75
country_9,2008-08-31,0.560667,-1.583681,2.087681,-1.281572,108.043575,0.143482,82.0
country_9,2008-09-30,0.560667,-1.592681,2.087681,3.020134,144.419669,0.156219,81.75
country_9,2008-10-31,0.560667,-1.283843,1.770843,17.549226,239.092253,0.149953,82.75
country_9,2008-11-30,0.560667,-0.637474,0.938474,20.855814,131.139543,0.155426,82.75
country_9,2008-12-31,0.560667,-0.205668,0.416668,28.999153,147.187428,0.074574,81.5
country_9,2009-01-31,0.578333,0.12,0.0,26.014845,129.4557,0.086389,80.5
country_9,2009-02-28,0.578333,0.215486,-0.104486,26.226923,168.336384,0.225632,80.5
country_9,2009-03-31,0.578333,0.308112,-0.208112,13.847649,128.52755,0.190826,80.5
country_9,2009-04-30,0.578333,0.104,0.0,13.972528,119.821347,0.365095,80.5
country_9,2009-05-31,0.578333,1.135057,-1.033057,14.433556,118.457386,0.323648,80.5
country_9,2009-06-30,0.578333,1.851163,-1.747163,16.216725,120.331497,0.172965,81.25
country_9,2009-07-31,0.578333,2.358415,-2.256415,19.303737,137.181065,0.206327,75.75
country_9,2009-08-31,0.578333,2.355483,-2.249483,17.843267,147.877659,0.216069,75.75
country_9,2009-09-30,0.578333,2.351483,-2.249483,15.553746,122.963249,0.14037,77.25
country_9,2009-10-31,0.578333,2.664867,-2.558867,3.350138,112.615107,0.142237,77.75
country_9,2009-11-30,0.578333,1.964507,-1.859507,-1.608682,114.267713,0.137232,78.5
country_9,2009-12-31,0.578333,1.760748,-1.659748,-7.422816,127.355012,0.120685,78.5
country_9,2010-01-31,0.383333,1.138762,-1.042762,-9.467714,110.070293,0.166365,81.0
country_9,2010-02-28,0.383333,0.833228,-0.732228,-6.791122,103.983721,0.083743,80.0
country_9,2010-03-31,0.383333,0.931206,-0.834206,-2.344174,85.788342,0.122183,80.75
country_9,2010-04-30,0.383333,1.030496,-0.937496,-3.33626,112.98242,0.096099,80.75
country_9,2010-05-31,0.383333,0.821689,-0.730689,0.432173,180.957285,0.259315,80.75
country_9,2010-06-30,0.383333,0.827228,-0.732228,3.82841,200.476796,0.120399,80.25
country_9,2010-07-31,0.383333,1.038382,-0.944382,3.792637,140.983908,0.059788,82.0
country_9,2010-08-31,0.383333,1.24563,-1.15063,6.617884,146.914726,0.146435,81.75
country_9,2010-09-30,0.383333,1.032429,-0.941429,3.868139,123.980423,0.193417,82.0
country_9,2010-10-31,0.383333,0.30108,-0.21008,5.145555,97.943515,0.170974,82.0
country_9,2010-11-30,0.383333,0.406788,-0.315788,3.121333,109.106476,0.307467,81.75
country_9,2010-12-31,0.383333,0.403454,-0.316454,2.988016,107.59514,0.215265,81.25
country_9,2011-01-31,0.332597,0.611865,-0.526865,4.289157,109.067367,0.108609,81.0
country_9,2011-02-28,0.332597,0.619865,-0.526865,1.03296,104.531889,0.123777,80.75
country_9,2011-03-31,0.332597,0.610767,-0.525767,2.16199,110.073206,0.499085,79.5
country_9,2011-04-30,0.332597,0.482612,-0.420612,2.270663,118.883588,0.178897,80.5
country_9,2011-05-31,0.332597,0.489612,-0.420612,1.043908,115.034199,0.171373,80.5
country_9,2011-06-30,0.332597,0.385121,-0.316121,-0.569068,116.519419,0.082814,80.25
country_9,2011-07-31,0.332597,-0.13886,0.21186,-1.532097,145.957253,0.110619,80.25
country_9,2011-08-31,0.332597,-0.130636,0.211636,-0.29414,232.440029,0.093679,80.25
country_9,2011-09-30,0.332597,0.08,0.0,1.598191,149.399978,0.106534,82.25
country_9,2011-10-31,0.332597,0.291522,-0.210522,1.661179,161.510128,0.080773,81.0
country_9,2011-11-30,0.332597,0.604978,-0.527978,1.464118,155.34657,0.152998,81.0
country_9,2011-12-31,0.332597,0.289646,-0.211646,2.57215,135.238819,0.197779,80.5
country_9,2012-01-31,0.327211,-0.025935,0.105935,3.935613,138.500668,0.193165,80.25
country_9,2012-02-29,0.327211,-0.232795,0.317795,1.92773,133.040048,0.121882,80.0
country_9,2012-03-31,0.327211,-0.444546,0.528546,-3.112114,115.984921,0.217256,79.75
country_9,2012-04-30,0.327211,-0.452978,0.527978,2.042629,139.262596,0.246633,80.0
country_9,2012-05-31,0.327211,-0.127189,0.211189,2.665615,143.520107,0.151734,80.0
country_9,2012-06-30,0.327211,0.287412,-0.211412,3.402587,171.405333,0.093517,80.0
country_9,2012-07-31,0.327211,0.612536,-0.528536,2.567294,98.094819,0.092418,79.75
country_9,2012-08-31,0.327211,0.508388,-0.422388,-0.665658,98.836618,0.127055,79.75
country_9,2012-09-30,0.327211,0.401789,-0.316789,-3.309342,103.439498,0.128271,79.25
country_9,2012-10-31,0.327211,0.506943,-0.421943,-5.719123,116.130877,0.104676,80.0
country_9,2012-11-30,0.327211,0.19216,-0.10616,-6.871028,125.197956,0.113544,79.5
country_9,2012-12-31,0.327211,0.294085,-0.212085,-10.76946,139.899017,0.178627,79.0
country_9,2013-01-31,0.236704,0.400459,-0.317459,-17.243423,95.449996,0.304576,79.0
country_9,2013-02-28,0.236704,0.819177,-0.739177,-18.790199,104.490512,0.224985,79.75
country_9,2013-03-31,0.236704,1.026368,-0.946368,-15.570545,124.476717,0.173747,79.75
country_9,2013-04-30,0.236704,0.805284,-0.735284,-19.439829,95.098455,0.445493,79.0
country_9,2013-05-31,0.236704,0.386121,-0.316121,-24.012905,93.068599,0.144311,78.5
country_9,2013-06-30,0.236704,-0.14186,0.21186,-21.836379,110.753195,0.156018,79.25
country_9,2013-07-31,0.236704,-0.67389,0.74389,-23.270631,120.631611,0.094251,78.75
country_9,2013-08-31,0.236704,-0.77836,0.84836,-21.542796,84.348953,0.076526,79.25
country_9,2013-09-30,0.236704,-0.989321,1.059321,-22.331364,99.645512,0.115447,79.25
country_9,2013-10-31,0.236704,-1.095246,1.165246,-20.548052,102.229242,0.079569,80.75
country_9,2013-11-30,0.236704,-1.417769,1.487769,-19.749518,70.63022,0.128763,80.75
country_9,2013-12-31,0.236704,-1.524053,1.594053,-19.279023,89.413223,0.133222,81.0
country_9,2014-01-31,0.204917,-1.31003,1.38003,-13.932665,100.171941,0.098193,81.0
country_9,2014-02-28,0.204917,-1.515738,1.595738,-7.901188,127.795273,0.091248,81.5
country_9,2014-03-31,0.204917,-1.52235,1.59235,-7.237968,110.051293,0.260465,82.0
country_9,2014-04-30,0.204917,-3.326247,3.386247,-2.543705,112.392394,0.244508,81.5
country_9,2014-05-31,0.204917,-3.629791,3.699791,1.192883,87.531152,0.146754,81.25
country_9,2014-06-30,0.204917,-3.52409,3.59409,-3.162285,63.501263,0.067418,81.5
country_9,2014-07-31,0.204917,-3.411009,3.481009,-1.156584,75.109457,0.168667,81.5
country_9,2014-08-31,0.204917,-3.294924,3.364924,-3.736776,77.939694,0.227592,81.25
country_9,2014-09-30,0.204917,-3.179507,3.249507,-5.206995,92.275001,0.156551,80.75
country_9,2014-10-31,0.204917,-2.767235,2.827235,-5.866169,103.263833,0.079842,81.0
country_9,2014-11-30,0.204917,-2.4531,2.5131,-10.32413,108.153264,0.144852,79.25
country_9,2014-12-31,0.204917,-2.335855,2.405855,-8.330743,105.828022,0.095798,78.75
country_9,2015-01-31,0.169667,-2.338385,2.408385,-5.753225,91.148459,0.217783,79.5
country_9,2015-02-28,0.169667,-2.118965,2.198965,-7.60647,74.640188,0.196132,80.75
country_9,2015-03-31,0.169667,-2.228855,2.298855,-7.648929,76.945985,0.090621,81.0
country_9,2015-04-30,0.169667,-0.65651,0.71651,-8.858208,80.570585,0.191302,80.75
country_9,2015-05-31,0.169667,-0.541638,0.611638,-10.949051,89.066463,0.136816,80.75
country_9,2015-06-30,0.169667,-0.338195,0.408195,-12.801763,82.121746,0.112593,80.5
country_9,2015-07-31,0.169667,-0.13392,0.20392,-12.031203,98.012919,0.129876,80.75
country_9,2015-08-31,0.169667,-0.021722,0.101722,-9.760032,115.56438,0.127226,81.25
country_9,2015-09-30,0.169667,0.07,0.0,-3.689806,122.347573,0.104402,81.5
country_9,2015-10-31,0.169667,-0.225528,0.305528,-4.112735,112.803549,0.08921,82.25
country_9,2015-11-30,0.169667,-0.124286,0.204286,1.115573,92.931815,0.150685,82.25
country_9,2015-12-31,0.169667,-0.134286,0.204286,3.763988,96.20572,0.172142,82.25
country_9,2016-01-31,0.073667,0.172242,-0.102242,5.375869,134.573028,0.278087,82.5
country_9,2016-02-29,0.073667,-0.174914,0.204914,7.523546,169.836471,0.2055,82.5
country_9,2016-03-31,0.073667,-0.003,0.0,8.315754,140.291242,0.239917,82.5
country_9,2016-04-30,0.073667,0.268917,-0.304917,10.084034,133.021327,0.250964,82.0
country_9,2016-05-31,0.073667,0.4476,-0.5066,13.405878,159.13663,0.236719,81.75
country_9,2016-06-30,0.073667,0.249917,-0.304917,20.022975,202.416965,0.146316,81.5
country_9,2016-07-31,0.073667,0.363959,-0.406959,20.62301,202.902296,0.270098,81.75
country_9,2016-08-31,0.073667,0.465164,-0.508164,20.98324,115.484325,0.139549,82.0
country_9,2016-09-30,0.073667,0.455639,-0.507639,16.439394,114.565185,0.307522,81.75
country_9,2016-10-31,0.073667,-0.138516,0.101516,16.438058,91.188268,0.088348,81.5
country_9,2016-11-30,0.073667,-0.558709,0.509709,14.794793,138.706279,0.261525,82.0
country_9,2016-12-31,0.073667,-0.349849,0.305849,6.535948,140.777094,0.166389,82.5
country_9,2017-01-31,0.059333,-0.556765,0.511765,2.440813,142.879826,0.192464,82.5
country_9,2017-02-28,0.059333,-0.344747,0.306747,1.463314,125.565948,0.556229,82.5
country_9,2017-03-31,0.059333,-0.246286,0.204286,0.820008,123.724771,0.394155,83.5
country_9,2017-04-30,0.059333,-0.461779,0.407779,1.225392,102.787838,0.451823,83.5
country_9,2017-05-31,0.059333,-0.460354,0.407354,-2.690672,101.880432,0.319862,83.0
country_9,2017-06-30,0.059333,-0.463779,0.407779,-5.608729,85.842062,0.185759,83.5
country_9,2017-07-31,0.059333,-0.462622,0.408622,-9.142319,75.366464,0.429185,82.75
country_9,2017-08-31,0.059333,-0.661898,0.612898,-9.872553,78.096383,0.854518,82.75
country_9,2017-09-30,0.059333,-0.87433,0.81633,-10.837438,89.105318,0.748989,83.0
country_9,2017-10-31,0.059333,-0.239826,0.202826,-11.434181,94.176725,0.255661,83.5
country_9,2017-11-30,0.059333,-0.555064,0.507064,-8.755406,85.658687,0.416597,84.0
country_9,2017-12-31,0.059333,-1.058189,1.016189,-3.517382,73.777289,0.328977,84.0
country_9,2018-01-31,0.072333,-1.363787,1.323787,-3.75294,65.881868,0.251627,84.0
country_9,2018-02-28,0.072333,-1.469076,1.427076,-3.209425,92.79001,0.130196,84.0
country_9,2018-03-31,0.072333,-1.183287,1.121287,-1.382676,82.613164,0.480885,84.75
country_9,2018-04-30,0.072333,-0.672095,0.609095,-5.199444,87.318022,0.328251,83.75
country_9,2018-05-31,0.072333,-0.77089,0.70989,-3.04971,84.724508,0.567275,82.25
country_9,2018-06-30,0.072333,-0.78161,0.71061,-2.727641,89.562256,0.549337,81.75
country_9,2018-07-31,0.072333,-0.985501,0.915501,-0.228216,87.476045,0.384238,82.5
country_9,2018-08-31,0.072333,-1.378805,1.319805,0.266421,115.601372,0.277691,83.25
country_9,2018-09-30,0.072333,-1.171382,1.113382,0.896487,108.806972,0.159597,82.75
country_9,2018-10-31,0.072333,-1.477005,1.417005,2.164045,102.9951,0.321305,82.5
country_9,2018-11-30,0.072333,-0.97921,0.90821,1.759006,110.834765,0.207689,82.5
country_9,2018-12-31,0.072333,-0.369889,0.301889,2.893175,139.122511,0.234687,82.5
country_9,2019-01-31,0.031083,-0.26509,0.20109,5.38674,128.931492,0.161496,82.25
country_9,2019-02-28,0.031083,-0.25609,0.20109,1.699895,119.665703,0.14163,82.25
country_9,2019-03-31,0.031083,-0.545096,0.504096,-0.814433,122.980896,0.095937,81.5
country_9,2019-04-30,0.031083,-0.97521,0.90821,0.481474,116.014292,0.277554,81.25
country_9,2019-05-31,0.031083,-0.753985,0.704985,3.281954,130.680595,0.447004,81.25
country_9,2019-06-30,0.031083,-0.666896,0.604896,4.013343,144.309635,0.785227,81.25
country_9,2019-07-31,0.031083,-0.675896,0.604896,3.275109,157.802501,0.331829,81.5
country_9,2019-08-31,0.031083,-0.245387,0.200387,5.130301,144.539722,0.43359,81.5
country_9,2019-09-30,0.031083,-0.259186,0.200186,5.010848,119.093781,0.23916,81.5
country_9,2019-10-31,0.031083,-0.220587,0.199587,3.823104,108.446038,0.269066,81.75
country_9,2019-11-30,0.031083,-0.542965,0.499965,2.670531,117.546537,0.180458,81.75
country_9,2019-12-31,0.031083,-0.840351,0.802351,1.503759,113.595702,0.160179,81.5
country_9,2020-01-31,-0.035417,-0.834351,0.802351,-1.713882,106.888151,0.304434,81.75
country_9,2020-02-29,-0.035417,-0.617763,0.601763,0.443665,114.481587,0.263041,81.0
country_9,2020-03-31,-0.035417,-0.648763,0.601763,5.602328,202.787841,0.179579,79.25
country_9,2020-04-30,-0.035417,-0.235986,0.199986,7.28125,177.194858,0.106773,79.0
country_9,2020-05-31,-0.035417,-0.146993,0.099993,4.994924,210.86663,0.135184,79.0
country_9,2020-06-30,-0.035417,-0.148193,0.100193,1.152536,158.633736,0.147656,79.0
country_9,2020-07-31,-0.035417,-0.228387,0.200387,1.429578,138.226949,0.288042,79.25
country_9,2020-08-31,-0.035417,-0.134993,0.099993,-2.556625,125.631154,0.20927,79.0
country_9,2020-09-30,-0.035417,0.145786,-0.199786,-1.859504,120.849679,0.183725,75.75
country_9,2020-10-31,-0.035417,0.577568,-0.597568,-1.124602,95.538686,0.105454,75.75
country_9,2020-11-30,-0.035417,0.963054,-0.995054,-0.504083,127.891533,0.110127,75.75
country_9,2020-12-31,-0.035417,1.168045,-1.194045,-1.126332,105.48614,0.094429,75.5
country_9,2021-01-31,-0.0655,0.679469,-0.696469,-0.451328,114.143155,0.123844,75.25
country_9,2021-02-28,-0.0655,0.48247,-0.49847,-2.393426,106.419441,0.20781,79.5
country_9,2021-03-31,-0.0655,0.381776,-0.398776,-8.356299,84.165967,0.375546,80.0
country_9,2021-04-30,-0.0655,1.085826,-1.097826,-10.836003,90.433565,0.274687,80.0
country_9,2021-05-31,-0.0655,0.68235,-0.69935,-11.970605,75.275768,0.204453,79.5
country_9,2021-06-30,-0.0655,0.371471,-0.400471,-10.581591,83.158427,0.162458,79.5
country_9,2021-07-31,-0.0655,0.364471,-0.500063,-9.568238,88.10017,0.138926,80.0
country_9,2021-08-31,-0.0655,0.366471,-0.599457,-8.778931,76.900167,0.139995,79.75
country_9,2021-09-30,-0.0655,,-0.400471,-8.631579,109.467439,0.388577,80.25
country_9,2021-10-31,-0.0655,,-0.300679,-11.172622,123.779518,0.20164,79.75
country_9,2021-11-30,-0.0655,,0.200201,-11.24734,94.273634,0.156361,80.25
country_9,2021-12-31,-0.0655,,0.402,-9.944581,91.835389,0.236979,80.25
country_9,2022-01-31,-0.0295,,0.098518,-10.705822,101.633768,0.252085,80.5
country_9,2022-02-28,-0.0295,,0.497715,-9.608503,90.66361,0.604047,80.5
country_9,2022-03-31,-0.0295,,0.795921,-9.816346,126.39495,0.698122,80.75
country_9,2022-04-30,-0.0295,,2.01167,-13.633889,109.531763,0.268284,80.25
country_9,2022-05-31,-0.0295,,2.004413,-12.730668,106.563845,0.486673,81.0
country_9,2022-06-30,-0.0295,,1.901903,-15.822715,133.914858,0.341417,80.25
country_9,2022-07-31,-0.0295,,2.402403,-16.913621,117.100315,0.174277,80.25
country_9,2022-08-31,-0.0295,,2.802803,-15.769904,108.408861,0.509237,80.25
country_9,2022-09-30,-0.0295,,3.203203,-18.191793,97.596456,0.294551,76.25
country_9,2022-10-31,-0.0295,,3.803805,-16.464589,114.199295,0.420311,75.75
country_9,2022-11-30,-0.0295,,3.796204,-14.134034,106.034589,0.302184,76.25
country_9,2022-12-31,-0.0295,,3.996003,-11.475783,110.283585,0.24797,77.0
country_9,2023-01-31,0.003833,,4.38684,-8.885299,97.97239,0.233763,77.5
country_9,2023-02-28,0.003833,,3.277061,-10.152521,115.634239,0.253502,77.75
country_9,2023-03-31,0.003833,,3.264094,-7.705133,123.529498,0.247671,77.5
country_9,2023-04-30,0.003833,,3.546798,-2.21914,142.800308,0.376135,77.5
country_9,2023-05-31,0.003833,,3.24165,-4.279421,149.003699,0.502847,80.25
country_9,2023-06-30,0.003833,,3.339882,-2.132421,92.831563,0.195731,80.5
country_9,2023-07-31,0.003833,,3.323558,-1.743725,99.767822,0.260805,80.25
country_9,2023-08-31,0.003833,,3.115871,-5.102571,103.790917,0.230555,80.5
country_9,2023-09-30,0.003833,,3.00679,-2.977468,100.454358,0.272249,80.5
country_9,2023-10-31,0.003833,,3.278688,-1.641346,103.181432,0.24482,79.75
country_9,2023-11-30,0.003833,,2.887392,-4.999335,101.844043,0.319169,79.25
country_9,2023-12-31,0.003833,,2.59366,-5.49691,100.316302,0.180227,78.75
country_9,2024-01-31,0.105958,,2.101241,-8.067376,85.88146,0.250532,78.25
country_9,2024-02-29,0.105958,,2.788462,-8.35817,94.896765,0.143951,77.75
country_9,2024-03-31,0.105958,,2.681993,-8.632258,102.898115,0.141382,78.25
country_9,2024-04-30,0.105958,,2.473835,-9.890393,81.773054,0.284792,78.5
country_9,2024-05-31,0.105958,,2.854425,-9.38856,88.885453,0.177392,78.5
country_9,2024-06-30,0.105958,,2.851711,-8.02959,84.918512,0.259954,78.25
country_9,2024-07-31,0.105958,,2.743614,-8.201129,91.417546,0.160118,78.75
country_9,2024-08-31,0.105958,,3.021719,-0.273635,108.837622,0.101279,78.75
country_9,2024-09-30,0.105958,,2.542373,1.603539,202.177624,0.208184,78.75
country_9,2024-10-31,0.105958,,2.240897,-1.737691,204.928419,0.216397,78.75
country_9,2024-11-30,0.105958,,2.899906,-0.461861,282.59266,0.195202,78.75
country_9,2024-12-31,0.105958,,3.651685,-2.125051,327.575037,0.208638,78.75
country_10,2000-01-31,6.745833,2.939448,2.900552,1.413397,65.061983,0.026977,86.25
country_10,2000-02-29,6.745833,2.747586,3.172414,2.071416,59.253423,0.030348,86.5
country_10,2000-03-31,6.745833,3.26726,2.60274,-0.700615,61.726902,0.016424,89.25
country_10,2000-04-30,6.745833,3.514372,2.595628,-3.434054,64.590236,0.011993,88.5
country_10,2000-05-31,6.745833,3.327223,2.872777,-5.382104,85.762419,0.068195,88.25
country_10,2000-06-30,6.745833,3.171311,3.278689,-3.8826,89.099355,0.020041,88.0
country_10,2000-07-31,6.745833,3.399315,3.150685,-3.025706,67.232284,0.035584,88.75
country_10,2000-08-31,6.745833,3.293659,3.576341,-2.360259,54.394554,0.062174,89.0
country_10,2000-09-30,6.745833,3.537766,3.542234,-2.204255,60.644905,0.016783,89.5
country_10,2000-10-31,6.745833,4.26924,3.12076,-2.625542,68.777395,0.159481,89.75
country_10,2000-11-30,6.745833,4.076757,3.243243,-1.898788,104.664265,0.083428,89.25
country_10,2000-12-31,6.745833,4.651039,2.968961,-2.152542,100.708759,0.074099,90.5
country_10,2001-01-31,7.226666,4.148523,3.221477,-0.625053,99.186507,0.020261,91.25
country_10,2001-02-28,7.226666,3.700374,3.609626,0.297189,99.910594,0.04107,91.5
country_10,2001-03-31,7.226666,3.601682,3.738318,2.366202,112.252072,0.05476,91.5
country_10,2001-04-30,7.226666,3.868482,3.861518,3.678201,107.282321,0.066339,91.5
country_10,2001-05-31,7.226666,3.104681,4.255319,5.856334,82.965559,0.025626,92.0
country_10,2001-06-30,7.226666,3.666296,3.703704,4.597801,74.133524,0.056568,92.0
country_10,2001-07-31,7.226666,4.511155,2.788845,3.26786,97.407201,0.01882,93.5
country_10,2001-08-31,7.226666,4.503958,2.656042,3.874684,82.717512,0.105959,92.25
country_10,2001-09-30,7.226666,5.063158,2.236842,5.273692,175.33068,0.111345,92.75
country_10,2001-10-31,7.226666,5.073158,2.236842,5.453752,164.150518,0.146171,92.25
country_10,2001-11-30,7.226666,5.448429,1.701571,4.536421,123.955231,0.130871,92.25
country_10,2001-12-31,7.226666,5.013014,2.096986,4.261216,106.107987,0.130844,92.25
country_10,2002-01-31,6.9075,5.269571,1.430429,2.736932,103.722417,0.060898,91.25
country_10,2002-02-28,6.9075,5.985806,0.774194,3.496444,86.269673,0.062773,91.0
country_10,2002-03-31,6.9075,5.839099,0.900901,3.49668,76.763801,0.150594,91.0
country_10,2002-04-30,6.9075,6.188974,0.641026,4.783522,81.805006,0.239264,91.0
country_10,2002-05-31,6.9075,6.397347,0.382653,6.819321,79.810734,0.089283,91.0
country_10,2002-06-30,6.9075,6.467347,0.382653,9.525398,91.818173,0.107965,91.0
country_10,2002-07-31,6.9075,5.639612,1.550388,11.782528,99.912983,0.04433,91.5
country_10,2002-08-31,6.9075,5.936339,1.293661,10.350332,104.254003,0.038725,91.5
country_10,2002-09-30,6.9075,5.794299,1.415701,9.81235,119.535786,0.082929,91.75
country_10,2002-10-31,6.9075,5.448198,1.801802,10.508895,114.927703,0.053253,91.25
country_10,2002-11-30,6.9075,5.022098,2.187902,11.472971,121.404706,0.047139,91.25
country_10,2002-12-31,6.9075,4.314236,2.695764,13.532148,119.861649,0.067237,91.25
country_10,2003-01-31,4.098333,1.59,5.0,16.455696,125.66857,0.07442,90.75
country_10,2003-02-28,4.098333,1.196402,4.993598,12.08998,134.849953,0.051061,91.0
country_10,2003-03-31,4.098333,1.953469,3.826531,6.204824,168.036748,0.069289,91.0
country_10,2003-04-30,4.098333,2.850064,2.929936,4.252246,136.082482,0.046636,91.25
country_10,2003-05-31,4.098333,3.316963,2.033037,2.276639,106.290126,0.074239,91.5
country_10,2003-06-30,4.098333,3.291093,1.778907,-4.120021,88.699562,0.072317,91.25
country_10,2003-07-31,4.098333,2.723282,1.526718,-7.348291,80.370098,0.058284,91.0
country_10,2003-08-31,4.098333,1.538863,2.171137,-6.273316,69.143349,0.04662,91.0
country_10,2003-09-30,4.098333,1.079543,2.030457,-6.880458,80.016381,0.055899,91.0
country_10,2003-10-31,4.098333,1.376511,1.643489,-7.143392,76.154453,0.040442,90.5
country_10,2003-11-30,4.098333,1.48461,1.38539,-7.659795,73.51021,0.033102,90.5
country_10,2003-12-31,4.098333,2.215,0.625,-8.34126,69.970889,0.025484,90.5
country_10,2004-01-31,2.006667,4.351502,-1.831502,-14.244103,72.17752,0.029828,92.25
country_10,2004-02-29,2.006667,4.169268,-1.829268,-13.807196,72.265655,0.030818,92.25
country_10,2004-03-31,2.006667,2.754251,-0.614251,-7.899365,77.764478,0.037176,92.25
country_10,2004-04-30,2.006667,1.912475,0.247525,-5.617978,77.478198,0.023841,92.25
country_10,2004-05-31,2.006667,1.143736,0.996264,-4.926184,89.332375,0.020536,92.25
country_10,2004-06-30,2.006667,0.941561,1.248439,-2.192216,77.306815,0.074622,92.5
country_10,2004-07-31,2.006667,0.646241,1.503759,-1.917764,74.246224,0.021112,92.5
country_10,2004-08-31,2.006667,1.14,1.0,-0.731054,68.464894,0.030398,92.5
country_10,2004-09-30,2.006667,0.950597,1.119403,-1.244947,78.099539,0.032902,92.0
country_10,2004-10-31,2.006667,0.741841,1.368159,0.338682,88.655057,0.031486,92.25
country_10,2004-11-30,2.006667,0.827764,1.242236,1.686341,83.779416,0.072048,92.25
country_10,2004-12-31,2.006667,0.941988,1.118012,0.303345,65.450892,0.047633,92.25
country_10,2005-01-31,2.211667,1.024975,0.995025,3.595394,57.844693,0.057322,92.25
country_10,2005-02-28,2.211667,1.016211,0.993789,3.725341,54.688886,0.032172,92.25
country_10,2005-03-31,2.211667,1.071125,0.988875,3.811026,53.142543,0.017181,92.0
country_10,2005-04-30,2.211667,0.771975,1.358025,1.956947,70.405008,0.023544,92.0
country_10,2005-05-31,2.211667,0.477041,1.602959,1.520637,67.430884,0.008971,92.0
country_10,2005-06-30,2.211667,0.507041,1.602959,3.670619,70.805485,0.033126,92.25
country_10,2005-07-31,2.211667,0.808519,1.481481,5.492958,62.919557,0.033581,92.25
country_10,2005-08-31,2.211667,0.383564,1.856436,4.279519,61.392658,0.038842,92.25
country_10,2005-09-30,2.211667,0.34198,1.96802,5.68926,93.761278,0.026287,92.25
country_10,2005-10-31,2.211667,0.579509,1.840491,3.182512,66.039997,0.037346,93.25
country_10,2005-11-30,2.211667,0.779509,1.840491,1.468846,66.226635,0.024398,93.25
country_10,2005-12-31,2.211667,0.787248,1.842752,-0.079586,61.582985,0.050174,92.5
country_10,2006-01-31,3.099167,0.702709,1.847291,-0.415834,70.522749,0.073869,92.75
country_10,2006-02-28,3.099167,-0.053026,2.583026,1.469268,58.947865,0.044576,91.75
country_10,2006-03-31,3.099167,0.324419,2.325581,0.743821,58.258758,0.028694,91.75
country_10,2006-04-30,3.099167,0.330341,2.679659,3.190979,71.351896,0.037605,92.25
country_10,2006-05-31,3.099167,0.654175,2.305825,3.241401,63.048925,0.029927,92.25
country_10,2006-06-30,3.099167,0.965534,2.184466,1.198496,72.238229,0.048354,92.25
country_10,2006-07-31,3.099167,1.021873,2.068127,0.141365,69.327711,0.050819,92.5
country_10,2006-08-31,3.099167,1.265893,1.944107,-0.784683,60.124613,0.093588,92.5
country_10,2006-09-30,3.099167,0.6662,2.6538,-4.0663,58.189344,0.042495,91.5
country_10,2006-10-31,3.099167,0.769398,2.650602,-5.343095,61.068366,0.050603,91.5
country_10,2006-11-30,3.099167,1.08988,2.53012,-3.782396,58.259307,0.030363,91.5
country_10,2006-12-31,3.099167,1.608709,2.171291,-0.860215,57.415119,0.026006,91.5
country_10,2007-01-31,4.9575,2.71081,1.20919,-2.722236,64.466529,0.021618,91.5
country_10,2007-02-28,4.9575,3.410576,0.719424,-0.040222,54.743006,0.036304,91.5
country_10,2007-03-31,4.9575,3.193445,1.076555,-1.341696,64.727108,0.04337,92.0
country_10,2007-04-30,4.9575,4.132752,0.237248,-3.735565,60.557198,0.041664,91.5
country_10,2007-05-31,4.9575,4.014128,0.355872,-5.120135,57.153402,0.032446,91.5
country_10,2007-06-30,4.9575,4.243705,0.356295,-3.669015,56.368568,0.04438,92.0
country_10,2007-07-31,4.9575,4.373242,0.476758,-0.972473,47.588486,0.029133,92.25
country_10,2007-08-31,4.9575,4.632431,0.357569,-0.727618,78.347843,0.019043,92.25
country_10,2007-09-30,4.9575,5.502526,-0.352526,3.826901,99.766425,0.034409,91.75
country_10,2007-10-31,4.9575,5.714742,-0.234742,7.685345,79.311864,0.042907,91.75
country_10,2007-11-30,4.9575,3.862385,1.527615,4.44067,82.915552,0.026963,92.25
country_10,2007-12-31,4.9575,2.70647,2.83353,3.583193,96.765608,0.029165,92.25
country_10,2008-01-31,6.218333,1.995771,3.584229,6.909361,134.644822,0.037368,92.25
country_10,2008-02-29,6.218333,1.890476,3.809524,3.983583,99.414594,0.02225,92.0
country_10,2008-03-31,6.218333,2.574734,3.195266,4.715539,119.60276,0.030966,91.5
country_10,2008-04-30,6.218333,2.774734,3.195266,4.894936,91.661619,0.012668,91.5
country_10,2008-05-31,6.218333,3.066714,3.073286,5.825243,78.03405,0.033583,91.75
country_10,2008-06-30,6.218333,2.558047,3.431953,3.190036,87.020717,0.026096,92.0
country_10,2008-07-31,6.218333,1.809537,4.270463,1.71854,96.362754,0.016513,91.75
country_10,2008-08-31,6.218333,1.596936,4.513064,2.07935,90.248501,0.030031,91.75
country_10,2008-09-30,6.218333,0.953396,5.306604,-1.905132,162.480555,0.039055,91.5
country_10,2008-10-31,6.218333,1.308235,5.411765,-9.123558,208.559355,0.012496,90.25
country_10,2008-11-30,6.218333,1.965,3.125,-10.254027,143.535056,0.023652,89.5
country_10,2008-12-31,6.218333,2.578599,2.181401,-12.906228,144.604863,0.026101,88.5
country_10,2009-01-31,2.463333,1.173195,2.306805,-11.59756,145.30676,0.034555,89.0
country_10,2009-02-28,2.463333,0.507064,2.522936,-6.841576,147.444917,0.022563,88.5
country_10,2009-03-31,2.463333,0.167064,2.522936,-7.023745,132.287767,0.017348,86.75
country_10,2009-04-30,2.463333,-0.346972,2.866972,-7.268401,102.292392,0.010844,87.0
country_10,2009-05-31,2.463333,-1.22633,3.09633,-7.591743,103.912996,0.010788,87.75
country_10,2009-06-30,2.463333,-1.682494,3.432494,-6.128329,116.627111,0.022561,87.5
country_10,2009-07-31,2.463333,-0.745313,2.275313,-6.625662,106.25894,0.022925,88.0
country_10,2009-08-31,2.463333,-0.421818,1.931818,-4.339343,103.049663,0.020006,89.0
country_10,2009-09-30,2.463333,0.238197,1.231803,-0.959176,105.986123,0.022763,89.5
country_10,2009-10-31,2.463333,0.870357,0.669643,8.240141,92.067708,0.053339,89.25
country_10,2009-11-30,2.463333,0.168732,1.571268,10.536762,104.980108,0.022872,89.0
country_10,2009-12-31,2.463333,-0.192472,2.022472,13.705584,102.373805,0.048274,89.5
country_10,2010-01-31,2.501667,-0.530271,2.480271,13.328675,117.672334,0.033273,89.5
country_10,2010-02-28,2.501667,-0.928277,2.908277,7.908947,114.129978,0.021846,90.0
country_10,2010-03-31,2.501667,-1.507562,3.467562,7.397306,114.166184,0.030546,90.75
country_10,2010-04-30,2.501667,-1.324482,3.344482,7.987088,108.803326,0.067625,91.0
country_10,2010-05-31,2.501667,-0.468398,2.558398,5.940266,147.352717,0.037532,91.0
country_10,2010-06-30,2.501667,0.399469,1.880531,4.836168,138.053636,0.03096,91.0
country_10,2010-07-31,2.501667,0.44901,1.89099,4.560994,148.447953,0.035169,91.0
country_10,2010-08-31,2.501667,0.414794,1.895206,2.733132,123.349527,0.015019,90.5
country_10,2010-09-30,2.501667,0.530088,1.769912,1.224588,133.268761,0.0211,90.25
country_10,2010-10-31,2.501667,0.15357,2.10643,-2.571273,126.833369,0.029592,90.75
country_10,2010-11-30,2.501667,0.26105,1.98895,-3.10719,131.487536,0.024458,90.5
country_10,2010-12-31,2.501667,-0.673304,2.753304,-0.595238,134.761926,0.071755,90.25
country_10,2011-01-31,2.871667,0.189802,1.980198,-2.019268,114.318617,0.021722,90.5
country_10,2011-02-28,2.871667,1.024348,1.195652,-1.83232,96.579077,0.027076,90.5
country_10,2011-03-31,2.871667,1.247027,0.972973,-1.331384,130.360713,0.049909,90.0
country_10,2011-04-30,2.871667,0.945502,1.294498,-0.46754,118.827516,0.064403,89.75
country_10,2011-05-31,2.871667,0.813102,1.626898,0.14838,93.959265,0.028562,89.5
country_10,2011-06-30,2.871667,1.148491,1.411509,1.653743,124.524422,0.025204,89.75
country_10,2011-07-31,2.871667,0.802445,1.637555,2.416268,153.82886,0.143805,89.75
country_10,2011-08-31,2.871667,1.10709,1.31291,1.405654,216.757118,0.044966,90.0
country_10,2011-09-30,2.871667,1.168261,1.521739,1.502333,194.410228,0.028409,90.0
country_10,2011-10-31,2.871667,0.937068,1.302932,1.801945,166.337597,0.021071,90.0
country_10,2011-11-30,2.871667,1.166576,1.083424,1.974055,191.776111,0.010674,89.25
country_10,2011-12-31,2.871667,1.872819,0.107181,-0.92972,178.079098,0.034231,89.25
country_10,2012-01-31,2.235,1.190626,0.539374,-1.604657,154.606024,0.003715,89.25
country_10,2012-02-29,2.235,0.548475,1.181525,0.596032,141.124122,0.019044,89.0
country_10,2012-03-31,2.235,0.860535,0.749465,-0.218392,132.410146,0.031037,89.0
country_10,2012-04-30,2.235,1.160511,0.319489,-2.371785,129.838424,0.049327,89.0
country_10,2012-05-31,2.235,0.956382,0.533618,-1.520586,159.697184,0.057803,89.0
country_10,2012-06-30,2.235,1.238801,0.321199,-2.26512,183.184873,0.037407,90.5
country_10,2012-07-31,2.235,1.265177,0.214823,-2.818656,152.085212,0.05006,90.25
country_10,2012-08-31,2.235,1.166026,0.323974,-1.613282,116.968397,0.033632,90.75
country_10,2012-09-30,2.235,0.954668,0.535332,-1.075018,153.586938,0.036649,91.5
country_10,2012-10-31,2.235,0.418189,1.071811,-0.031328,151.121666,0.04187,91.5
country_10,2012-11-30,2.235,0.311008,1.178992,1.698799,165.756353,0.024838,91.5
country_10,2012-12-31,2.235,0.148137,1.391863,3.085732,170.163808,0.019416,91.5
country_10,2013-01-31,1.755068,0.08515,1.39485,4.053082,167.124653,0.165132,90.75
country_10,2013-02-28,1.755068,0.534586,0.955414,1.465658,122.757169,0.039471,90.75
country_10,2013-03-31,1.755068,0.168491,1.381509,-0.336121,145.568599,0.021275,90.75
country_10,2013-04-30,1.755068,-0.304671,1.804671,0.583688,136.205734,0.011231,90.75
country_10,2013-05-31,1.755068,-0.410828,1.910828,1.045213,107.756919,0.014431,90.75
country_10,2013-06-30,1.755068,-0.654472,2.134472,-0.103536,127.516061,0.038053,90.75
country_10,2013-07-31,1.755068,-1.521072,3.001072,-0.865315,107.958901,0.047125,91.0
country_10,2013-08-31,1.755068,-1.856921,3.336921,-1.838733,119.314018,0.034437,91.0
country_10,2013-09-30,1.755068,-1.162407,2.662407,-3.425467,138.62339,0.030786,91.75
country_10,2013-10-31,1.755068,-0.959024,2.439024,-4.951426,168.480618,0.050635,91.75
country_10,2013-11-30,1.755068,-0.946441,2.436441,-6.557377,103.839166,0.041659,91.0
country_10,2013-12-31,1.755068,-0.456336,2.006336,-9.01867,122.64177,0.045795,91.0
country_10,2014-01-31,1.69904,-0.742222,2.222222,-9.111862,115.257559,0.027494,90.75
country_10,2014-02-28,1.69904,-0.613049,2.103049,-8.444103,101.147273,0.020738,90.75
country_10,2014-03-31,1.69904,-0.511614,1.991614,-5.32549,114.652379,0.063256,91.5
country_10,2014-04-30,1.69904,-0.386955,1.876955,-4.705144,110.45015,0.051268,91.5
country_10,2014-05-31,1.69904,-0.385,1.875,-3.996552,106.839074,0.033866,91.5
country_10,2014-06-30,1.69904,-0.390878,1.880878,-3.842781,91.148211,0.02776,91.5
country_10,2014-07-31,1.69904,-0.799282,2.289282,-3.628869,94.179986,0.06276,91.75
country_10,2014-08-31,1.69904,-0.489167,1.979167,-2.643529,96.85072,0.132417,91.75
country_10,2014-09-30,1.69904,-0.678423,2.178423,-1.810176,121.73331,0.052184,91.5
country_10,2014-10-31,1.69904,-0.580393,2.070393,-2.621167,112.590838,0.03802,91.5
country_10,2014-11-30,1.69904,-0.47484,1.96484,-3.591918,119.364065,0.024142,91.25
country_10,2014-12-31,1.69904,-0.720393,2.070393,-6.758246,111.296739,0.069671,90.0
country_10,2015-01-31,1.290675,-0.830393,2.070393,-7.743026,129.058627,0.037693,88.5
country_10,2015-02-28,1.290675,-0.613759,1.853759,-6.184961,115.615595,0.050173,88.5
country_10,2015-03-31,1.290675,-0.672724,1.952724,-9.642946,111.378145,0.04943,88.0
country_10,2015-04-30,1.290675,-0.704729,1.944729,-9.257735,100.978142,0.029758,88.0
country_10,2015-05-31,1.290675,-0.79499,2.04499,-7.762632,104.462104,0.03848,88.5
country_10,2015-06-30,1.290675,-1.516667,2.666667,-9.170052,119.211694,0.025983,88.25
country_10,2015-07-31,1.290675,-0.851129,1.831129,-10.19792,123.095816,0.025975,86.75
country_10,2015-08-31,1.290675,-1.052901,2.042901,-12.068966,119.817146,0.047121,87.0
country_10,2015-09-30,1.290675,-1.19198,2.13198,-12.564358,153.687481,0.056551,86.0
country_10,2015-10-31,1.290675,-1.694077,2.434077,-10.707635,115.968982,0.060825,86.5
country_10,2015-11-30,1.290675,-1.998337,2.738337,-9.780078,105.331459,0.054795,87.0
country_10,2015-12-31,1.290675,-1.522657,2.332657,-6.529647,112.569505,0.068857,87.5
country_10,2016-01-31,1.066667,-2.201176,2.941176,-5.158512,144.526658,0.018539,88.25
country_10,2016-02-29,1.066667,-2.495592,3.235592,-6.127561,147.483002,0.039143,89.0
country_10,2016-03-31,1.066667,-2.656613,3.326613,-3.218117,159.289773,0.040741,89.0
country_10,2016-04-30,1.066667,-2.823253,3.313253,-2.648046,142.296001,0.03718,88.75
country_10,2016-05-31,1.066667,-2.916814,3.406814,-4.39823,125.8135,0.027314,88.75
country_10,2016-06-30,1.066667,-3.206304,3.696304,-1.369238,231.055733,0.113277,89.25
country_10,2016-07-31,1.066667,-3.905604,4.395604,1.33545,204.922859,0.049109,88.0
country_10,2016-08-31,1.066667,-3.504004,4.004004,3.087998,134.741631,0.031011,88.0
country_10,2016-09-30,1.066667,-3.008529,3.578529,4.739291,135.508434,0.045372,88.0
country_10,2016-10-31,1.066667,-3.173366,3.663366,7.251872,126.436077,0.058899,87.75
country_10,2016-11-30,1.066667,-3.053801,3.553801,7.475385,228.725719,0.020512,88.0
country_10,2016-12-31,1.066667,-2.958781,3.468781,8.386846,184.983643,0.048307,88.0
country_10,2017-01-31,0.89,-2.268621,2.758621,8.008888,247.297541,0.025324,88.0
country_10,2017-02-28,0.89,-2.056523,2.546523,7.680579,186.287328,0.016522,87.75
country_10,2017-03-31,0.89,-1.949024,2.439024,4.632437,236.021817,0.024034,87.75
country_10,2017-04-30,0.89,-1.74518,2.23518,1.481136,176.400037,0.021015,87.75
country_10,2017-05-31,0.89,-1.641783,2.131783,-0.02777,144.098113,0.040617,87.75
country_10,2017-06-30,0.89,-1.436782,1.926782,-0.194354,171.716271,0.05676,88.0
country_10,2017-07-31,0.89,-1.0311,1.5311,1.437656,164.959101,0.021194,88.0
country_10,2017-08-31,0.89,-0.857449,1.347449,1.773408,140.625931,0.048067,87.75
country_10,2017-09-30,0.89,-1.121478,1.631478,0.562205,157.654075,0.034953,88.5
country_10,2017-10-31,0.89,-0.751643,1.241643,-2.819516,144.509238,0.077104,88.75
country_10,2017-11-30,0.89,-0.653947,1.143947,-4.100329,159.908058,0.050497,89.0
country_10,2017-12-31,0.89,-1.138352,1.628352,-5.583483,148.166996,0.077675,89.0
country_10,2018-01-31,1.066667,-1.139914,1.629914,-3.685152,177.714033,0.047722,89.0
country_10,2018-02-28,1.066667,-1.706753,2.196753,-4.115044,125.992004,0.023249,89.0
country_10,2018-03-31,1.066667,-1.700476,2.190476,-0.733364,181.690139,0.072133,89.0
country_10,2018-04-30,1.066667,-1.876426,2.376426,0.468148,165.022549,0.004319,89.0
country_10,2018-05-31,1.066667,-1.78704,2.27704,0.935185,171.499325,0.012606,90.5
country_10,2018-06-30,1.066667,-2.051985,2.551985,2.559347,164.917527,0.045434,90.5
country_10,2018-07-31,1.066667,-2.516023,3.016023,1.75343,227.491186,0.042693,90.25
country_10,2018-08-31,1.066667,-2.928803,3.418803,-0.361141,172.166465,0.008958,90.25
country_10,2018-09-30,1.066667,-2.809433,3.399433,0.099188,193.321956,0.033599,90.25
country_10,2018-10-31,1.066667,-2.373208,3.113208,1.500682,213.58535,0.074147,90.25
country_10,2018-11-30,1.066667,-2.737276,3.487276,2.151734,247.133279,0.042385,90.25
country_10,2018-12-31,1.066667,-2.577276,3.487276,2.643088,220.390567,0.051631,89.25
country_10,2019-01-31,1.5525,-2.373208,3.113208,0.473626,243.990547,0.059499,89.75
country_10,2019-02-28,1.5525,-2.240654,2.990654,0.304569,173.797696,0.037768,89.5
country_10,2019-03-31,1.5525,-2.039096,2.889096,-1.039767,240.876074,0.054225,89.75
country_10,2019-04-30,1.5525,-1.878366,2.878366,-0.082229,191.283849,0.031337,89.75
country_10,2019-05-31,1.5525,-1.504638,2.504638,-1.045776,223.547914,0.120347,88.75
country_10,2019-06-30,1.5525,-0.755484,1.935484,-1.943942,320.431067,0.250237,89.25
country_10,2019-07-31,1.5525,-0.671317,1.921317,-1.982143,249.39605,0.075215,89.25
country_10,2019-08-31,1.5525,-0.311065,1.561065,-3.83291,290.655859,0.137156,88.5
country_10,2019-09-30,1.5525,-0.111187,1.461187,-4.179804,237.375557,0.075291,88.75
country_10,2019-10-31,1.5525,-0.329826,1.829826,-6.55914,202.254036,0.075675,89.0
country_10,2019-11-30,1.5525,-0.139344,1.639344,-5.447612,242.602607,0.052817,88.5
country_10,2019-12-31,1.5525,0.16388,1.36612,-3.362356,232.09853,0.033977,88.5
country_10,2020-01-31,0.699167,-0.339826,1.829826,-2.560311,191.721791,0.039709,88.25
country_10,2020-02-29,0.699167,0.582559,0.907441,-5.566802,196.493257,0.102541,87.75
country_10,2020-03-31,0.699167,0.255362,0.724638,-13.447005,318.464859,0.064135,86.25
country_10,2020-04-30,0.699167,-0.572274,0.812274,-13.963058,328.132639,0.041781,85.0
country_10,2020-05-31,0.699167,-1.216968,1.266968,-10.178919,415.743351,0.004506,79.0
country_10,2020-06-30,0.699167,-1.356239,1.356239,-7.976026,309.592304,0.059985,79.5
country_10,2020-07-31,0.699167,-1.346499,1.346499,-7.587903,313.14659,0.049507,80.75
country_10,2020-08-31,0.699167,-1.727902,1.717902,-3.203618,289.355929,0.013358,81.0
country_10,2020-09-30,0.699167,-1.620162,1.620162,-4.992009,309.334464,0.013443,80.75
country_10,2020-10-31,0.699167,-1.707098,1.707098,-4.401611,306.555271,0.025309,81.0
country_10,2020-11-30,0.699167,-0.716846,0.716846,-3.831381,397.379453,0.041298,81.75
country_10,2020-12-31,0.699167,-1.437556,1.437556,-2.060769,302.480267,0.037771,81.5
country_10,2021-01-31,0.504167,-2.515723,2.515723,-0.502751,271.756537,0.013269,81.5
country_10,2021-02-28,0.504167,-3.327338,3.327338,3.020559,195.106815,0.096656,81.0
country_10,2021-03-31,0.504167,-3.057554,3.057554,13.278671,212.04869,0.039301,81.5
country_10,2021-04-30,0.504167,-2.954342,2.954342,14.539271,193.922328,0.037246,81.75
country_10,2021-05-31,0.504167,-2.680965,2.680965,10.475797,173.125153,0.149932,85.0
country_10,2021-06-30,0.504167,-2.854594,2.854594,6.422846,170.973378,0.02785,85.5
country_10,2021-07-31,0.504167,-3.011515,3.011515,2.799409,189.078655,0.035852,85.5
country_10,2021-08-31,0.504167,-3.377778,3.377778,0.652195,201.281625,0.086894,85.75
country_10,2021-09-30,0.504167,-4.014402,4.074402,5.293885,211.947869,0.05618,85.5
country_10,2021-10-31,0.504167,-3.283569,3.533569,9.118267,187.239843,0.085137,85.5
country_10,2021-11-30,0.504167,-4.821174,5.071174,6.849725,229.32188,0.061597,85.25
country_10,2021-12-31,0.504167,-4.954438,5.314438,3.395968,258.409284,0.118489,88.0
country_10,2022-01-31,2.138333,-2.74277,3.24277,0.47669,221.703667,0.159977,87.5
country_10,2022-02-28,2.138333,-3.155352,3.655352,-0.302658,175.822588,0.236585,87.75
country_10,2022-03-31,2.138333,-3.987522,4.537522,1.005828,298.188365,0.471834,87.0
country_10,2022-04-30,2.138333,-4.641304,5.391304,0.361882,269.50296,0.134142,87.75
country_10,2022-05-31,2.138333,-4.994125,5.744125,-4.512332,275.87421,0.079226,87.25
country_10,2022-06-30,2.138333,-5.46131,6.33131,-4.895961,248.019355,0.082411,87.25
country_10,2022-07-31,2.138333,-5.542777,6.792777,-2.013616,292.80633,0.092948,87.25
country_10,2022-08-31,2.138333,-5.084824,6.534824,1.373308,235.831551,0.082899,87.25
country_10,2022-09-30,2.138333,-5.003617,6.893617,-3.74025,248.854905,0.22975,86.25
country_10,2022-10-31,2.138333,-5.258532,7.508532,-7.758779,265.082456,0.136317,86.25
country_10,2022-11-30,2.138333,-4.049898,6.519898,-5.401364,311.348867,0.153943,87.0
country_10,2022-12-31,2.138333,-3.1373,5.8873,-4.62849,239.854289,0.08059,87.5
country_10,2023-01-31,4.21,-4.29584,7.04584,-6.556599,217.199179,0.107405,87.25
country_10,2023-02-28,4.21,-3.547229,6.297229,-8.813206,242.140833,0.100067,85.75
country_10,2023-03-31,4.21,-3.624488,6.510851,-12.68497,313.653036,0.017691,86.25
country_10,2023-04-30,4.21,-3.435644,6.435644,-13.600222,255.37935,0.058366,86.75
country_10,2023-05-31,4.21,-3.416667,6.666667,-10.038157,211.346131,0.072701,86.75
country_10,2023-06-30,4.21,-2.507153,6.362153,-8.009108,221.458467,0.103982,86.0
country_10,2023-07-31,4.21,-1.644525,5.394525,-5.264703,191.731262,0.074516,86.0
country_10,2023-08-31,4.21,-0.842615,4.842615,-9.063156,175.505155,0.030336,86.75
country_10,2023-09-30,4.21,0.907718,3.343949,-7.888314,200.638478,0.0605,86.75
country_10,2023-10-31,4.21,0.202381,4.047619,-6.976281,190.443809,0.208993,86.0
country_10,2023-11-30,4.21,-0.519475,4.769475,-8.248543,207.972104,0.075099,86.25
country_10,2023-12-31,4.21,-0.311142,4.765687,-6.123462,223.0237,0.360453,86.75
country_10,2024-01-31,4.6475,-0.178826,4.678826,-2.284728,239.697468,0.150319,86.75
country_10,2024-02-29,4.6475,-0.00237,4.50237,-0.8531,167.97191,0.065432,86.75
country_10,2024-03-31,4.6475,0.581505,3.918495,0.639522,179.48344,0.086059,86.75
country_10,2024-04-30,4.6475,0.856589,3.643411,0.331728,171.262734,0.069616,86.75
country_10,2024-05-31,4.6475,1.490741,3.009259,2.512235,184.164421,0.128456,86.75
country_10,2024-06-30,4.6475,1.892638,2.607362,2.841154,173.434379,0.107786,87.0
country_10,2024-07-31,4.6475,1.749809,2.750191,-3.047206,229.011641,0.055426,87.0
country_10,2024-08-31,4.6475,1.882602,2.617398,-3.147293,191.11852,0.101279,87.0
country_10,2024-09-30,4.6475,1.495378,3.004622,-2.045575,202.177624,0.039035,87.0
country_10,2024-10-31,4.6475,1.90656,2.59344,-0.953503,204.928419,0.105107,87.0
country_10,2024-11-30,4.6475,2.147951,2.352049,0.236865,282.59266,0.11964,87.0
country_10,2024-12-31,4.6475,2.301365,2.198635,-2.325827,327.575037,0.097364,87.0
country_11,2000-01-31,3.034037,-0.401136,1.585406,-6.290482,65.061983,0.047959,87.0
country_11,2000-02-29,3.034037,0.318116,1.623694,-6.54113,59.253423,0.051592,87.25
country_11,2000-03-31,3.034037,0.129487,1.482933,-6.741448,61.726902,0.024635,88.25
country_11,2000-04-30,3.034037,1.225447,1.402483,-4.401666,64.590236,0.020988,88.75
country_11,2000-05-31,3.034037,0.610081,1.580529,-3.854438,85.762419,0.014207,88.5
country_11,2000-06-30,3.034037,1.129437,1.839183,-1.969714,89.099355,0.040082,88.0
country_11,2000-07-31,3.034037,1.1265,1.88883,-0.963082,67.232284,0.026688,90.25
country_11,2000-08-31,3.034037,1.799944,1.124746,-3.952883,54.394554,0.029607,90.25
country_11,2000-09-30,3.034037,1.791774,1.439946,-2.981494,60.644905,0.013986,89.0
country_11,2000-10-31,3.034037,1.730475,1.332195,-3.565365,68.777395,0.035746,89.75
country_11,2000-11-30,3.034037,1.184367,1.912513,-1.354323,104.664265,0.027809,88.75
country_11,2000-12-31,3.034037,2.006634,1.493366,1.608579,100.708759,0.03705,89.5
country_11,2001-01-31,2.731143,2.064523,1.295477,3.198219,99.186507,0.02605,88.25
country_11,2001-02-28,2.731143,2.520228,0.779772,2.403676,99.910594,0.056867,88.5
country_11,2001-03-31,2.731143,2.374142,0.975858,3.310706,112.252072,0.021904,88.25
country_11,2001-04-30,2.731143,1.933433,1.166567,1.931229,107.282321,0.021108,89.5
country_11,2001-05-31,2.731143,1.48433,1.76567,0.848956,82.965559,0.025626,90.0
country_11,2001-06-30,2.731143,1.669597,1.580403,-0.650407,74.133524,0.011909,90.25
country_11,2001-07-31,2.731143,1.848432,1.351568,0.254689,97.407201,0.015683,90.0
country_11,2001-08-31,2.731143,2.249215,1.050785,3.066038,82.717512,0.034281,92.5
country_11,2001-09-30,2.731143,1.444983,0.675017,4.756859,175.33068,0.508577,92.75
country_11,2001-10-31,2.731143,1.519737,0.630263,5.129108,164.150518,0.510218,92.25
country_11,2001-11-30,2.731143,1.893032,0.286968,5.374325,123.955231,0.21521,92.5
country_11,2001-12-31,2.731143,1.32477,0.32523,2.489389,106.107987,0.105314,92.5
country_11,2002-01-31,0.998735,0.898549,0.521451,1.169259,103.722417,0.158334,92.0
country_11,2002-02-28,0.998735,1.025538,0.654462,1.656886,86.269673,0.094159,91.5
country_11,2002-03-31,0.998735,0.810495,0.509505,2.201729,76.763801,0.089777,91.5
country_11,2002-04-30,0.998735,0.412811,1.097189,3.23475,81.805006,0.113497,91.5
country_11,2002-05-31,0.998735,0.382011,0.647989,6.173273,79.810734,0.083331,91.75
country_11,2002-06-30,0.998735,0.694086,0.325914,6.441431,91.818173,0.083287,91.5
country_11,2002-07-31,0.998735,0.691575,-0.051575,6.489607,99.912983,0.072829,91.5
country_11,2002-08-31,0.998735,0.127422,0.472578,4.954233,104.254003,0.061314,91.5
country_11,2002-09-30,0.998735,0.153179,0.496821,3.045971,119.535786,0.104429,91.75
country_11,2002-10-31,0.998735,-0.707241,1.237241,2.980909,114.927703,0.089689,92.0
country_11,2002-11-30,0.998735,-0.325448,0.915448,2.717149,121.404706,0.097225,92.0
country_11,2002-12-31,0.998735,-0.450833,0.890833,3.369152,119.861649,0.102456,91.5
country_11,2003-01-31,0.207985,-0.36667,0.84667,5.397217,125.66857,0.250052,91.5
country_11,2003-02-28,0.207985,-0.459068,0.949068,6.259196,134.849953,0.137227,91.25
country_11,2003-03-31,0.207985,-1.169026,1.339026,5.865103,168.036748,0.221723,91.25
country_11,2003-04-30,0.207985,-0.561891,0.671891,3.2453,136.082482,0.116591,91.25
country_11,2003-05-31,0.207985,-0.314157,0.414157,2.114305,106.290126,0.097082,91.75
country_11,2003-06-30,0.207985,-0.417985,0.547985,0.29654,88.699562,0.063278,91.5
country_11,2003-07-31,0.207985,-0.190417,0.270417,-2.873563,80.370098,0.049081,92.0
country_11,2003-08-31,0.207985,-0.457224,0.537224,-2.431048,69.143349,0.111888,91.0
country_11,2003-09-30,0.207985,-0.420489,0.530489,-3.130454,80.016381,0.052957,91.0
country_11,2003-10-31,0.207985,-0.353673,0.453673,-2.460971,76.154453,0.043138,91.0
country_11,2003-11-30,0.207985,-0.402596,0.512596,-3.317433,73.51021,0.057176,89.5
country_11,2003-12-31,0.207985,-0.503759,0.593759,-1.873308,69.970889,0.057339,89.5
country_11,2004-01-31,0.391819,-0.072513,0.172513,-3.992335,72.17752,0.110362,90.0
country_11,2004-02-29,0.391819,-0.000695,0.090695,-4.66553,72.265655,0.073962,91.0
country_11,2004-03-31,0.391819,0.197025,-0.097025,-5.465587,77.764478,0.171581,91.0
country_11,2004-04-30,0.391819,-0.425813,0.545813,-3.500976,77.478198,0.086423,91.0
country_11,2004-05-31,0.391819,-0.839985,0.939985,-2.566591,89.332375,0.079211,91.0
country_11,2004-06-30,0.391819,-0.752082,1.112082,0.503723,77.306815,0.059698,91.0
country_11,2004-07-31,0.391819,-0.642451,0.862451,1.194596,74.246224,0.03016,91.0
country_11,2004-08-31,0.391819,-0.821135,1.001135,0.581006,68.464894,0.075995,91.0
country_11,2004-09-30,0.391819,-0.320765,0.860765,1.013399,78.099539,0.029911,91.0
country_11,2004-10-31,0.391819,-0.7126,1.2926,0.855841,88.655057,0.034349,91.25
country_11,2004-11-30,0.391819,-1.06751,1.51751,4.092846,83.779416,0.048032,91.25
country_11,2004-12-31,0.391819,-0.781865,1.331865,1.765615,65.450892,0.060335,91.25
country_11,2005-01-31,0.724431,-0.604809,1.204809,0.554447,57.844693,0.054305,91.25
country_11,2005-02-28,0.724431,-0.780291,1.410291,0.446927,54.688886,0.051475,90.0
country_11,2005-03-31,0.724431,-0.69112,1.44112,1.52147,53.142543,0.028635,90.0
country_11,2005-04-30,0.724431,-0.776079,1.416079,1.201842,70.405008,0.032373,90.0
country_11,2005-05-31,0.724431,-0.421739,1.081739,-1.02933,67.430884,0.029904,90.0
country_11,2005-06-30,0.724431,-0.10088,0.68088,-3.835258,70.805485,0.027103,90.0
country_11,2005-07-31,0.724431,-0.559076,1.189076,-4.424095,62.919557,0.07632,90.0
country_11,2005-08-31,0.724431,-0.330676,0.960676,-3.18818,61.392658,0.025895,89.0
country_11,2005-09-30,0.724431,-0.766622,1.396622,-2.953963,93.761278,0.032129,89.0
country_11,2005-10-31,0.724431,-0.72328,1.33328,-3.746969,66.039997,0.037346,89.0
country_11,2005-11-30,0.724431,-0.321516,0.951516,-6.204891,66.226635,0.039647,88.5
country_11,2005-12-31,0.724431,-0.376364,1.006364,-6.018217,61.582985,0.05331,88.0
country_11,2006-01-31,1.456766,-0.540905,1.290905,-4.333921,70.522749,0.089258,88.5
country_11,2006-02-28,1.456766,-0.473645,1.383645,-4.505006,58.947865,0.035024,89.25
country_11,2006-03-31,1.456766,0.001203,1.028797,-5.528419,58.258758,0.025825,89.25
country_11,2006-04-30,1.456766,0.160833,1.059167,-5.127636,71.351896,0.043872,89.25
country_11,2006-05-31,1.456766,-0.20191,1.36191,-2.42675,63.048925,0.056861,89.75
country_11,2006-06-30,1.456766,-0.292102,1.562102,-1.291638,72.238229,0.048354,89.75
country_11,2006-07-31,1.456766,-0.124662,1.424662,-0.588711,69.327711,0.069877,89.75
country_11,2006-08-31,1.456766,-0.122138,1.452138,-1.675273,60.124613,0.051635,90.5
country_11,2006-09-30,1.456766,0.8161,0.7939,-2.366184,58.189344,0.048566,90.5
country_11,2006-10-31,1.456766,1.331386,0.258614,-3.045569,61.068366,0.095252,90.5
country_11,2006-11-30,1.456766,1.372274,0.497726,-2.607098,58.259307,0.027327,90.5
country_11,2006-12-31,1.456766,1.319026,0.620974,-2.180685,57.415119,0.026006,90.5
country_11,2007-01-31,2.352159,1.917959,0.102041,-4.288184,64.466529,0.089561,90.5
country_11,2007-02-28,2.352159,1.951441,-0.011441,-3.634246,54.743006,0.049505,90.0
country_11,2007-03-31,2.352159,1.807125,0.172875,-2.350176,64.727108,0.04337,90.0
country_11,2007-04-30,2.352159,1.646063,0.453937,-3.299017,60.557198,0.025639,90.0
country_11,2007-05-31,2.352159,1.692069,0.487931,-6.17765,57.153402,0.032446,90.0
country_11,2007-06-30,2.352159,1.929146,0.630854,-6.508264,56.368568,0.03487,89.75
country_11,2007-07-31,2.352159,1.779638,0.720362,-5.701347,47.588486,0.03237,89.75
country_11,2007-08-31,2.352159,1.914148,0.435852,-4.51628,78.347843,0.015869,90.0
country_11,2007-09-30,2.352159,1.452825,0.747175,-4.094118,99.766425,0.015641,89.5
country_11,2007-10-31,2.352159,0.825613,1.264387,-4.310345,79.311864,0.025744,89.5
country_11,2007-11-30,2.352159,0.28997,1.77003,-2.429245,82.915552,0.053926,89.5
country_11,2007-12-31,2.352159,-0.004048,2.004048,-3.231894,96.765608,0.074533,89.5
country_11,2008-01-31,1.747376,-0.04625,2.42625,1.083946,134.644822,0.06228,89.25
country_11,2008-02-29,1.747376,-0.044647,2.364647,1.655989,99.414594,0.034964,89.0
country_11,2008-03-31,1.747376,-0.010879,2.630879,4.861613,119.60276,0.034062,88.75
country_11,2008-04-30,1.747376,-0.453952,2.283952,4.754416,91.661619,0.015835,88.75
country_11,2008-05-31,1.747376,-0.905469,2.855469,3.701441,78.03405,0.024424,88.25
country_11,2008-06-30,1.747376,-1.091713,2.911713,4.554942,87.020717,0.055454,88.5
country_11,2008-07-31,1.747376,-1.104849,3.074849,4.162049,96.362754,0.066052,88.5
country_11,2008-08-31,1.747376,-0.941348,2.921348,1.613297,90.248501,0.030031,88.75
country_11,2008-09-30,1.747376,-1.22723,2.92723,2.760059,162.480555,0.061837,88.75
country_11,2008-10-31,1.747376,-2.298061,2.598061,7.491053,208.559355,0.01562,88.75
country_11,2008-11-30,1.747376,-1.40226,1.45226,4.447667,143.535056,0.023652,87.75
country_11,2008-12-31,1.747376,-0.690963,0.700963,6.009264,144.604863,0.022372,87.75
country_11,2009-01-31,0.093882,-0.139241,0.139241,6.17181,145.30676,0.051833,87.5
country_11,2009-02-28,0.093882,-0.23739,0.23739,5.410226,147.444917,0.026324,86.25
country_11,2009-03-31,0.093882,0.474275,-0.424275,1.113151,132.287767,0.034696,85.75
country_11,2009-04-30,0.093882,0.383748,-0.333748,1.512877,102.292392,0.036148,86.75
country_11,2009-05-31,0.093882,1.011134,-0.961134,4.217222,103.912996,0.046749,84.25
country_11,2009-06-30,0.093882,1.001029,-0.951029,4.321278,116.627111,0.045121,84.25
country_11,2009-07-31,0.093882,1.227736,-1.177736,4.232179,106.25894,0.022925,84.5
country_11,2009-08-31,0.093882,0.85995,-0.80995,5.79745,103.049663,0.036012,84.0
country_11,2009-09-30,0.093882,0.972594,-0.922594,6.100036,105.986123,0.026556,84.0
country_11,2009-10-31,0.093882,0.883731,-0.833731,2.996556,92.067708,0.074675,83.75
country_11,2009-11-30,0.093882,0.026039,0.023961,4.084703,104.980108,0.030496,84.75
country_11,2009-12-31,0.093882,-0.232658,0.282658,2.851558,102.373805,0.052297,85.0
country_11,2010-01-31,0.167019,-0.973598,1.023598,1.133431,117.672334,0.022182,84.75
country_11,2010-02-28,0.167019,-0.882815,0.932815,0.597857,114.129978,0.014564,85.0
country_11,2010-03-31,0.167019,-1.349788,1.399788,1.498127,114.166184,0.040728,85.0
country_11,2010-04-30,0.167019,-1.322643,1.372643,2.536974,108.803326,0.04627,85.0
country_11,2010-05-31,0.167019,-1.086817,1.106817,0.757319,147.352717,0.040944,88.0
country_11,2010-06-30,0.167019,-0.456281,0.486281,1.834759,138.053636,0.02408,87.5
country_11,2010-07-31,0.167019,-0.368493,0.418493,5.761597,148.447953,0.024618,88.0
country_11,2010-08-31,0.167019,-0.213531,0.293531,6.059573,123.349527,0.022528,88.0
country_11,2010-09-30,0.167019,-0.203077,0.283077,7.481998,133.268761,0.045717,88.0
country_11,2010-10-31,0.167019,-0.143979,0.193979,5.751867,126.833369,0.03288,88.0
country_11,2010-11-30,0.167019,-0.201025,0.241025,4.924958,131.487536,0.038433,88.0
country_11,2010-12-31,0.167019,-0.479632,0.519632,8.943544,134.761926,0.083085,88.0
country_11,2011-01-31,-0.006584,-0.238529,0.278529,8.189081,114.318617,0.068786,88.0
country_11,2011-02-28,-0.006584,-0.470107,0.510107,8.353891,96.579077,0.096701,88.0
country_11,2011-03-31,-0.006584,-0.964278,1.004278,9.784189,130.360713,0.066545,87.75
country_11,2011-04-30,-0.006584,-0.218829,0.258829,8.643071,118.827516,0.01789,86.75
country_11,2011-05-31,-0.006584,-0.278996,0.368996,13.091766,93.959265,0.046414,87.0
country_11,2011-06-30,-0.006584,-0.474337,0.564337,15.452636,124.524422,0.021604,87.5
country_11,2011-07-31,-0.006584,-0.421999,0.471999,13.790885,153.82886,0.022124,87.5
country_11,2011-08-31,-0.006584,-0.48222,0.19222,19.251795,216.757118,0.029977,87.0
country_11,2011-09-30,-0.006584,-0.465795,0.485795,7.306605,194.410228,0.06392,88.0
country_11,2011-10-31,-0.006584,0.16251,-0.11251,5.280911,166.337597,0.035119,87.75
country_11,2011-11-30,-0.006584,0.575748,-0.525748,5.107014,191.776111,0.01779,88.0
country_11,2011-12-31,-0.006584,0.784717,-0.714717,0.584915,178.079098,0.053248,88.5
country_11,2012-01-31,-0.044684,0.799446,-0.789446,0.389744,154.606024,0.037147,88.5
country_11,2012-02-29,-0.044684,0.913483,-0.883483,1.986961,141.124122,0.041897,88.5
country_11,2012-03-31,-0.044684,1.004314,-0.954314,0.387044,132.410146,0.017243,88.5
country_11,2012-04-30,-0.044684,1.009504,-0.989504,0.551471,129.838424,0.037943,88.25
country_11,2012-05-31,-0.044684,1.013631,-1.013631,-2.995735,159.697184,0.028902,87.75
country_11,2012-06-30,-0.044684,1.053777,-1.053777,-6.960268,183.184873,0.05611,87.25
country_11,2012-07-31,-0.044684,0.7141,-0.7141,-9.640939,152.085212,0.05006,86.25
country_11,2012-08-31,-0.044684,0.403038,-0.453038,-14.103371,116.968397,0.014948,87.75
country_11,2012-09-30,-0.044684,0.42145,-0.41145,-6.360355,153.586938,0.021989,88.5
country_11,2012-10-31,-0.044684,0.232128,-0.222128,-3.764517,151.121666,0.020935,89.0
country_11,2012-11-30,-0.044684,0.325325,-0.375325,-3.245968,165.756353,0.031934,89.0
country_11,2012-12-31,-0.044684,0.234382,-0.434382,-1.968986,170.163808,0.027182,89.0
country_11,2013-01-31,-0.048668,0.119765,-0.269765,-2.492848,167.124653,0.033026,89.0
country_11,2013-02-28,-0.048668,0.056169,-0.256169,-2.851344,122.757169,0.023683,89.0
country_11,2013-03-31,-0.048668,0.493563,-0.593563,-3.936688,145.568599,0.024821,89.0
country_11,2013-04-30,-0.048668,0.694434,-0.634434,-3.128174,136.205734,0.026205,89.0
country_11,2013-05-31,-0.048668,0.477441,-0.507441,-4.11085,107.756919,0.028862,89.0
country_11,2013-06-30,-0.048668,0.097859,-0.127859,-1.780202,127.516061,0.034248,89.0
country_11,2013-07-31,-0.048668,0.012769,-0.002769,-1.04297,107.958901,0.011781,89.0
country_11,2013-08-31,-0.048668,-0.15538,-0.04462,0.094182,119.314018,0.026784,89.5
country_11,2013-09-30,-0.048668,0.005429,-0.055429,-0.500052,138.62339,0.057723,89.5
country_11,2013-10-31,-0.048668,0.105228,-0.255228,0.0,168.480618,0.025317,89.5
country_11,2013-11-30,-0.048668,-0.159756,0.079756,0.062513,103.839166,0.106041,89.5
country_11,2013-12-31,-0.048668,-0.057051,0.067051,0.936622,122.64177,0.058285,89.5
country_11,2014-01-31,0.00367,-0.174516,0.054516,1.079212,115.257559,0.271013,89.5
country_11,2014-02-28,0.00367,-0.008913,-0.141087,1.535408,101.147273,0.078805,89.5
country_11,2014-03-31,0.00367,-0.152766,0.002766,3.464301,114.652379,0.089302,89.5
country_11,2014-04-30,0.00367,-0.188023,0.038023,2.233173,110.45015,0.055212,89.5
country_11,2014-05-31,0.00367,-0.380881,0.220881,3.679215,106.839074,0.06397,89.5
country_11,2014-06-30,0.00367,-0.199573,0.049573,1.36197,91.148211,0.047589,89.5
country_11,2014-07-31,0.00367,-0.181947,0.031947,1.791737,94.179986,0.039225,89.5
country_11,2014-08-31,0.00367,-0.17176,0.07176,0.627287,96.85072,0.037242,89.75
country_11,2014-09-30,0.00367,-0.01237,-0.08763,-0.125641,121.73331,0.036127,89.75
country_11,2014-10-31,0.00367,-0.08726,-0.01274,-1.248439,112.590838,0.026614,89.75
country_11,2014-11-30,0.00367,-0.041342,-0.058658,-0.697626,119.364065,0.036213,89.25
country_11,2014-12-31,0.00367,-1.671601,-0.328399,-1.876482,111.296739,0.026127,89.5
country_11,2015-01-31,-0.730737,-1.264685,-0.485315,6.126257,129.058627,0.11308,89.75
country_11,2015-02-28,-0.730737,-0.160415,-0.839585,6.820286,115.615595,0.063857,89.25
country_11,2015-03-31,-0.730737,-0.625307,-0.874693,3.777052,111.378145,0.37484,88.75
country_11,2015-04-30,-0.730737,0.122576,-1.122576,5.43534,100.978142,0.233814,88.0
country_11,2015-05-31,-0.730737,-0.068099,-1.181901,7.117877,104.462104,0.021378,88.5
country_11,2015-06-30,-0.730737,-0.112634,-1.037366,7.658915,119.211694,0.116924,88.5
country_11,2015-07-31,-0.730737,0.276024,-1.276024,6.336716,123.095816,0.090913,88.25
country_11,2015-08-31,-0.730737,0.152533,-1.402533,5.122078,119.817146,0.02356,88.5
country_11,2015-09-30,-0.730737,0.443581,-1.443581,5.503722,153.687481,0.039151,88.5
country_11,2015-10-31,-0.730737,0.45985,-1.35985,6.047198,115.968982,0.012165,88.25
country_11,2015-11-30,-0.730737,0.292474,-1.392474,4.204677,105.331459,0.045662,88.25
country_11,2015-12-31,-0.730737,0.308332,-1.308332,5.148681,112.569505,0.093449,87.5
country_11,2016-01-31,-0.804382,0.266648,-1.266648,-2.29537,144.526658,0.125139,88.0
country_11,2016-02-29,-0.804382,-0.021484,-0.828516,-3.803929,147.483002,0.073393,88.25
country_11,2016-03-31,-0.804382,-0.239285,-0.860715,-1.682078,159.289773,0.076954,88.25
country_11,2016-04-30,-0.804382,-0.648012,-0.351988,-2.276043,142.296001,0.03718,88.25
country_11,2016-05-31,-0.804382,-0.810025,-0.439975,-4.628385,125.8135,0.027314,87.75
country_11,2016-06-30,-0.804382,-1.375934,-0.374066,-3.504224,231.055733,0.028319,87.75
country_11,2016-07-31,-0.804382,-0.797098,-0.202902,-2.434275,204.922859,0.044198,88.5
country_11,2016-08-31,-0.804382,-3.506911,-0.143089,-0.958687,134.741631,0.077527,88.5
country_11,2016-09-30,-0.804382,-0.76847,-0.18153,-0.894277,135.508434,0.025207,88.5
country_11,2016-10-31,-0.804382,-0.63721,-0.21279,-1.043115,126.436077,0.117797,88.5
country_11,2016-11-30,-0.804382,-0.561801,-0.338199,1.046488,228.725719,0.030768,88.5
country_11,2016-12-31,-0.804382,-0.893249,-0.006751,-0.629559,184.983643,0.042939,88.5
country_11,2017-01-31,-0.819167,-1.248919,0.348919,0.129961,247.297541,0.081037,88.75
country_11,2017-02-28,-0.819167,-1.596012,0.646012,0.570628,186.287328,0.049565,88.75
country_11,2017-03-31,-0.819167,-1.517811,0.567811,0.110055,236.021817,0.033647,88.75
country_11,2017-04-30,-0.819167,-1.337797,0.437797,-0.89579,176.400037,0.04203,88.75
country_11,2017-05-31,-0.819167,-1.429438,0.479438,0.140959,144.098113,0.055849,88.75
country_11,2017-06-30,-0.819167,-1.377227,0.197227,-0.437767,171.716271,0.02064,88.75
country_11,2017-07-31,-0.819167,-1.229253,0.329253,-0.908184,164.959101,0.031791,89.0
country_11,2017-08-31,-0.819167,-1.612672,0.462672,-3.23321,140.625931,0.058748,89.0
country_11,2017-09-30,-0.819167,-1.552001,0.652001,-3.438941,157.654075,0.084885,89.0
country_11,2017-10-31,-0.819167,-1.630966,0.660966,-4.246562,144.509238,0.044639,89.25
country_11,2017-11-30,-0.819167,-1.78703,0.78703,-5.885282,159.908058,0.008416,89.25
country_11,2017-12-31,-0.819167,-1.838653,0.838653,-5.480692,148.166996,0.036553,89.25
country_11,2018-01-31,-0.784623,-1.740184,0.740184,-5.730831,177.714033,0.065076,89.5
country_11,2018-02-28,-0.784623,-1.578082,0.628082,-4.280311,125.992004,0.018599,89.5
country_11,2018-03-31,-0.784623,-1.795383,0.795383,-5.086948,181.690139,0.164302,89.5
country_11,2018-04-30,-0.784623,-1.783164,0.803164,-6.357337,165.022549,0.14253,89.5
country_11,2018-05-31,-0.784623,-1.949229,0.999229,-6.414639,171.499325,0.109253,89.5
country_11,2018-06-30,-0.784623,-2.04663,1.14663,-5.396223,164.917527,0.094998,89.5
country_11,2018-07-31,-0.784623,-2.180287,1.230287,-4.693323,227.491186,0.089655,89.0
country_11,2018-08-31,-0.784623,-2.081152,1.181152,-0.824997,172.166465,0.062704,88.5
country_11,2018-09-30,-0.784623,-1.889492,0.989492,1.339425,193.321956,0.021,88.5
country_11,2018-10-31,-0.784623,-2.006621,1.106621,0.450828,213.58535,0.037074,88.5
country_11,2018-11-30,-0.784623,-1.821973,0.921973,1.30145,247.133279,0.055101,88.5
country_11,2018-12-31,-0.784623,-1.641527,0.691527,2.478987,220.390567,0.070406,88.5
country_11,2019-01-31,-0.752057,-1.460147,0.560147,1.821648,243.990547,0.055249,88.0
country_11,2019-02-28,-0.752057,-1.548587,0.578587,-1.143927,173.797696,0.018884,88.0
country_11,2019-03-31,-0.752057,-2.239108,0.729108,0.410656,240.876074,0.029198,88.25
country_11,2019-04-30,-0.752057,-1.558092,0.708092,1.608752,191.283849,0.017907,88.5
country_11,2019-05-31,-0.752057,-1.534225,0.634225,2.374302,223.547914,0.060174,88.5
country_11,2019-06-30,-0.752057,-1.550187,0.600187,2.154854,320.431067,0.064717,88.5
country_11,2019-07-31,-0.752057,-1.011852,0.311852,2.187467,249.39605,0.039819,88.5
country_11,2019-08-31,-0.752057,-1.367932,0.317932,2.412395,290.655859,0.026546,88.5
country_11,2019-09-30,-0.752057,-1.148352,0.148352,-0.010246,237.375557,0.062005,88.5
country_11,2019-10-31,-0.752057,-0.656807,-0.253193,0.657551,202.254036,0.084083,88.5
country_11,2019-11-30,-0.752057,-0.698829,-0.131171,0.407353,242.602607,0.066021,88.5
country_11,2019-12-31,-0.752057,-1.155789,0.155789,0.228405,232.09853,0.038831,88.25
country_11,2020-01-31,-0.693264,-1.052302,0.202302,1.66424,191.721791,0.123538,88.0
country_11,2020-02-29,-0.693264,-0.737842,-0.062158,3.334736,196.493257,0.102541,88.0
country_11,2020-03-31,-0.693264,-0.734793,-0.515207,5.578859,318.464859,0.034206,87.5
country_11,2020-04-30,-0.693264,0.212974,-1.062974,6.132573,328.132639,0.074277,81.75
country_11,2020-05-31,-0.693264,0.474527,-1.324527,5.488509,415.743351,0.031543,82.0
country_11,2020-06-30,-0.693264,0.374745,-1.274745,3.23648,309.592304,0.027685,82.25
country_11,2020-07-31,-0.693264,0.069942,-0.919942,3.733195,313.14659,0.063009,82.25
country_11,2020-08-31,-0.693264,0.036246,-0.866246,2.609402,289.355929,0.031168,82.0
country_11,2020-09-30,-0.693264,-0.050065,-0.799935,3.033098,309.334464,0.053773,82.0
country_11,2020-10-31,-0.693264,-0.259759,-0.570241,4.406885,306.555271,0.004218,82.0
country_11,2020-11-30,-0.693264,-0.145273,-0.684727,3.86976,397.379453,0.045886,82.0
country_11,2020-12-31,-0.693264,-0.036153,-0.813847,3.56329,302.480267,0.004721,81.75
country_11,2021-01-31,-0.739333,-0.305601,-0.544399,1.954164,271.756537,0.026538,87.0
country_11,2021-02-28,-0.739333,-0.34589,-0.50411,0.244325,195.106815,0.009666,86.75
country_11,2021-03-31,-0.739333,-0.584868,-0.245132,-4.479539,212.04869,0.043668,86.75
country_11,2021-04-30,-0.739333,-1.17787,0.32787,-4.037792,193.922328,0.018623,87.0
country_11,2021-05-31,-0.739333,-1.400921,0.550921,-3.133705,173.125153,0.104498,87.25
country_11,2021-06-30,-0.739333,-1.504508,0.604508,-2.814503,170.973378,0.08355,87.25
country_11,2021-07-31,-0.739333,-1.52884,0.67884,-3.229987,189.078655,0.044815,86.75
country_11,2021-08-31,-0.739333,-1.681666,0.881666,-3.364338,201.281625,0.048274,86.75
country_11,2021-09-30,-0.739333,-1.742391,0.942391,-4.107409,211.947869,0.009363,86.75
country_11,2021-10-31,-0.739333,-2.041863,1.241863,-3.853411,187.239843,0.085137,86.75
country_11,2021-11-30,-0.739333,-2.33277,1.53277,-2.27341,229.32188,0.047382,86.0
country_11,2021-12-31,-0.739333,-2.431115,1.531115,-1.960392,258.409284,0.019748,86.75
country_11,2022-01-31,-0.126667,-2.448818,1.648818,-2.07727,221.703667,0.106651,86.0
country_11,2022-02-28,-0.126667,-3.010884,2.150884,-1.62486,175.822588,0.100675,86.0
country_11,2022-03-31,-0.126667,-3.186116,2.386116,1.102215,298.188365,0.221473,86.75
country_11,2022-04-30,-0.126667,-3.247963,2.547963,-0.093274,269.50296,0.075819,87.0
country_11,2022-05-31,-0.126667,-3.742521,2.942521,-2.639417,275.87421,0.16977,87.0
country_11,2022-06-30,-0.126667,-3.644932,3.384932,-1.37071,248.019355,0.082411,87.25
country_11,2022-07-31,-0.126667,-3.693426,3.433426,0.700525,292.80633,0.040665,87.0
country_11,2022-08-31,-0.126667,-3.652104,3.452104,1.658816,235.831551,0.059214,87.25
country_11,2022-09-30,-0.126667,-3.352456,3.252456,2.582452,248.854905,0.070692,87.0
country_11,2022-10-31,-0.126667,-3.055974,2.995974,0.061977,265.082456,0.079518,87.0
country_11,2022-11-30,-0.126667,-3.010271,2.960271,-0.225456,311.348867,0.051314,87.25
country_11,2022-12-31,-0.126667,-2.600271,2.840271,-0.05101,239.854289,0.055793,87.25
country_11,2023-01-31,1.509167,-2.832498,3.282498,-0.030744,217.199179,0.164266,87.25
country_11,2023-02-28,1.509167,-2.921798,3.371798,1.414267,242.140833,0.046698,87.25
country_11,2023-03-31,1.509167,-2.345303,2.945303,0.822791,313.653036,0.070763,87.0
country_11,2023-04-30,1.509167,-1.665363,2.565363,2.790456,255.37935,0.038911,87.25
country_11,2023-05-31,1.509167,-1.2087,2.1587,5.601266,211.346131,0.060584,87.25
country_11,2023-06-30,1.509167,-0.510872,1.710872,4.639498,221.458467,0.042816,87.25
country_11,2023-07-31,1.509167,-0.405165,1.605165,4.204604,191.731262,0.062096,87.25
country_11,2023-08-31,1.509167,-0.354286,1.554286,3.021757,175.505155,0.054605,86.25
country_11,2023-09-30,1.509167,-0.454699,1.654699,2.295016,200.638478,0.05445,86.0
country_11,2023-10-31,1.509167,-0.493375,1.693375,4.758955,190.443809,0.053741,86.0
country_11,2023-11-30,1.509167,0.186367,1.443633,3.892769,207.972104,0.06884,86.0
country_11,2023-12-31,1.509167,-0.114976,1.714976,5.246504,223.0237,0.051493,86.0
country_11,2024-01-31,1.440913,0.171323,1.278677,6.878524,239.697468,0.181636,86.0
country_11,2024-02-29,1.440913,0.331564,1.168436,4.753664,167.97191,0.045803,86.0
country_11,2024-03-31,1.440913,0.295054,1.044946,2.805264,179.48344,0.055323,86.0
country_11,2024-04-30,1.440913,,1.367832,0.353214,171.262734,0.05063,86.0
country_11,2024-05-31,1.440913,,1.390039,-1.088802,184.164421,0.085637,86.0
country_11,2024-06-30,1.440913,,1.328073,0.888756,173.434379,0.17753,86.0
country_11,2024-07-31,1.440913,,1.290587,-1.472609,229.011641,0.080059,86.0
country_11,2024-08-31,1.440913,,1.060369,0.459523,191.11852,0.101279,87.25
country_11,2024-09-30,1.440913,,0.843018,1.650524,202.177624,0.026023,87.25
country_11,2024-10-31,1.440913,,0.622965,0.798187,204.928419,0.06801,87.25
country_11,2024-11-30,1.440913,,0.730763,0.929313,282.59266,0.056671,87.25
country_11,2024-12-31,1.440913,,0.626425,-1.600233,327.575037,0.055637,87.25
country_12,2000-01-31,3.954608,1.531962,0.448038,-2.129131,94.849923,0.047959,84.0
country_12,2000-02-29,3.954608,1.068765,0.931235,-2.682313,80.979718,0.051592,83.75
country_12,2000-03-31,3.954608,0.967474,1.032526,-0.724917,80.283382,0.03011,83.75
country_12,2000-04-30,3.954608,1.749592,0.720408,0.481553,79.572395,0.026985,84.0
country_12,2000-05-31,3.954608,1.491026,1.008974,1.15267,78.599332,0.028415,83.75
country_12,2000-06-30,3.954608,1.658492,0.841508,0.910435,78.817148,0.017178,83.75
country_12,2000-07-31,3.954608,1.217459,0.802541,-1.541202,81.518778,0.014827,84.5
country_12,2000-08-31,3.954608,1.127666,0.872334,-3.254415,66.883229,0.020725,84.75
country_12,2000-09-30,3.954608,1.129963,0.870037,-5.420261,70.38968,0.033565,84.25
country_12,2000-10-31,3.954608,1.027141,0.972859,-6.699409,68.201304,0.016498,84.0
country_12,2000-11-30,3.954608,0.692876,1.307124,-7.03801,66.61736,0.025029,83.75
country_12,2000-12-31,3.954608,1.022859,0.977141,-5.291375,67.804752,0.030875,84.0
country_12,2001-01-31,3.995642,0.495072,1.504928,-5.230503,79.885099,0.046311,84.75
country_12,2001-02-28,3.995642,0.606395,1.393605,-6.655704,67.590156,0.037911,85.0
country_12,2001-03-31,3.995642,0.344087,1.655913,-8.568321,77.501945,0.087616,84.5
country_12,2001-04-30,3.995642,-1.100261,2.630261,-8.904692,76.088593,0.009046,85.5
country_12,2001-05-31,3.995642,-1.33593,2.83593,-8.875969,63.283097,0.059795,87.0
country_12,2001-06-30,3.995642,-1.20632,2.70632,-11.813695,76.749902,0.133976,86.5
country_12,2001-07-31,3.995642,-0.689237,2.669237,-10.217887,93.479479,0.025093,86.75
country_12,2001-08-31,3.995642,-0.851871,2.851871,-7.787963,80.203895,0.009349,86.75
country_12,2001-09-30,3.995642,-0.988314,2.988314,-9.379288,100.538973,0.153476,88.0
country_12,2001-10-31,3.995642,-0.486755,2.486755,-7.024182,99.167839,0.121349,84.75
country_12,2001-11-30,3.995642,-0.466313,2.466313,-5.19405,76.800178,0.09888,85.0
country_12,2001-12-31,3.995642,-0.659249,2.659249,-6.440233,83.504254,0.054252,84.25
country_12,2002-01-31,4.066575,-1.193034,2.713034,-4.0358,97.768425,0.051763,84.25
country_12,2002-02-28,4.066575,-1.089001,2.589001,-2.843721,85.42673,0.065911,84.5
country_12,2002-03-31,4.066575,-1.209845,2.709845,0.263381,80.874681,0.049233,85.0
country_12,2002-04-30,4.066575,-0.286847,2.266847,-0.58549,85.056941,0.055215,85.0
country_12,2002-05-31,4.066575,0.161522,1.838478,-0.153126,84.623294,0.038689,85.0
country_12,2002-06-30,4.066575,0.162563,1.837437,5.132914,83.777854,0.040101,85.0
country_12,2002-07-31,4.066575,0.003304,1.996696,4.41563,95.443717,0.075995,84.75
country_12,2002-08-31,4.066575,2.695065,1.804935,2.913209,96.609837,0.05486,84.75
country_12,2002-09-30,4.066575,2.776813,1.723187,7.55322,88.472256,0.036857,83.75
country_12,2002-10-31,4.066575,2.170177,2.329823,7.873319,94.405702,0.084083,84.0
country_12,2002-11-30,4.066575,2.45706,2.04294,7.20547,81.648036,0.082494,84.5
country_12,2002-12-31,4.066575,2.418051,2.081949,7.427219,80.2316,0.064035,84.5
country_12,2003-01-31,3.032833,1.336316,2.663684,6.373057,91.33283,0.086328,86.75
country_12,2003-02-28,3.032833,0.678418,3.321582,8.021067,102.757342,0.079783,86.75
country_12,2003-03-31,3.032833,1.030455,2.969545,5.660537,111.386197,0.058202,86.75
country_12,2003-04-30,3.032833,1.438345,2.161655,6.853875,86.855708,0.046636,86.5
country_12,2003-05-31,3.032833,1.820293,1.779707,8.579705,82.331691,0.034264,85.75
country_12,2003-06-30,3.032833,1.6231,1.6469,6.495883,88.983059,0.033146,85.75
country_12,2003-07-31,3.032833,1.263549,1.656451,5.714046,104.1298,0.024541,86.5
country_12,2003-08-31,3.032833,1.282627,1.567373,4.359513,89.052722,0.012432,86.75
country_12,2003-09-30,3.032833,1.316306,1.533694,5.093168,74.630106,0.038247,86.75
country_12,2003-10-31,3.032833,1.575442,1.274558,5.732327,73.397755,0.032354,86.5
country_12,2003-11-30,3.032833,1.539575,1.310425,5.29027,67.253157,0.021065,86.5
country_12,2003-12-31,3.032833,1.577604,1.272396,6.203575,65.652837,0.050968,86.5
country_12,2004-01-31,2.109167,2.125249,0.724751,4.741029,75.288101,0.050707,86.75
country_12,2004-02-29,2.109167,3.088706,-0.398706,2.198066,77.080926,0.015409,87.0
country_12,2004-03-31,2.109167,2.760822,-0.160822,1.066645,75.415634,0.028597,87.0
country_12,2004-04-30,2.109167,1.984825,0.215175,0.071891,88.085117,0.035761,87.0
country_12,2004-05-31,2.109167,1.518323,0.581677,-0.847458,69.428487,0.032271,87.25
country_12,2004-06-30,2.109167,1.678742,0.421258,-1.905654,71.205919,0.032834,87.25
country_12,2004-07-31,2.109167,1.482184,0.617816,-0.658782,75.297358,0.012064,87.75
country_12,2004-08-31,2.109167,1.572351,0.527649,0.426594,87.344362,0.030398,87.5
country_12,2004-09-30,2.109167,1.568984,0.531016,-0.00788,71.530983,0.020937,87.5
country_12,2004-10-31,2.109167,1.339881,0.760119,-0.884201,68.697174,0.025761,87.75
country_12,2004-11-30,2.109167,1.708363,0.391637,0.023297,73.363094,0.033022,88.0
country_12,2004-12-31,2.109167,1.819994,0.280006,-0.391976,71.490539,0.038106,88.0
country_12,2005-01-31,1.716667,2.125184,-0.025184,-1.278871,61.952933,0.03922,88.5
country_12,2005-02-28,1.716667,1.411191,0.688809,-1.173158,59.625893,0.016086,88.5
country_12,2005-03-31,1.716667,1.967564,0.132436,0.245993,58.99064,0.031499,88.5
country_12,2005-04-30,1.716667,1.84234,0.25766,-0.710409,71.491205,0.032373,88.5
country_12,2005-05-31,1.716667,2.021476,0.078524,-2.556189,71.812258,0.020933,87.75
country_12,2005-06-30,1.716667,1.39785,0.55215,-4.10828,68.574652,0.024091,87.75
country_12,2005-07-31,1.716667,1.269642,0.330358,-5.784596,71.796337,0.030528,87.0
country_12,2005-08-31,1.716667,0.95649,0.64351,-4.343993,76.333844,0.022658,87.0
country_12,2005-09-30,1.716667,1.000394,0.599606,-6.060367,58.258955,0.023367,87.0
country_12,2005-10-31,1.716667,1.1196,0.4804,-7.911417,61.446095,0.025855,86.5
country_12,2005-11-30,1.716667,0.783995,0.816005,-10.419255,65.082549,0.027448,85.75
country_12,2005-12-31,1.716667,0.715812,0.884188,-9.799383,57.23629,0.028223,85.25
country_12,2006-01-31,2.331667,1.048249,0.611751,-7.411478,86.245489,0.036934,86.25
country_12,2006-02-28,2.331667,1.241119,0.608881,-7.288699,78.187933,0.028656,86.5
country_12,2006-03-31,2.331667,0.977567,1.122433,-7.219188,63.760494,0.011478,86.5
country_12,2006-04-30,2.331667,0.61513,1.48487,-4.751186,58.057032,0.015669,86.75
country_12,2006-05-31,2.331667,0.526956,1.573044,-3.126777,74.893212,0.017956,87.25
country_12,2006-06-30,2.331667,0.671717,1.508283,0.282298,66.166626,0.04231,87.25
country_12,2006-07-31,2.331667,0.639254,1.710746,2.59498,110.724417,0.031762,88.25
country_12,2006-08-31,2.331667,0.767578,1.582422,1.357352,90.731893,0.070998,88.25
country_12,2006-09-30,2.331667,1.080604,1.479396,1.350671,83.77353,0.051601,88.25
country_12,2006-10-31,2.331667,1.289656,1.310344,2.523793,86.270155,0.02679,88.0
country_12,2006-11-30,2.331667,1.167294,1.682706,6.656266,71.607705,0.033399,88.25
country_12,2006-12-31,2.331667,1.294191,1.635809,6.184773,80.711625,0.006502,88.25
country_12,2007-01-31,3.5525,1.161445,1.938555,4.163487,54.656788,0.021618,88.0
country_12,2007-02-28,3.5525,1.204215,1.975785,3.747332,74.650968,0.029703,88.25
country_12,2007-03-31,3.5525,1.426992,1.923008,2.994625,78.027699,0.014457,88.25
country_12,2007-04-30,3.5525,1.426117,1.923883,2.928764,76.898967,0.009615,88.25
country_12,2007-05-31,3.5525,1.692478,1.657522,2.070758,74.382687,0.038936,87.75
country_12,2007-06-30,3.5525,1.538796,1.851204,-0.786554,62.534555,0.04755,87.75
country_12,2007-07-31,3.5525,1.735053,1.864947,0.810051,69.016249,0.019422,87.75
country_12,2007-08-31,3.5525,1.831234,1.768766,-0.884517,87.477007,0.025391,87.75
country_12,2007-09-30,3.5525,1.571487,2.188513,0.629087,71.295822,0.025025,87.75
country_12,2007-10-31,3.5525,1.140386,2.719614,2.345628,53.734069,0.037186,87.5
country_12,2007-11-30,3.5525,0.846161,3.253839,0.016252,55.843576,0.014979,87.25
country_12,2007-12-31,3.5525,0.647157,3.452843,-2.577942,62.281901,0.022684,87.25
country_12,2008-01-31,3.905,0.903622,3.196378,-2.140996,105.368253,0.021798,87.25
country_12,2008-02-29,3.905,1.156492,3.103508,-0.732269,89.463719,0.012714,87.0
country_12,2008-03-31,3.905,0.940711,3.409289,1.30053,79.309845,0.018579,86.75
country_12,2008-04-30,3.905,1.009648,3.340352,1.107011,93.688008,0.015835,86.75
country_12,2008-05-31,3.905,0.491347,3.858653,1.347023,72.101242,0.024424,86.75
country_12,2008-06-30,3.905,0.396522,4.183478,2.278227,77.457951,0.039144,86.75
country_12,2008-07-31,3.905,0.445143,4.134857,-0.606756,93.693704,0.023118,87.0
country_12,2008-08-31,3.905,0.256683,4.343317,0.742285,95.084846,0.020021,87.25
country_12,2008-09-30,3.905,0.447781,4.372219,-2.07288,105.787132,0.019527,87.25
country_12,2008-10-31,3.905,0.514979,3.985021,-7.102365,123.235443,0.040612,86.0
country_12,2008-11-30,3.905,1.378324,2.471676,-9.839129,102.721306,0.016894,86.0
country_12,2008-12-31,3.905,1.878951,0.901049,-12.172331,91.784158,0.037287,84.0
country_12,2009-01-31,0.398333,0.821612,1.278388,-11.579735,87.768602,0.027644,84.0
country_12,2009-02-28,0.398333,0.816268,0.883732,-14.198094,100.446381,0.018803,83.25
country_12,2009-03-31,0.398333,0.885358,0.214642,-16.583531,90.016313,0.017348,82.75
country_12,2009-04-30,0.398333,0.970125,-0.070125,-15.531225,89.543499,0.028918,83.5
country_12,2009-05-31,0.398333,1.318449,-0.718449,-13.331712,72.10925,0.035961,84.0
country_12,2009-06-30,0.398333,1.550068,-0.950068,-14.564295,85.257394,0.01504,85.0
country_12,2009-07-31,0.398333,1.504146,-1.204146,-13.479624,97.571398,0.038209,85.5
country_12,2009-08-31,0.398333,1.768951,-1.168951,-8.129812,71.731118,0.020006,81.75
country_12,2009-09-30,0.398333,2.221653,-1.871653,-5.930281,75.823993,0.034144,82.25
country_12,2009-10-31,0.398333,2.130337,-1.780337,-3.086043,65.80657,0.021336,82.0
country_12,2009-11-30,0.398333,1.343192,-0.993192,-0.270343,70.195945,0.030496,82.0
country_12,2009-12-31,0.398333,-0.225276,0.575276,2.862254,85.087384,0.036206,82.25
country_12,2010-01-31,0.504167,0.03779,0.31221,3.236429,81.353116,0.011091,82.0
country_12,2010-02-28,0.504167,-0.542765,0.892765,7.389876,78.348378,0.032769,82.0
country_12,2010-03-31,0.504167,-0.496726,0.846726,10.479365,68.505356,0.05091,82.0
country_12,2010-04-30,0.504167,-0.355075,0.705075,7.729237,74.820328,0.067625,82.5
country_12,2010-05-31,0.504167,-0.80248,1.15248,3.347672,118.157987,0.051181,82.5
country_12,2010-06-30,0.504167,-0.575764,0.925764,5.66326,99.856717,0.072239,82.5
country_12,2010-07-31,0.504167,-0.731155,1.081155,7.408467,104.846433,0.024618,82.5
country_12,2010-08-31,0.504167,-0.277872,0.877872,1.892403,94.878778,0.022528,85.5
country_12,2010-09-30,0.504167,-0.62631,1.41631,3.848558,94.10828,0.017583,85.0
country_12,2010-10-31,0.504167,-0.596075,1.486075,5.873887,82.063987,0.055895,85.5
country_12,2010-11-30,0.504167,-0.746354,1.846354,5.439595,95.120363,0.038433,85.5
country_12,2010-12-31,0.504167,-1.237803,2.337803,8.887872,77.455315,0.181276,85.0
country_12,2011-01-31,1.6575,-1.356411,2.456411,9.578055,79.168562,0.014481,85.0
country_12,2011-02-28,1.6575,-1.004989,2.464989,10.45246,85.646919,0.042548,85.0
country_12,2011-03-31,1.6575,-1.313753,2.913753,8.51819,98.05779,0.0366,85.0
country_12,2011-04-30,1.6575,-1.741406,3.341406,8.663102,93.707308,0.032202,85.0
country_12,2011-05-31,1.6575,-1.49183,3.34183,10.115816,62.169167,0.035703,84.75
country_12,2011-06-30,1.6575,-1.229678,3.079678,8.02603,106.856141,0.036006,85.25
country_12,2011-07-31,1.6575,-1.288289,3.348289,5.521527,144.585936,0.073746,85.25
country_12,2011-08-31,1.6575,-1.274626,3.374626,4.89962,156.729822,0.02623,85.5
country_12,2011-09-30,1.6575,-1.127851,3.227851,2.012038,125.521689,0.024858,85.5
country_12,2011-10-31,1.6575,-0.802384,2.902384,0.951572,106.191153,0.007024,85.5
country_12,2011-11-30,1.6575,-0.704383,2.804383,1.456851,112.658545,0.01779,85.5
country_12,2011-12-31,1.6575,-0.267646,2.287646,-0.033625,96.680156,0.053248,85.5
country_12,2012-01-31,1.253333,-0.011836,1.861836,-1.131071,74.666513,0.011144,85.5
country_12,2012-02-29,1.253333,-0.135426,1.915426,-2.53278,101.007552,0.034279,85.5
country_12,2012-03-31,1.253333,0.087612,1.512388,-3.262469,74.177997,0.031037,85.0
country_12,2012-04-30,1.253333,0.299571,1.300429,-2.911745,94.295431,0.018972,83.75
country_12,2012-05-31,1.253333,0.571227,1.028773,-4.700082,113.361338,0.021676,83.75
country_12,2012-06-30,1.253333,0.581606,1.018394,-2.074967,114.22254,0.033666,84.0
country_12,2012-07-31,1.253333,0.925037,0.674963,1.059981,123.836508,0.046209,83.75
country_12,2012-08-31,1.253333,0.854526,0.745474,4.215496,91.956241,0.026158,84.25
country_12,2012-09-30,1.253333,0.993292,0.446708,2.562374,99.578026,0.021989,85.25
country_12,2012-10-31,1.253333,0.976688,0.373312,0.908938,82.469648,0.031403,85.25
country_12,2012-11-30,1.253333,1.458219,-0.108219,0.895346,102.203061,0.017741,85.25
country_12,2012-12-31,1.253333,1.334053,-0.054053,0.647494,108.897392,0.034949,85.25
country_12,2013-01-31,0.925833,1.0519,0.0481,1.270188,107.47312,0.029357,85.25
country_12,2013-02-28,0.925833,1.268791,-0.168791,2.456551,82.178157,0.043418,85.5
country_12,2013-03-31,0.925833,1.147679,-0.047679,4.707971,97.004814,0.04255,85.25
country_12,2013-04-30,0.925833,1.562833,-0.462833,3.320098,101.092369,0.007487,85.75
country_12,2013-05-31,0.925833,1.318884,-0.218884,4.043801,97.909188,0.06494,85.75
country_12,2013-06-30,0.925833,1.246284,-0.146284,2.563226,95.365134,0.019027,85.5
country_12,2013-07-31,0.925833,0.997802,0.102198,0.291351,107.351016,0.035344,85.5
country_12,2013-08-31,0.925833,1.00756,0.09244,-2.426988,81.399857,0.057394,85.75
country_12,2013-09-30,0.925833,1.023756,0.076244,-0.616371,102.339066,0.103902,85.75
country_12,2013-10-31,0.925833,1.16046,-0.06046,0.250209,93.272396,0.036168,84.5
country_12,2013-11-30,0.925833,0.978883,0.121117,-0.929259,85.974496,0.022723,84.5
country_12,2013-12-31,0.925833,0.883252,0.136748,-1.178043,100.372138,0.041632,84.5
country_12,2014-01-31,0.420833,1.04552,-0.19552,-1.113049,108.401578,0.043205,84.5
country_12,2014-02-28,0.420833,1.070179,-0.220179,-3.139781,110.850532,0.041477,84.5
country_12,2014-03-31,0.420833,1.476084,-0.626084,-4.084598,93.649883,0.059535,84.5
country_12,2014-04-30,0.420833,0.894503,-0.044503,-4.766966,108.020223,0.070986,84.0
country_12,2014-05-31,0.420833,1.005806,-0.155806,-3.737466,88.492816,0.026341,84.0
country_12,2014-06-30,0.420833,0.623865,0.226135,-4.165278,85.733449,0.043623,84.0
country_12,2014-07-31,0.420833,0.441725,0.038275,-6.2251,108.874266,0.058837,83.75
country_12,2014-08-31,0.420833,0.506154,-0.156154,-6.351049,127.663275,0.028966,83.75
country_12,2014-09-30,0.420833,0.730928,-0.380928,-7.549822,126.546937,0.020071,83.5
country_12,2014-10-31,0.420833,0.440893,-0.120893,-7.02995,118.538544,0.072238,83.5
country_12,2014-11-30,0.420833,0.303645,-0.203645,-6.092615,100.014038,0.024142,83.25
country_12,2014-12-31,0.420833,0.414301,-0.314301,-7.144065,111.027052,0.043545,82.0
country_12,2015-01-31,-0.289167,0.305523,-0.205523,-9.592608,107.996464,0.058634,81.5
country_12,2015-02-28,-0.289167,-0.013552,0.073552,-10.911846,99.977527,0.018245,81.25
country_12,2015-03-31,-0.289167,-0.193107,0.163107,-10.410705,85.075963,0.024715,83.5
country_12,2015-04-30,-0.289167,0.082596,-0.232596,-10.268739,106.03948,0.051014,83.5
country_12,2015-05-31,-0.289167,-0.210564,0.060564,-8.824036,92.596883,0.051306,84.0
country_12,2015-06-30,-0.289167,0.285368,-0.435368,-7.232267,107.522795,0.056297,84.5
country_12,2015-07-31,-0.289167,-0.153479,-0.076521,-6.806514,129.783154,0.021646,84.0
country_12,2015-08-31,-0.289167,-0.077692,-0.172308,-7.011952,113.930103,0.014136,84.5
country_12,2015-09-30,-0.289167,-0.316892,0.066892,-3.855098,99.53712,0.130503,84.75
country_12,2015-10-31,-0.289167,-0.336015,0.086015,-3.615213,103.872426,0.012165,84.75
country_12,2015-11-30,-0.289167,-0.310559,0.060559,-4.076307,90.572178,0.105023,84.75
country_12,2015-12-31,-0.289167,-0.300985,0.050985,-1.019758,105.466944,0.068857,85.75
country_12,2016-01-31,-0.655,-1.015885,0.765885,1.728143,110.849344,0.134409,85.75
country_12,2016-02-29,-0.655,-0.696623,0.386623,2.580096,116.231744,0.078286,85.75
country_12,2016-03-31,-0.655,-1.201429,0.801429,2.649131,93.97053,0.063374,86.0
country_12,2016-04-30,-0.655,-1.19197,0.79197,5.54014,104.692652,0.03718,86.25
country_12,2016-05-31,-0.655,-1.026911,0.626911,3.200831,111.21748,0.018209,86.0
country_12,2016-06-30,-0.655,-1.424502,1.024502,1.714768,136.11976,0.047199,85.75
country_12,2016-07-31,-0.655,-1.452817,1.052817,1.719062,112.234755,0.044198,86.0
country_12,2016-08-31,-0.655,-1.541262,1.141262,1.818528,91.216307,0.046516,86.0
country_12,2016-09-30,-0.655,-1.307532,0.907532,-1.358266,103.779642,0.025207,85.5
country_12,2016-10-31,-0.655,-1.580443,1.180443,-3.100919,100.471378,0.029449,85.75
country_12,2016-11-30,-0.655,-1.786412,1.386412,-3.499062,126.071563,0.020512,85.5
country_12,2016-12-31,-0.655,-2.140899,1.740899,-4.259038,88.914535,0.048307,85.75
country_12,2017-01-31,-0.695,-1.795541,1.395541,-3.315371,134.355855,0.050648,85.75
country_12,2017-02-28,-0.695,-2.179491,1.779491,-2.22038,131.416363,0.104637,85.25
country_12,2017-03-31,-0.695,-1.660728,1.260728,-3.514231,90.077381,0.076908,85.25
country_12,2017-04-30,-0.695,-2.269214,1.869214,-5.031732,94.550037,0.068299,84.75
country_12,2017-05-31,-0.695,-2.148814,1.748814,-4.190302,96.360199,0.060926,85.25
country_12,2017-06-30,-0.695,-2.115413,1.715413,-3.546753,80.924214,0.072239,85.5
country_12,2017-07-31,-0.695,-2.597467,2.197467,0.868347,116.46447,0.047687,85.5
country_12,2017-08-31,-0.695,-2.549288,2.149288,1.786048,82.757119,0.096133,85.25
country_12,2017-09-30,-0.695,-2.517316,2.117316,2.584174,105.009273,0.074899,85.25
country_12,2017-10-31,-0.695,-2.091871,1.691871,3.008527,99.229551,0.032465,85.25
country_12,2017-11-30,-0.695,-2.267368,1.867368,2.294158,93.359091,0.037872,85.5
country_12,2017-12-31,-0.695,-2.136105,1.736105,0.586088,82.445621,0.045691,85.5
country_12,2018-01-31,-0.685833,-1.977981,1.577981,-0.29284,122.518347,0.086768,85.0
country_12,2018-02-28,-0.685833,-2.007646,1.607646,-1.262602,131.322475,0.055798,85.0
country_12,2018-03-31,-0.685833,-2.301854,1.901854,-2.930855,102.249745,0.09217,85.0
country_12,2018-04-30,-0.685833,-2.12918,1.72918,-4.162291,105.656727,0.04751,84.5
country_12,2018-05-31,-0.685833,-2.302143,1.902143,-4.669595,115.363297,0.025212,84.5
country_12,2018-06-30,-0.685833,-2.465355,2.065355,-3.906399,101.777035,0.053695,84.5
country_12,2018-07-31,-0.685833,-2.45138,2.05138,-6.026104,106.448334,0.076848,83.75
country_12,2018-08-31,-0.685833,-2.395862,1.995862,-8.305007,104.519769,0.022394,83.5
country_12,2018-09-30,-0.685833,-2.723708,2.323708,-7.465294,114.239656,0.0126,84.0
country_12,2018-10-31,-0.685833,-2.669717,2.269717,-6.734257,107.941615,0.111221,84.0
country_12,2018-11-30,-0.685833,-2.362715,1.962715,-3.981754,105.086151,0.089009,83.75
country_12,2018-12-31,-0.685833,-2.441569,2.041569,-2.808291,115.089634,0.136118,83.25
country_12,2019-01-31,-0.419633,-2.085936,1.875936,-4.272856,115.178637,0.029749,84.0
country_12,2019-02-28,-0.419633,-2.043076,1.893076,-5.830709,99.950556,0.042489,83.75
country_12,2019-03-31,-0.419633,-2.001065,1.851065,-4.05511,91.684357,0.037541,84.25
country_12,2019-04-30,-0.419633,-2.293032,2.143032,-1.942425,83.259851,0.06715,84.0
country_12,2019-05-31,-0.419633,-2.312532,2.162532,-3.265551,106.720166,0.038683,84.0
country_12,2019-06-30,-0.419633,-1.930223,1.780223,-3.041447,83.917267,0.07766,84.25
country_12,2019-07-31,-0.419633,-1.805848,1.655848,-3.23089,114.693269,0.057517,84.5
country_12,2019-08-31,-0.419633,-1.594054,1.444054,-3.176034,144.060618,0.048668,84.0
country_12,2019-09-30,-0.419633,-1.602515,1.452515,-3.765524,96.031635,0.084149,84.5
country_12,2019-10-31,-0.419633,-1.758608,1.608608,-4.57764,109.725333,0.071471,84.5
country_12,2019-11-30,-0.419633,-1.95392,1.80392,-4.047902,118.26485,0.074824,84.5
country_12,2019-12-31,-0.419633,-1.900704,1.750704,-3.017199,90.8141,0.072808,84.75
country_12,2020-01-31,-0.136844,-1.236547,1.296547,-4.433888,100.479009,0.097066,84.75
country_12,2020-02-29,-0.136844,-0.942214,1.042214,-2.290231,117.05414,0.057958,84.5
country_12,2020-03-31,-0.136844,-0.538988,0.638988,-2.749771,183.180892,0.021378,84.5
country_12,2020-04-30,-0.136844,0.462199,-0.362199,-3.382771,149.714053,0.018569,79.0
country_12,2020-05-31,-0.136844,0.111974,-0.011974,1.760381,130.485035,0.018025,79.75
country_12,2020-06-30,-0.136844,-0.608534,0.708534,2.6653,109.681877,0.027685,80.25
country_12,2020-07-31,-0.136844,-0.427127,0.527127,3.827362,113.898853,0.063009,80.5
country_12,2020-08-31,-0.136844,-0.701379,0.801379,6.860513,107.869209,0.01781,79.5
country_12,2020-09-30,-0.136844,-0.292953,0.392953,5.337601,97.365779,0.08066,79.5
country_12,2020-10-31,-0.136844,-0.176756,0.276756,6.720318,114.58222,0.118109,80.0
country_12,2020-11-30,-0.136844,,0.190228,6.776689,83.084986,0.027532,80.0
country_12,2020-12-31,-0.136844,,0.491621,6.465343,82.217002,0.061379,79.5
country_12,2021-01-31,-0.194333,,1.583488,8.492129,114.098389,0.013269,79.0
country_12,2021-02-28,-0.194333,,1.357391,8.089608,105.828449,0.053161,84.25
country_12,2021-03-31,-0.194333,,1.686048,7.791392,91.683453,0.048035,84.5
country_12,2021-04-30,-0.194333,,2.243967,8.180002,81.2935,0.06518,85.0
country_12,2021-05-31,-0.194333,,1.830338,5.077847,95.402167,0.113585,85.0
country_12,2021-06-30,-0.194333,,1.330074,2.895657,88.471478,0.018567,84.75
country_12,2021-07-31,-0.194333,,1.380478,0.107843,116.100417,0.008963,85.25
country_12,2021-08-31,-0.194333,,2.053059,-1.239469,76.161237,0.082066,85.25
country_12,2021-09-30,-0.194333,,2.511355,0.392042,125.296604,0.032772,84.75
country_12,2021-10-31,-0.194333,,2.810321,0.401528,118.866662,0.04929,84.75
country_12,2021-11-30,-0.194333,,3.273023,-1.120556,107.836959,0.033167,84.0
country_12,2021-12-31,-0.194333,,3.869221,-3.873977,98.031487,0.148112,83.5
country_12,2022-01-31,0.743722,,3.688339,-5.756014,89.476138,0.106651,82.75
country_12,2022-02-28,0.743722,,4.291878,-6.831702,133.653371,0.241619,83.25
country_12,2022-03-31,0.743722,,5.966897,-5.965219,123.237028,0.274434,83.25
country_12,2022-04-30,0.743722,,6.360726,-4.917873,116.025349,0.274116,82.25
country_12,2022-05-31,0.743722,,7.266015,-6.36258,132.45211,0.548922,82.25
country_12,2022-06-30,0.743722,,8.680995,-6.375546,87.456016,0.406169,82.0
country_12,2022-07-31,0.743722,,8.488436,-6.365684,128.777443,0.15104,82.0
country_12,2022-08-31,0.743722,,9.83169,-4.627905,168.664938,0.124349,80.0
country_12,2022-09-30,0.743722,,10.837588,-6.755833,135.829942,0.270987,79.25
country_12,2022-10-31,0.743722,,10.853326,-8.505657,137.162514,0.164717,80.25
country_12,2022-11-30,0.743722,,11.464495,-6.252442,105.819648,0.142539,81.0
country_12,2022-12-31,0.743722,,12.338702,-3.247846,107.484436,0.105387,81.25
country_12,2023-01-31,3.567475,,11.678424,-4.213512,129.144757,0.170584,81.5
country_12,2023-02-28,3.567475,,11.952713,-1.740474,98.618662,0.140093,81.0
country_12,2023-03-31,3.567475,,10.639215,-1.642732,113.957573,0.129732,81.0
country_12,2023-04-30,3.567475,,10.47175,-3.025657,99.169875,0.116732,80.0
country_12,2023-05-31,3.567475,,9.668735,-1.86162,73.378796,0.15146,80.0
country_12,2023-06-30,3.567475,,9.311171,-3.161277,91.385623,0.128448,80.25
country_12,2023-07-31,3.567475,,9.262555,-1.4852,112.641358,0.304272,80.25
country_12,2023-08-31,3.567475,,7.453416,-4.903876,83.3302,0.091008,80.25
country_12,2023-09-30,3.567475,,6.482049,-3.392315,96.740509,0.133099,80.0
country_12,2023-10-31,3.567475,,6.517484,-0.021322,96.599171,0.167194,79.75
country_12,2023-11-30,3.567475,,5.779366,-0.562734,113.260312,0.037549,79.0
country_12,2023-12-31,3.567475,,4.389341,1.21789,108.879375,0.122297,79.0
country_12,2024-01-31,3.668879,,5.425326,3.584646,122.250484,0.125266,79.125
country_12,2024-02-29,3.668879,,4.53236,2.400168,80.983553,0.104691,79.25
country_12,2024-03-31,3.668879,,4.064571,2.121849,117.0763,0.129088,79.25
country_12,2024-04-30,3.668879,,3.893221,-0.189733,171.262734,0.132903,79.25
country_12,2024-05-31,3.668879,,3.736343,-0.421541,184.164421,0.116222,79.25
country_12,2024-06-30,3.668879,,2.557445,3.831746,173.434379,0.107786,79.25
country_12,2024-07-31,3.668879,,2.600646,0.923665,229.011641,0.086218,79.25
country_12,2024-08-31,3.668879,,1.923824,2.843243,191.11852,0.069629,80.75
country_12,2024-09-30,3.668879,,1.597868,4.118348,202.177624,0.058552,80.75
country_12,2024-10-31,3.668879,,1.574351,1.663468,204.928419,0.098924,80.75
country_12,2024-11-30,3.668879,,1.559666,-1.509118,282.59266,0.144827,80.75
country_12,2024-12-31,3.668879,,0.815242,-4.87361,327.575037,0.104319,80.75
